#
# There is insufficient memory for the Java Runtime Environment to continue.
# Native memory allocation (malloc) failed to allocate 80016 bytes. Error detail: Chunk::new
# Possible reasons:
#   The system is out of physical RAM or swap space
#   This process is running with CompressedOops enabled, and the Java Heap may be blocking the growth of the native heap
# Possible solutions:
#   Reduce memory load on the system
#   Increase physical memory or swap space
#   Check if swap backing store is full
#   Decrease Java heap size (-Xmx/-Xms)
#   Decrease number of Java threads
#   Decrease Java thread stack sizes (-Xss)
#   Set larger code cache with -XX:ReservedCodeCacheSize=
#   JVM is running with Zero Based Compressed Oops mode in which the Java heap is
#     placed in the first 32GB address space. The Java Heap base address is the
#     maximum limit for the native heap growth. Please use -XX:HeapBaseMinAddress
#     to set the Java Heap base and to place the Java Heap above 32GB virtual address.
# This output file may be truncated or incomplete.
#
#  Out of Memory Error (arena.cpp:168), pid=25636, tid=2540
#
# JRE version: OpenJDK Runtime Environment Temurin-21.0.9+10 (21.0.9+10) (build 21.0.9+10-LTS)
# Java VM: OpenJDK 64-Bit Server VM Temurin-21.0.9+10 (21.0.9+10-LTS, mixed mode, sharing, tiered, compressed oops, compressed class ptrs, g1 gc, windows-amd64)
# No core dump will be written. Minidumps are not enabled by default on client versions of Windows
#

---------------  S U M M A R Y ------------

Command Line: --add-opens=java.base/java.util=ALL-UNNAMED --add-opens=java.base/java.lang=ALL-UNNAMED --add-opens=java.base/java.lang.invoke=ALL-UNNAMED --add-opens=java.prefs/java.util.prefs=ALL-UNNAMED --add-opens=java.base/java.nio.charset=ALL-UNNAMED --add-opens=java.base/java.net=ALL-UNNAMED --add-opens=java.base/java.util.concurrent.atomic=ALL-UNNAMED -Xmx3G -Dfile.encoding=UTF-8 -Duser.country=FR -Duser.language=fr -Duser.variant -javaagent:C:\Users\Seusyn\.gradle\wrapper\dists\gradle-8.8-bin\dl7vupf4psengwqhwktix4v1\gradle-8.8\lib\agents\gradle-instrumentation-agent-8.8.jar org.gradle.launcher.daemon.bootstrap.GradleDaemon 8.8

Host: Intel(R) Celeron(R) G4900 CPU @ 3.10GHz, 2 cores, 15G,  Windows 10 , 64 bit Build 19041 (10.0.19041.5915)
Time: Sun Mar 29 10:15:35 2026 elapsed time: 286.953489 seconds (0d 0h 4m 46s)

---------------  T H R E A D  ---------------

Current thread (0x0000024dd0bb69f0):  JavaThread "C2 CompilerThread0" daemon [_thread_in_native, id=2540, stack(0x000000fcbb600000,0x000000fcbb700000) (1024K)]


Current CompileTask:
C2:286953 13905       4       org.gradle.internal.logging.sink.LogEventDispatcher::onOutput (60 bytes)

Stack: [0x000000fcbb600000,0x000000fcbb700000]
Native frames: (J=compiled Java code, j=interpreted, Vv=VM code, C=native code)
V  [jvm.dll+0x6d6e29]
V  [jvm.dll+0x8b4b76]
V  [jvm.dll+0x8b712e]
V  [jvm.dll+0x8b7813]
V  [jvm.dll+0x283d86]
V  [jvm.dll+0xc66ed]
V  [jvm.dll+0xc6c31]
V  [jvm.dll+0x14210f]
V  [jvm.dll+0x65f832]
V  [jvm.dll+0x663d13]
V  [jvm.dll+0x24be1b]
V  [jvm.dll+0x24b580]
V  [jvm.dll+0x1cb13e]
V  [jvm.dll+0x25b29d]
V  [jvm.dll+0x25982a]
V  [jvm.dll+0x3f7ea6]
V  [jvm.dll+0x85e9ad]
V  [jvm.dll+0x6d565d]
C  [ucrtbase.dll+0x21bb2]
C  [KERNEL32.DLL+0x17374]
C  [ntdll.dll+0x4cc91]


---------------  P R O C E S S  ---------------

Threads class SMR info:
_java_thread_list=0x0000024e17e70a80, length=59, elements={
0x0000024db1571c00, 0x0000024dd0baf4b0, 0x0000024dd0bb3330, 0x0000024dd0bb3d80,
0x0000024dd0bb47d0, 0x0000024dd0bb5220, 0x0000024dd0bb5c70, 0x0000024dd0bb69f0,
0x0000024dd0bd4fd0, 0x0000024e1616a0d0, 0x0000024e16171950, 0x0000024e177064c0,
0x0000024e17841f70, 0x0000024e176ee7b0, 0x0000024e178bcdd0, 0x0000024dd0c31090,
0x0000024e16786c80, 0x0000024e16785f60, 0x0000024e167865f0, 0x0000024e167879a0,
0x0000024e16787310, 0x0000024e19894bb0, 0x0000024e19894520, 0x0000024e19893e90,
0x0000024e18137ff0, 0x0000024e19ef02e0, 0x0000024e19ef1690, 0x0000024e19eec140,
0x0000024e19ef1d20, 0x0000024e19eee210, 0x0000024e19ef3760, 0x0000024e19eee8a0,
0x0000024e19eeef30, 0x0000024e19eef5c0, 0x0000024e19eed4f0, 0x0000024e19ef1000,
0x0000024e19eec7d0, 0x0000024e19eece60, 0x0000024e18139a30, 0x0000024e181372d0,
0x0000024e18135890, 0x0000024e18138680, 0x0000024e18138d10, 0x0000024e18135f20,
0x0000024e181365b0, 0x0000024e18132aa0, 0x0000024e181337c0, 0x0000024e1aa78230,
0x0000024e1aa7bd40, 0x0000024e1aa7ca60, 0x0000024e1aa788c0, 0x0000024e1aa7d780,
0x0000024e1aa7e4a0, 0x0000024e1aa78f50, 0x0000024e1aa77510, 0x0000024e1aa79c70,
0x0000024e1aa7d0f0, 0x0000024e1aa7a990, 0x0000024e1aa7b020
}

Java Threads: ( => current thread )
  0x0000024db1571c00 JavaThread "main"                              [_thread_blocked, id=25288, stack(0x000000fcba700000,0x000000fcba800000) (1024K)]
  0x0000024dd0baf4b0 JavaThread "Reference Handler"          daemon [_thread_blocked, id=22728, stack(0x000000fcbb000000,0x000000fcbb100000) (1024K)]
  0x0000024dd0bb3330 JavaThread "Finalizer"                  daemon [_thread_blocked, id=23728, stack(0x000000fcbb100000,0x000000fcbb200000) (1024K)]
  0x0000024dd0bb3d80 JavaThread "Signal Dispatcher"          daemon [_thread_blocked, id=23376, stack(0x000000fcbb200000,0x000000fcbb300000) (1024K)]
  0x0000024dd0bb47d0 JavaThread "Attach Listener"            daemon [_thread_blocked, id=22016, stack(0x000000fcbb300000,0x000000fcbb400000) (1024K)]
  0x0000024dd0bb5220 JavaThread "Service Thread"             daemon [_thread_blocked, id=21208, stack(0x000000fcbb400000,0x000000fcbb500000) (1024K)]
  0x0000024dd0bb5c70 JavaThread "Monitor Deflation Thread"   daemon [_thread_blocked, id=15464, stack(0x000000fcbb500000,0x000000fcbb600000) (1024K)]
=>0x0000024dd0bb69f0 JavaThread "C2 CompilerThread0"         daemon [_thread_in_native, id=2540, stack(0x000000fcbb600000,0x000000fcbb700000) (1024K)]
  0x0000024dd0bd4fd0 JavaThread "C1 CompilerThread0"         daemon [_thread_blocked, id=9872, stack(0x000000fcbb700000,0x000000fcbb800000) (1024K)]
  0x0000024e1616a0d0 JavaThread "Common-Cleaner"             daemon [_thread_blocked, id=19176, stack(0x000000fcbb800000,0x000000fcbb900000) (1024K)]
  0x0000024e16171950 JavaThread "Notification Thread"        daemon [_thread_blocked, id=17100, stack(0x000000fcbb900000,0x000000fcbba00000) (1024K)]
  0x0000024e177064c0 JavaThread "Daemon health stats"               [_thread_blocked, id=12604, stack(0x000000fcbbb00000,0x000000fcbbc00000) (1024K)]
  0x0000024e17841f70 JavaThread "Incoming local TCP Connector on port 60688"        [_thread_in_native, id=17624, stack(0x000000fcbbc00000,0x000000fcbbd00000) (1024K)]
  0x0000024e176ee7b0 JavaThread "Daemon periodic checks"            [_thread_blocked, id=16784, stack(0x000000fcbbd00000,0x000000fcbbe00000) (1024K)]
  0x0000024e178bcdd0 JavaThread "Daemon"                            [_thread_blocked, id=2596, stack(0x000000fcbbe00000,0x000000fcbbf00000) (1024K)]
  0x0000024dd0c31090 JavaThread "Daemon worker"                     [_thread_blocked, id=8260, stack(0x000000fcbc100000,0x000000fcbc200000) (1024K)]
  0x0000024e16786c80 JavaThread "Cache worker for journal cache (C:\Users\Seusyn\.gradle\caches\journal-1)"        [_thread_blocked, id=1164, stack(0x000000fcbc500000,0x000000fcbc600000) (1024K)]
  0x0000024e16785f60 JavaThread "File lock request listener"        [_thread_in_native, id=23924, stack(0x000000fcbc600000,0x000000fcbc700000) (1024K)]
  0x0000024e167865f0 JavaThread "Cache worker for file hash cache (C:\Users\Seusyn\.gradle\caches\8.8\fileHashes)"        [_thread_blocked, id=19556, stack(0x000000fcbc700000,0x000000fcbc800000) (1024K)]
  0x0000024e167879a0 JavaThread "File watcher server"        daemon [_thread_in_native, id=25064, stack(0x000000fcbc900000,0x000000fcbca00000) (1024K)]
  0x0000024e16787310 JavaThread "File watcher consumer"      daemon [_thread_blocked, id=12020, stack(0x000000fcbca00000,0x000000fcbcb00000) (1024K)]
  0x0000024e19894bb0 JavaThread "Cache worker for file content cache (C:\Users\Seusyn\.gradle\caches\8.8\fileContent)"        [_thread_blocked, id=23828, stack(0x000000fcbcc00000,0x000000fcbcd00000) (1024K)]
  0x0000024e19894520 JavaThread "jar transforms"                    [_thread_blocked, id=21576, stack(0x000000fcbcf00000,0x000000fcbd000000) (1024K)]
  0x0000024e19893e90 JavaThread "jar transforms Thread 2"           [_thread_blocked, id=24932, stack(0x000000fcbd000000,0x000000fcbd100000) (1024K)]
  0x0000024e18137ff0 JavaThread "Memory manager"                    [_thread_blocked, id=14008, stack(0x000000fcbdb00000,0x000000fcbdc00000) (1024K)]
  0x0000024e19ef02e0 JavaThread "VFS cleanup"                       [_thread_blocked, id=18484, stack(0x000000fcba800000,0x000000fcba900000) (1024K)]
  0x0000024e19ef1690 JavaThread "Handler for socket connection from /127.0.0.1:60688 to /127.0.0.1:60766"        [_thread_in_native, id=6868, stack(0x000000fcbbf00000,0x000000fcbc000000) (1024K)]
  0x0000024e19eec140 JavaThread "Cancel handler"                    [_thread_blocked, id=20464, stack(0x000000fcbc000000,0x000000fcbc100000) (1024K)]
  0x0000024e19ef1d20 JavaThread "Asynchronous log dispatcher for DefaultDaemonConnection: socket connection from /127.0.0.1:60688 to /127.0.0.1:60766"        [_thread_blocked, id=9840, stack(0x000000fcbc200000,0x000000fcbc300000) (1024K)]
  0x0000024e19eee210 JavaThread "Stdin handler"                     [_thread_blocked, id=22532, stack(0x000000fcbc300000,0x000000fcbc400000) (1024K)]
  0x0000024e19ef3760 JavaThread "Daemon client event forwarder"        [_thread_blocked, id=7028, stack(0x000000fcbc400000,0x000000fcbc500000) (1024K)]
  0x0000024e19eee8a0 JavaThread "Cache worker for file hash cache (C:\Users\Seusyn\Documents\Magius World\.gradle\8.8\fileHashes)"        [_thread_blocked, id=20216, stack(0x000000fcbc800000,0x000000fcbc900000) (1024K)]
  0x0000024e19eeef30 JavaThread "Cache worker for checksums cache (C:\Users\Seusyn\Documents\Magius World\.gradle\8.8\checksums)"        [_thread_blocked, id=21348, stack(0x000000fcbcb00000,0x000000fcbcc00000) (1024K)]
  0x0000024e19eef5c0 JavaThread "Cache worker for cache directory md-rule (C:\Users\Seusyn\.gradle\caches\8.8\md-rule)"        [_thread_blocked, id=9144, stack(0x000000fcbcd00000,0x000000fcbce00000) (1024K)]
  0x0000024e19eed4f0 JavaThread "Cache worker for cache directory md-supplier (C:\Users\Seusyn\.gradle\caches\8.8\md-supplier)"        [_thread_blocked, id=23104, stack(0x000000fcbce00000,0x000000fcbcf00000) (1024K)]
  0x0000024e19ef1000 JavaThread "Unconstrained build operations"        [_thread_blocked, id=21864, stack(0x000000fcbd100000,0x000000fcbd200000) (1024K)]
  0x0000024e19eec7d0 JavaThread "Unconstrained build operations Thread 2"        [_thread_blocked, id=17728, stack(0x000000fcbd200000,0x000000fcbd300000) (1024K)]
  0x0000024e19eece60 JavaThread "Cache worker for Build Output Cleanup Cache (C:\Users\Seusyn\Documents\Magius World\.gradle\buildOutputCleanup)"        [_thread_blocked, id=22436, stack(0x000000fcbd300000,0x000000fcbd400000) (1024K)]
  0x0000024e18139a30 JavaThread "Unconstrained build operations Thread 3"        [_thread_blocked, id=21344, stack(0x000000fcbd400000,0x000000fcbd500000) (1024K)]
  0x0000024e181372d0 JavaThread "Unconstrained build operations Thread 4"        [_thread_blocked, id=16704, stack(0x000000fcbd500000,0x000000fcbd600000) (1024K)]
  0x0000024e18135890 JavaThread "Unconstrained build operations Thread 5"        [_thread_blocked, id=26584, stack(0x000000fcbd700000,0x000000fcbd800000) (1024K)]
  0x0000024e18138680 JavaThread "Unconstrained build operations Thread 6"        [_thread_blocked, id=10832, stack(0x000000fcbd800000,0x000000fcbd900000) (1024K)]
  0x0000024e18138d10 JavaThread "Unconstrained build operations Thread 7"        [_thread_blocked, id=1584, stack(0x000000fcbd900000,0x000000fcbda00000) (1024K)]
  0x0000024e18135f20 JavaThread "ForkJoinPool.commonPool-worker-3" daemon [_thread_blocked, id=6732, stack(0x000000fcbda00000,0x000000fcbdb00000) (1024K)]
  0x0000024e181365b0 JavaThread "included builds"                   [_thread_blocked, id=14296, stack(0x000000fcbdc00000,0x000000fcbdd00000) (1024K)]
  0x0000024e18132aa0 JavaThread "Execution worker"                  [_thread_blocked, id=6032, stack(0x000000fcbdd00000,0x000000fcbde00000) (1024K)]
  0x0000024e181337c0 JavaThread "Cache worker for execution history cache (C:\Users\Seusyn\Documents\Magius World\.gradle\8.8\executionHistory)"        [_thread_blocked, id=14992, stack(0x000000fcbde00000,0x000000fcbdf00000) (1024K)]
  0x0000024e1aa78230 JavaThread "Unconstrained build operations Thread 8"        [_thread_blocked, id=16756, stack(0x000000fcbdf00000,0x000000fcbe000000) (1024K)]
  0x0000024e1aa7bd40 JavaThread "Cache worker for Java compile cache (C:\Users\Seusyn\.gradle\caches\8.8\javaCompile)"        [_thread_blocked, id=20088, stack(0x000000fcbe000000,0x000000fcbe100000) (1024K)]
  0x0000024e1aa7ca60 JavaThread "Incoming local TCP Connector on port 60778"        [_thread_blocked, id=6652, stack(0x000000fcbe100000,0x000000fcbe200000) (1024K)]
  0x0000024e1aa788c0 JavaThread "Exec process Thread 4"             [_thread_in_native, id=14520, stack(0x000000fcbe200000,0x000000fcbe300000) (1024K)]
  0x0000024e1aa7d780 JavaThread "Exec process Thread 5"             [_thread_blocked, id=14204, stack(0x000000fcbe400000,0x000000fcbe500000) (1024K)]
  0x0000024e1aa7e4a0 JavaThread "Exec process Thread 6"             [_thread_in_native, id=5044, stack(0x000000fcbe500000,0x000000fcbe600000) (1024K)]
  0x0000024e1aa78f50 JavaThread "Exec process Thread 7"             [_thread_in_native, id=21320, stack(0x000000fcbe600000,0x000000fcbe700000) (1024K)]
  0x0000024e1aa77510 JavaThread "/127.0.0.1:60778 to /127.0.0.1:60780 workers"        [_thread_blocked, id=3644, stack(0x000000fcbe300000,0x000000fcbe400000) (1024K)]
  0x0000024e1aa79c70 JavaThread "/127.0.0.1:60778 to /127.0.0.1:60780 workers Thread 2"        [_thread_blocked, id=22552, stack(0x000000fcbe700000,0x000000fcbe800000) (1024K)]
  0x0000024e1aa7d0f0 JavaThread "/127.0.0.1:60778 to /127.0.0.1:60780 workers Thread 3"        [_thread_blocked, id=1088, stack(0x000000fcbe800000,0x000000fcbe900000) (1024K)]
  0x0000024e1aa7a990 JavaThread "/127.0.0.1:60778 to /127.0.0.1:60780 workers Thread 4"        [_thread_blocked, id=23192, stack(0x000000fcbeb00000,0x000000fcbec00000) (1024K)]
  0x0000024e1aa7b020 JavaThread "/127.0.0.1:60778 to /127.0.0.1:60780 workers Thread 5"        [_thread_in_native, id=24908, stack(0x000000fcbec00000,0x000000fcbed00000) (1024K)]
Total: 59

Other Threads:
  0x0000024dd0b8f830 VMThread "VM Thread"                           [id=12664, stack(0x000000fcbaf00000,0x000000fcbb000000) (1024K)]
  0x0000024dd0b7c8f0 WatcherThread "VM Periodic Task Thread"        [id=25576, stack(0x000000fcbae00000,0x000000fcbaf00000) (1024K)]
  0x0000024db17f33c0 WorkerThread "GC Thread#0"                     [id=16996, stack(0x000000fcba900000,0x000000fcbaa00000) (1024K)]
  0x0000024e162f4f90 WorkerThread "GC Thread#1"                     [id=18892, stack(0x000000fcbba00000,0x000000fcbbb00000) (1024K)]
  0x0000024db18002b0 ConcurrentGCThread "G1 Main Marker"            [id=14144, stack(0x000000fcbaa00000,0x000000fcbab00000) (1024K)]
  0x0000024db1800e70 WorkerThread "G1 Conc#0"                       [id=19016, stack(0x000000fcbab00000,0x000000fcbac00000) (1024K)]
  0x0000024db186e5b0 ConcurrentGCThread "G1 Refine#0"               [id=10676, stack(0x000000fcbac00000,0x000000fcbad00000) (1024K)]
  0x0000024dd0a543d0 ConcurrentGCThread "G1 Service"                [id=22420, stack(0x000000fcbad00000,0x000000fcbae00000) (1024K)]
Total: 8

Threads with active compile tasks:
C2 CompilerThread0  286993 13905       4       org.gradle.internal.logging.sink.LogEventDispatcher::onOutput (60 bytes)
Total: 1

VM state: not at safepoint (normal execution)

VM Mutex/Monitor currently owned by a thread: None

Heap address: 0x0000000740000000, size: 3072 MB, Compressed Oops mode: Zero based, Oop shift amount: 3

CDS archive(s) mapped at: [0x0000024dd1000000-0x0000024dd1c80000-0x0000024dd1c80000), size 13107200, SharedBaseAddress: 0x0000024dd1000000, ArchiveRelocationMode: 1.
Compressed class space mapped at: 0x0000024dd2000000-0x0000024e12000000, reserved size: 1073741824
Narrow klass base: 0x0000024dd1000000, Narrow klass shift: 0, Narrow klass range: 0x100000000

GC Precious Log:
 CardTable entry size: 512
 Card Set container configuration: InlinePtr #cards 4 size 8 Array Of Cards #cards 16 size 48 Howl #buckets 8 coarsen threshold 3686 Howl Bitmap #cards 512 size 80 coarsen threshold 460 Card regions per heap region 1 cards per card region 4096
 CPUs: 2 total, 2 available
 Memory: 16251M
 Large Page Support: Disabled
 NUMA Support: Disabled
 Compressed Oops: Enabled (Zero based)
 Heap Region Size: 2M
 Heap Min Capacity: 8M
 Heap Initial Capacity: 254M
 Heap Max Capacity: 3G
 Pre-touch: Disabled
 Parallel Workers: 2
 Concurrent Workers: 1
 Concurrent Refinement Workers: 2
 Periodic GC: Disabled

Heap:
 garbage-first heap   total 745472K, used 406528K [0x0000000740000000, 0x0000000800000000)
  region size 2048K, 22 young (45056K), 9 survivors (18432K)
 Metaspace       used 87824K, committed 90112K, reserved 1179648K
  class space    used 12619K, committed 13696K, reserved 1048576K

Heap Regions: E=young(eden), S=young(survivor), O=old, HS=humongous(starts), HC=humongous(continues), CS=collection set, F=free, TAMS=top-at-mark-start, PB=parsable bottom
|   0|0x0000000740000000, 0x0000000740200000, 0x0000000740200000|100%|HS|  |TAMS 0x0000000740000000| PB 0x0000000740000000| Complete 
|   1|0x0000000740200000, 0x0000000740400000, 0x0000000740400000|100%|HC|  |TAMS 0x0000000740200000| PB 0x0000000740200000| Complete 
|   2|0x0000000740400000, 0x0000000740600000, 0x0000000740600000|100%| O|  |TAMS 0x0000000740400000| PB 0x0000000740400000| Untracked 
|   3|0x0000000740600000, 0x0000000740800000, 0x0000000740800000|100%| O|  |TAMS 0x0000000740600000| PB 0x0000000740600000| Untracked 
|   4|0x0000000740800000, 0x0000000740a00000, 0x0000000740a00000|100%| O|  |TAMS 0x0000000740800000| PB 0x0000000740800000| Untracked 
|   5|0x0000000740a00000, 0x0000000740c00000, 0x0000000740c00000|100%| O|  |TAMS 0x0000000740a00000| PB 0x0000000740a00000| Untracked 
|   6|0x0000000740c00000, 0x0000000740e00000, 0x0000000740e00000|100%| O|  |TAMS 0x0000000740c00000| PB 0x0000000740c00000| Untracked 
|   7|0x0000000740e00000, 0x0000000741000000, 0x0000000741000000|100%| O|  |TAMS 0x0000000740e00000| PB 0x0000000740e00000| Untracked 
|   8|0x0000000741000000, 0x0000000741200000, 0x0000000741200000|100%| O|  |TAMS 0x0000000741000000| PB 0x0000000741000000| Untracked 
|   9|0x0000000741200000, 0x0000000741400000, 0x0000000741400000|100%| O|  |TAMS 0x0000000741200000| PB 0x0000000741200000| Untracked 
|  10|0x0000000741400000, 0x0000000741600000, 0x0000000741600000|100%| O|  |TAMS 0x0000000741400000| PB 0x0000000741400000| Untracked 
|  11|0x0000000741600000, 0x0000000741800000, 0x0000000741800000|100%| O|  |TAMS 0x0000000741600000| PB 0x0000000741600000| Untracked 
|  12|0x0000000741800000, 0x0000000741a00000, 0x0000000741a00000|100%| O|  |TAMS 0x0000000741800000| PB 0x0000000741800000| Untracked 
|  13|0x0000000741a00000, 0x0000000741c00000, 0x0000000741c00000|100%| O|  |TAMS 0x0000000741a00000| PB 0x0000000741a00000| Untracked 
|  14|0x0000000741c00000, 0x0000000741e00000, 0x0000000741e00000|100%| O|  |TAMS 0x0000000741c00000| PB 0x0000000741c00000| Untracked 
|  15|0x0000000741e00000, 0x0000000742000000, 0x0000000742000000|100%| O|  |TAMS 0x0000000741e00000| PB 0x0000000741e00000| Untracked 
|  16|0x0000000742000000, 0x0000000742200000, 0x0000000742200000|100%| O|  |TAMS 0x0000000742000000| PB 0x0000000742000000| Untracked 
|  17|0x0000000742200000, 0x0000000742400000, 0x0000000742400000|100%| O|  |TAMS 0x0000000742200000| PB 0x0000000742200000| Untracked 
|  18|0x0000000742400000, 0x0000000742600000, 0x0000000742600000|100%| O|  |TAMS 0x0000000742400000| PB 0x0000000742400000| Untracked 
|  19|0x0000000742600000, 0x0000000742800000, 0x0000000742800000|100%| O|  |TAMS 0x0000000742600000| PB 0x0000000742600000| Untracked 
|  20|0x0000000742800000, 0x0000000742a00000, 0x0000000742a00000|100%|HS|  |TAMS 0x0000000742800000| PB 0x0000000742800000| Complete 
|  21|0x0000000742a00000, 0x0000000742c00000, 0x0000000742c00000|100%| O|  |TAMS 0x0000000742a00000| PB 0x0000000742a00000| Untracked 
|  22|0x0000000742c00000, 0x0000000742e00000, 0x0000000742e00000|100%| O|  |TAMS 0x0000000742c00000| PB 0x0000000742c00000| Untracked 
|  23|0x0000000742e00000, 0x0000000743000000, 0x0000000743000000|100%| O|  |TAMS 0x0000000742e00000| PB 0x0000000742e00000| Untracked 
|  24|0x0000000743000000, 0x0000000743200000, 0x0000000743200000|100%| O|  |TAMS 0x0000000743000000| PB 0x0000000743000000| Untracked 
|  25|0x0000000743200000, 0x0000000743400000, 0x0000000743400000|100%| O|  |TAMS 0x0000000743200000| PB 0x0000000743200000| Untracked 
|  26|0x0000000743400000, 0x0000000743600000, 0x0000000743600000|100%| O|  |TAMS 0x0000000743400000| PB 0x0000000743400000| Untracked 
|  27|0x0000000743600000, 0x0000000743800000, 0x0000000743800000|100%| O|  |TAMS 0x0000000743600000| PB 0x0000000743600000| Untracked 
|  28|0x0000000743800000, 0x0000000743a00000, 0x0000000743a00000|100%| O|  |TAMS 0x0000000743800000| PB 0x0000000743800000| Untracked 
|  29|0x0000000743a00000, 0x0000000743c00000, 0x0000000743c00000|100%| O|  |TAMS 0x0000000743a00000| PB 0x0000000743a00000| Untracked 
|  30|0x0000000743c00000, 0x0000000743e00000, 0x0000000743e00000|100%| O|  |TAMS 0x0000000743c00000| PB 0x0000000743c00000| Untracked 
|  31|0x0000000743e00000, 0x0000000744000000, 0x0000000744000000|100%| O|  |TAMS 0x0000000743e00000| PB 0x0000000743e00000| Untracked 
|  32|0x0000000744000000, 0x0000000744200000, 0x0000000744200000|100%| O|  |TAMS 0x0000000744000000| PB 0x0000000744000000| Untracked 
|  33|0x0000000744200000, 0x0000000744400000, 0x0000000744400000|100%| O|  |TAMS 0x0000000744200000| PB 0x0000000744200000| Untracked 
|  34|0x0000000744400000, 0x0000000744600000, 0x0000000744600000|100%| O|  |TAMS 0x0000000744400000| PB 0x0000000744400000| Untracked 
|  35|0x0000000744600000, 0x0000000744800000, 0x0000000744800000|100%| O|  |TAMS 0x0000000744600000| PB 0x0000000744600000| Untracked 
|  36|0x0000000744800000, 0x0000000744a00000, 0x0000000744a00000|100%| O|  |TAMS 0x0000000744800000| PB 0x0000000744800000| Untracked 
|  37|0x0000000744a00000, 0x0000000744c00000, 0x0000000744c00000|100%| O|  |TAMS 0x0000000744a00000| PB 0x0000000744a00000| Untracked 
|  38|0x0000000744c00000, 0x0000000744e00000, 0x0000000744e00000|100%| O|  |TAMS 0x0000000744c00000| PB 0x0000000744c00000| Untracked 
|  39|0x0000000744e00000, 0x0000000745000000, 0x0000000745000000|100%| O|  |TAMS 0x0000000744e00000| PB 0x0000000744e00000| Untracked 
|  40|0x0000000745000000, 0x0000000745200000, 0x0000000745200000|100%|HS|  |TAMS 0x0000000745000000| PB 0x0000000745000000| Complete 
|  41|0x0000000745200000, 0x0000000745400000, 0x0000000745400000|100%|HS|  |TAMS 0x0000000745200000| PB 0x0000000745200000| Complete 
|  42|0x0000000745400000, 0x0000000745600000, 0x0000000745600000|100%| O|Cm|TAMS 0x0000000745400000| PB 0x0000000745400000| Complete 
|  43|0x0000000745600000, 0x0000000745800000, 0x0000000745800000|100%|HS|  |TAMS 0x0000000745600000| PB 0x0000000745600000| Complete 
|  44|0x0000000745800000, 0x0000000745a00000, 0x0000000745a00000|100%|HS|  |TAMS 0x0000000745800000| PB 0x0000000745800000| Complete 
|  45|0x0000000745a00000, 0x0000000745c00000, 0x0000000745c00000|100%|HS|  |TAMS 0x0000000745a00000| PB 0x0000000745a00000| Complete 
|  46|0x0000000745c00000, 0x0000000745e00000, 0x0000000745e00000|100%|HS|  |TAMS 0x0000000745c00000| PB 0x0000000745c00000| Complete 
|  47|0x0000000745e00000, 0x0000000746000000, 0x0000000746000000|100%|HC|  |TAMS 0x0000000745e00000| PB 0x0000000745e00000| Complete 
|  48|0x0000000746000000, 0x0000000746200000, 0x0000000746200000|100%|HS|  |TAMS 0x0000000746000000| PB 0x0000000746000000| Complete 
|  49|0x0000000746200000, 0x0000000746400000, 0x0000000746400000|100%| O|  |TAMS 0x0000000746200000| PB 0x0000000746200000| Untracked 
|  50|0x0000000746400000, 0x0000000746600000, 0x0000000746600000|100%| O|  |TAMS 0x0000000746400000| PB 0x0000000746400000| Untracked 
|  51|0x0000000746600000, 0x0000000746800000, 0x0000000746800000|100%|HS|  |TAMS 0x0000000746600000| PB 0x0000000746600000| Complete 
|  52|0x0000000746800000, 0x0000000746a00000, 0x0000000746a00000|100%| O|  |TAMS 0x0000000746800000| PB 0x0000000746800000| Untracked 
|  53|0x0000000746a00000, 0x0000000746c00000, 0x0000000746c00000|100%|HS|  |TAMS 0x0000000746a00000| PB 0x0000000746a00000| Complete 
|  54|0x0000000746c00000, 0x0000000746e00000, 0x0000000746e00000|100%| O|Cm|TAMS 0x0000000746c00000| PB 0x0000000746c00000| Complete 
|  55|0x0000000746e00000, 0x0000000747000000, 0x0000000747000000|100%|HS|  |TAMS 0x0000000746e00000| PB 0x0000000746e00000| Complete 
|  56|0x0000000747000000, 0x0000000747200000, 0x0000000747200000|100%|HC|  |TAMS 0x0000000747000000| PB 0x0000000747000000| Complete 
|  57|0x0000000747200000, 0x0000000747400000, 0x0000000747400000|100%|HS|  |TAMS 0x0000000747200000| PB 0x0000000747200000| Complete 
|  58|0x0000000747400000, 0x0000000747600000, 0x0000000747600000|100%|HC|  |TAMS 0x0000000747400000| PB 0x0000000747400000| Complete 
|  59|0x0000000747600000, 0x0000000747800000, 0x0000000747800000|100%|HS|  |TAMS 0x0000000747600000| PB 0x0000000747600000| Complete 
|  60|0x0000000747800000, 0x0000000747a00000, 0x0000000747a00000|100%| O|  |TAMS 0x0000000747800000| PB 0x0000000747800000| Untracked 
|  61|0x0000000747a00000, 0x0000000747c00000, 0x0000000747c00000|100%|HS|  |TAMS 0x0000000747a00000| PB 0x0000000747a00000| Complete 
|  62|0x0000000747c00000, 0x0000000747e00000, 0x0000000747e00000|100%|HC|  |TAMS 0x0000000747c00000| PB 0x0000000747c00000| Complete 
|  63|0x0000000747e00000, 0x0000000748000000, 0x0000000748000000|100%|HS|  |TAMS 0x0000000747e00000| PB 0x0000000747e00000| Complete 
|  64|0x0000000748000000, 0x0000000748200000, 0x0000000748200000|100%|HS|  |TAMS 0x0000000748000000| PB 0x0000000748000000| Complete 
|  65|0x0000000748200000, 0x0000000748400000, 0x0000000748400000|100%| O|  |TAMS 0x0000000748200000| PB 0x0000000748200000| Untracked 
|  66|0x0000000748400000, 0x0000000748600000, 0x0000000748600000|100%|HS|  |TAMS 0x0000000748400000| PB 0x0000000748400000| Complete 
|  67|0x0000000748600000, 0x0000000748800000, 0x0000000748800000|100%| O|  |TAMS 0x0000000748600000| PB 0x0000000748600000| Untracked 
|  68|0x0000000748800000, 0x0000000748a00000, 0x0000000748a00000|100%|HS|  |TAMS 0x0000000748800000| PB 0x0000000748800000| Complete 
|  69|0x0000000748a00000, 0x0000000748c00000, 0x0000000748c00000|100%| O|Cm|TAMS 0x0000000748a00000| PB 0x0000000748a00000| Complete 
|  70|0x0000000748c00000, 0x0000000748e00000, 0x0000000748e00000|100%|HS|  |TAMS 0x0000000748c00000| PB 0x0000000748c00000| Complete 
|  71|0x0000000748e00000, 0x0000000749000000, 0x0000000749000000|100%|HC|  |TAMS 0x0000000748e00000| PB 0x0000000748e00000| Complete 
|  72|0x0000000749000000, 0x0000000749200000, 0x0000000749200000|100%|HC|  |TAMS 0x0000000749000000| PB 0x0000000749000000| Complete 
|  73|0x0000000749200000, 0x0000000749400000, 0x0000000749400000|100%|HS|  |TAMS 0x0000000749200000| PB 0x0000000749200000| Complete 
|  74|0x0000000749400000, 0x0000000749600000, 0x0000000749600000|100%|HC|  |TAMS 0x0000000749400000| PB 0x0000000749400000| Complete 
|  75|0x0000000749600000, 0x0000000749800000, 0x0000000749800000|100%|HS|  |TAMS 0x0000000749600000| PB 0x0000000749600000| Complete 
|  76|0x0000000749800000, 0x0000000749a00000, 0x0000000749a00000|100%| O|  |TAMS 0x0000000749800000| PB 0x0000000749800000| Untracked 
|  77|0x0000000749a00000, 0x0000000749c00000, 0x0000000749c00000|100%| O|  |TAMS 0x0000000749a00000| PB 0x0000000749a00000| Untracked 
|  78|0x0000000749c00000, 0x0000000749e00000, 0x0000000749e00000|100%| O|  |TAMS 0x0000000749c00000| PB 0x0000000749c00000| Untracked 
|  79|0x0000000749e00000, 0x000000074a000000, 0x000000074a000000|100%| O|  |TAMS 0x0000000749e00000| PB 0x0000000749e00000| Untracked 
|  80|0x000000074a000000, 0x000000074a200000, 0x000000074a200000|100%| O|  |TAMS 0x000000074a000000| PB 0x000000074a000000| Untracked 
|  81|0x000000074a200000, 0x000000074a400000, 0x000000074a400000|100%| O|  |TAMS 0x000000074a200000| PB 0x000000074a200000| Untracked 
|  82|0x000000074a400000, 0x000000074a600000, 0x000000074a600000|100%| O|  |TAMS 0x000000074a400000| PB 0x000000074a400000| Untracked 
|  83|0x000000074a600000, 0x000000074a800000, 0x000000074a800000|100%| O|  |TAMS 0x000000074a600000| PB 0x000000074a600000| Untracked 
|  84|0x000000074a800000, 0x000000074aa00000, 0x000000074aa00000|100%| O|  |TAMS 0x000000074a800000| PB 0x000000074a800000| Untracked 
|  85|0x000000074aa00000, 0x000000074ac00000, 0x000000074ac00000|100%| O|  |TAMS 0x000000074aa00000| PB 0x000000074aa00000| Untracked 
|  86|0x000000074ac00000, 0x000000074ae00000, 0x000000074ae00000|100%| O|  |TAMS 0x000000074ac00000| PB 0x000000074ac00000| Untracked 
|  87|0x000000074ae00000, 0x000000074b000000, 0x000000074b000000|100%| O|  |TAMS 0x000000074ae00000| PB 0x000000074ae00000| Untracked 
|  88|0x000000074b000000, 0x000000074b200000, 0x000000074b200000|100%| O|  |TAMS 0x000000074b000000| PB 0x000000074b000000| Untracked 
|  89|0x000000074b200000, 0x000000074b400000, 0x000000074b400000|100%| O|  |TAMS 0x000000074b200000| PB 0x000000074b200000| Untracked 
|  90|0x000000074b400000, 0x000000074b600000, 0x000000074b600000|100%| O|  |TAMS 0x000000074b400000| PB 0x000000074b400000| Untracked 
|  91|0x000000074b600000, 0x000000074b800000, 0x000000074b800000|100%| O|  |TAMS 0x000000074b600000| PB 0x000000074b600000| Untracked 
|  92|0x000000074b800000, 0x000000074ba00000, 0x000000074ba00000|100%| O|  |TAMS 0x000000074b800000| PB 0x000000074b800000| Untracked 
|  93|0x000000074ba00000, 0x000000074bc00000, 0x000000074bc00000|100%| O|  |TAMS 0x000000074ba00000| PB 0x000000074ba00000| Untracked 
|  94|0x000000074bc00000, 0x000000074be00000, 0x000000074be00000|100%| O|  |TAMS 0x000000074bc00000| PB 0x000000074bc00000| Untracked 
|  95|0x000000074be00000, 0x000000074c000000, 0x000000074c000000|100%| O|  |TAMS 0x000000074be00000| PB 0x000000074be00000| Untracked 
|  96|0x000000074c000000, 0x000000074c200000, 0x000000074c200000|100%| O|  |TAMS 0x000000074c000000| PB 0x000000074c000000| Untracked 
|  97|0x000000074c200000, 0x000000074c400000, 0x000000074c400000|100%| O|  |TAMS 0x000000074c200000| PB 0x000000074c200000| Untracked 
|  98|0x000000074c400000, 0x000000074c600000, 0x000000074c600000|100%| O|  |TAMS 0x000000074c400000| PB 0x000000074c400000| Untracked 
|  99|0x000000074c600000, 0x000000074c700000, 0x000000074c800000| 50%| O|  |TAMS 0x000000074c600000| PB 0x000000074c600000| Untracked 
| 100|0x000000074c800000, 0x000000074ca00000, 0x000000074ca00000|100%|HS|  |TAMS 0x000000074c800000| PB 0x000000074c800000| Complete 
| 101|0x000000074ca00000, 0x000000074cc00000, 0x000000074cc00000|100%|HC|  |TAMS 0x000000074ca00000| PB 0x000000074ca00000| Complete 
| 102|0x000000074cc00000, 0x000000074ce00000, 0x000000074ce00000|100%|HS|  |TAMS 0x000000074cc00000| PB 0x000000074cc00000| Complete 
| 103|0x000000074ce00000, 0x000000074d000000, 0x000000074d000000|100%|HS|  |TAMS 0x000000074ce00000| PB 0x000000074ce00000| Complete 
| 104|0x000000074d000000, 0x000000074d200000, 0x000000074d200000|100%|HS|  |TAMS 0x000000074d000000| PB 0x000000074d000000| Complete 
| 105|0x000000074d200000, 0x000000074d400000, 0x000000074d400000|100%| O|  |TAMS 0x000000074d200000| PB 0x000000074d200000| Untracked 
| 106|0x000000074d400000, 0x000000074d600000, 0x000000074d600000|100%|HS|  |TAMS 0x000000074d400000| PB 0x000000074d400000| Complete 
| 107|0x000000074d600000, 0x000000074d800000, 0x000000074d800000|100%|HC|  |TAMS 0x000000074d600000| PB 0x000000074d600000| Complete 
| 108|0x000000074d800000, 0x000000074da00000, 0x000000074da00000|100%| O|Cm|TAMS 0x000000074d800000| PB 0x000000074d800000| Complete 
| 109|0x000000074da00000, 0x000000074dc00000, 0x000000074dc00000|100%|HS|  |TAMS 0x000000074da00000| PB 0x000000074da00000| Complete 
| 110|0x000000074dc00000, 0x000000074de00000, 0x000000074de00000|100%|HC|  |TAMS 0x000000074dc00000| PB 0x000000074dc00000| Complete 
| 111|0x000000074de00000, 0x000000074e000000, 0x000000074e000000|100%|HC|  |TAMS 0x000000074de00000| PB 0x000000074de00000| Complete 
| 112|0x000000074e000000, 0x000000074e200000, 0x000000074e200000|100%|HC|  |TAMS 0x000000074e000000| PB 0x000000074e000000| Complete 
| 113|0x000000074e200000, 0x000000074e400000, 0x000000074e400000|100%|HS|  |TAMS 0x000000074e200000| PB 0x000000074e200000| Complete 
| 114|0x000000074e400000, 0x000000074e600000, 0x000000074e600000|100%|HS|  |TAMS 0x000000074e400000| PB 0x000000074e400000| Complete 
| 115|0x000000074e600000, 0x000000074e800000, 0x000000074e800000|100%| O|  |TAMS 0x000000074e600000| PB 0x000000074e600000| Untracked 
| 116|0x000000074e800000, 0x000000074ea00000, 0x000000074ea00000|100%|HS|  |TAMS 0x000000074e800000| PB 0x000000074e800000| Complete 
| 117|0x000000074ea00000, 0x000000074ec00000, 0x000000074ec00000|100%|HS|  |TAMS 0x000000074ea00000| PB 0x000000074ea00000| Complete 
| 118|0x000000074ec00000, 0x000000074ee00000, 0x000000074ee00000|100%|HC|  |TAMS 0x000000074ec00000| PB 0x000000074ec00000| Complete 
| 119|0x000000074ee00000, 0x000000074f000000, 0x000000074f000000|100%|HS|  |TAMS 0x000000074ee00000| PB 0x000000074ee00000| Complete 
| 120|0x000000074f000000, 0x000000074f200000, 0x000000074f200000|100%|HS|  |TAMS 0x000000074f000000| PB 0x000000074f000000| Complete 
| 121|0x000000074f200000, 0x000000074f400000, 0x000000074f400000|100%|HC|  |TAMS 0x000000074f200000| PB 0x000000074f200000| Complete 
| 122|0x000000074f400000, 0x000000074f600000, 0x000000074f600000|100%|HS|  |TAMS 0x000000074f400000| PB 0x000000074f400000| Complete 
| 123|0x000000074f600000, 0x000000074f800000, 0x000000074f800000|100%|HC|  |TAMS 0x000000074f600000| PB 0x000000074f600000| Complete 
| 124|0x000000074f800000, 0x000000074fa00000, 0x000000074fa00000|100%|HC|  |TAMS 0x000000074f800000| PB 0x000000074f800000| Complete 
| 125|0x000000074fa00000, 0x000000074fc00000, 0x000000074fc00000|100%|HS|  |TAMS 0x000000074fa00000| PB 0x000000074fa00000| Complete 
| 126|0x000000074fc00000, 0x000000074fe00000, 0x000000074fe00000|100%|HS|  |TAMS 0x000000074fc00000| PB 0x000000074fc00000| Complete 
| 127|0x000000074fe00000, 0x0000000750000000, 0x0000000750000000|100%|HS|  |TAMS 0x000000074fe00000| PB 0x000000074fe00000| Complete 
| 128|0x0000000750000000, 0x0000000750200000, 0x0000000750200000|100%|HC|  |TAMS 0x0000000750000000| PB 0x0000000750000000| Complete 
| 129|0x0000000750200000, 0x0000000750400000, 0x0000000750400000|100%|HS|  |TAMS 0x0000000750200000| PB 0x0000000750200000| Complete 
| 130|0x0000000750400000, 0x0000000750600000, 0x0000000750600000|100%|HS|  |TAMS 0x0000000750400000| PB 0x0000000750400000| Complete 
| 131|0x0000000750600000, 0x0000000750800000, 0x0000000750800000|100%|HS|  |TAMS 0x0000000750600000| PB 0x0000000750600000| Complete 
| 132|0x0000000750800000, 0x0000000750a00000, 0x0000000750a00000|100%| O|Cm|TAMS 0x0000000750800000| PB 0x0000000750800000| Complete 
| 133|0x0000000750a00000, 0x0000000750c00000, 0x0000000750c00000|100%|HS|  |TAMS 0x0000000750a00000| PB 0x0000000750a00000| Complete 
| 134|0x0000000750c00000, 0x0000000750e00000, 0x0000000750e00000|100%|HC|  |TAMS 0x0000000750c00000| PB 0x0000000750c00000| Complete 
| 135|0x0000000750e00000, 0x0000000751000000, 0x0000000751000000|100%|HS|  |TAMS 0x0000000750e00000| PB 0x0000000750e00000| Complete 
| 136|0x0000000751000000, 0x0000000751200000, 0x0000000751200000|100%|HC|  |TAMS 0x0000000751000000| PB 0x0000000751000000| Complete 
| 137|0x0000000751200000, 0x0000000751400000, 0x0000000751400000|100%|HC|  |TAMS 0x0000000751200000| PB 0x0000000751200000| Complete 
| 138|0x0000000751400000, 0x0000000751600000, 0x0000000751600000|100%|HC|  |TAMS 0x0000000751400000| PB 0x0000000751400000| Complete 
| 139|0x0000000751600000, 0x0000000751600000, 0x0000000751800000|  0%| F|  |TAMS 0x0000000751600000| PB 0x0000000751600000| Untracked 
| 140|0x0000000751800000, 0x0000000751800000, 0x0000000751a00000|  0%| F|  |TAMS 0x0000000751800000| PB 0x0000000751800000| Untracked 
| 141|0x0000000751a00000, 0x0000000751a00000, 0x0000000751c00000|  0%| F|  |TAMS 0x0000000751a00000| PB 0x0000000751a00000| Untracked 
| 142|0x0000000751c00000, 0x0000000751c00000, 0x0000000751e00000|  0%| F|  |TAMS 0x0000000751c00000| PB 0x0000000751c00000| Untracked 
| 143|0x0000000751e00000, 0x0000000751e00000, 0x0000000752000000|  0%| F|  |TAMS 0x0000000751e00000| PB 0x0000000751e00000| Untracked 
| 144|0x0000000752000000, 0x0000000752000000, 0x0000000752200000|  0%| F|  |TAMS 0x0000000752000000| PB 0x0000000752000000| Untracked 
| 145|0x0000000752200000, 0x0000000752200000, 0x0000000752400000|  0%| F|  |TAMS 0x0000000752200000| PB 0x0000000752200000| Untracked 
| 146|0x0000000752400000, 0x0000000752400000, 0x0000000752600000|  0%| F|  |TAMS 0x0000000752400000| PB 0x0000000752400000| Untracked 
| 147|0x0000000752600000, 0x0000000752600000, 0x0000000752800000|  0%| F|  |TAMS 0x0000000752600000| PB 0x0000000752600000| Untracked 
| 148|0x0000000752800000, 0x0000000752800000, 0x0000000752a00000|  0%| F|  |TAMS 0x0000000752800000| PB 0x0000000752800000| Untracked 
| 149|0x0000000752a00000, 0x0000000752a00000, 0x0000000752c00000|  0%| F|  |TAMS 0x0000000752a00000| PB 0x0000000752a00000| Untracked 
| 150|0x0000000752c00000, 0x0000000752c00000, 0x0000000752e00000|  0%| F|  |TAMS 0x0000000752c00000| PB 0x0000000752c00000| Untracked 
| 151|0x0000000752e00000, 0x0000000752e00000, 0x0000000753000000|  0%| F|  |TAMS 0x0000000752e00000| PB 0x0000000752e00000| Untracked 
| 152|0x0000000753000000, 0x0000000753000000, 0x0000000753200000|  0%| F|  |TAMS 0x0000000753000000| PB 0x0000000753000000| Untracked 
| 153|0x0000000753200000, 0x0000000753200000, 0x0000000753400000|  0%| F|  |TAMS 0x0000000753200000| PB 0x0000000753200000| Untracked 
| 154|0x0000000753400000, 0x0000000753400000, 0x0000000753600000|  0%| F|  |TAMS 0x0000000753400000| PB 0x0000000753400000| Untracked 
| 155|0x0000000753600000, 0x0000000753600000, 0x0000000753800000|  0%| F|  |TAMS 0x0000000753600000| PB 0x0000000753600000| Untracked 
| 156|0x0000000753800000, 0x0000000753800000, 0x0000000753a00000|  0%| F|  |TAMS 0x0000000753800000| PB 0x0000000753800000| Untracked 
| 157|0x0000000753a00000, 0x0000000753a00000, 0x0000000753c00000|  0%| F|  |TAMS 0x0000000753a00000| PB 0x0000000753a00000| Untracked 
| 158|0x0000000753c00000, 0x0000000753c00000, 0x0000000753e00000|  0%| F|  |TAMS 0x0000000753c00000| PB 0x0000000753c00000| Untracked 
| 159|0x0000000753e00000, 0x0000000753e00000, 0x0000000754000000|  0%| F|  |TAMS 0x0000000753e00000| PB 0x0000000753e00000| Untracked 
| 160|0x0000000754000000, 0x0000000754000000, 0x0000000754200000|  0%| F|  |TAMS 0x0000000754000000| PB 0x0000000754000000| Untracked 
| 161|0x0000000754200000, 0x0000000754200000, 0x0000000754400000|  0%| F|  |TAMS 0x0000000754200000| PB 0x0000000754200000| Untracked 
| 162|0x0000000754400000, 0x0000000754400000, 0x0000000754600000|  0%| F|  |TAMS 0x0000000754400000| PB 0x0000000754400000| Untracked 
| 163|0x0000000754600000, 0x0000000754600000, 0x0000000754800000|  0%| F|  |TAMS 0x0000000754600000| PB 0x0000000754600000| Untracked 
| 164|0x0000000754800000, 0x0000000754800000, 0x0000000754a00000|  0%| F|  |TAMS 0x0000000754800000| PB 0x0000000754800000| Untracked 
| 165|0x0000000754a00000, 0x0000000754a00000, 0x0000000754c00000|  0%| F|  |TAMS 0x0000000754a00000| PB 0x0000000754a00000| Untracked 
| 166|0x0000000754c00000, 0x0000000754c00000, 0x0000000754e00000|  0%| F|  |TAMS 0x0000000754c00000| PB 0x0000000754c00000| Untracked 
| 167|0x0000000754e00000, 0x0000000754e00000, 0x0000000755000000|  0%| F|  |TAMS 0x0000000754e00000| PB 0x0000000754e00000| Untracked 
| 168|0x0000000755000000, 0x0000000755000000, 0x0000000755200000|  0%| F|  |TAMS 0x0000000755000000| PB 0x0000000755000000| Untracked 
| 169|0x0000000755200000, 0x0000000755200000, 0x0000000755400000|  0%| F|  |TAMS 0x0000000755200000| PB 0x0000000755200000| Untracked 
| 170|0x0000000755400000, 0x0000000755400000, 0x0000000755600000|  0%| F|  |TAMS 0x0000000755400000| PB 0x0000000755400000| Untracked 
| 171|0x0000000755600000, 0x0000000755600000, 0x0000000755800000|  0%| F|  |TAMS 0x0000000755600000| PB 0x0000000755600000| Untracked 
| 172|0x0000000755800000, 0x0000000755800000, 0x0000000755a00000|  0%| F|  |TAMS 0x0000000755800000| PB 0x0000000755800000| Untracked 
| 173|0x0000000755a00000, 0x0000000755c00000, 0x0000000755c00000|100%| O|  |TAMS 0x0000000755a00000| PB 0x0000000755a00000| Untracked 
| 174|0x0000000755c00000, 0x0000000755e00000, 0x0000000755e00000|100%| O|  |TAMS 0x0000000755c00000| PB 0x0000000755c00000| Untracked 
| 175|0x0000000755e00000, 0x0000000756000000, 0x0000000756000000|100%| O|  |TAMS 0x0000000755e00000| PB 0x0000000755e00000| Untracked 
| 176|0x0000000756000000, 0x0000000756200000, 0x0000000756200000|100%| O|  |TAMS 0x0000000756000000| PB 0x0000000756000000| Untracked 
| 177|0x0000000756200000, 0x0000000756400000, 0x0000000756400000|100%| O|  |TAMS 0x0000000756200000| PB 0x0000000756200000| Untracked 
| 178|0x0000000756400000, 0x0000000756600000, 0x0000000756600000|100%| O|  |TAMS 0x0000000756400000| PB 0x0000000756400000| Untracked 
| 179|0x0000000756600000, 0x0000000756800000, 0x0000000756800000|100%| O|  |TAMS 0x0000000756600000| PB 0x0000000756600000| Untracked 
| 180|0x0000000756800000, 0x0000000756a00000, 0x0000000756a00000|100%| O|  |TAMS 0x0000000756800000| PB 0x0000000756800000| Untracked 
| 181|0x0000000756a00000, 0x0000000756c00000, 0x0000000756c00000|100%| O|  |TAMS 0x0000000756a00000| PB 0x0000000756a00000| Untracked 
| 182|0x0000000756c00000, 0x0000000756e00000, 0x0000000756e00000|100%| O|  |TAMS 0x0000000756c00000| PB 0x0000000756c00000| Untracked 
| 183|0x0000000756e00000, 0x0000000757000000, 0x0000000757000000|100%| O|  |TAMS 0x0000000756e00000| PB 0x0000000756e00000| Untracked 
| 184|0x0000000757000000, 0x0000000757200000, 0x0000000757200000|100%| O|  |TAMS 0x0000000757000000| PB 0x0000000757000000| Untracked 
| 185|0x0000000757200000, 0x0000000757400000, 0x0000000757400000|100%| O|  |TAMS 0x0000000757200000| PB 0x0000000757200000| Untracked 
| 186|0x0000000757400000, 0x0000000757600000, 0x0000000757600000|100%| O|  |TAMS 0x0000000757400000| PB 0x0000000757400000| Untracked 
| 187|0x0000000757600000, 0x0000000757800000, 0x0000000757800000|100%| O|  |TAMS 0x0000000757600000| PB 0x0000000757600000| Untracked 
| 188|0x0000000757800000, 0x0000000757a00000, 0x0000000757a00000|100%| O|  |TAMS 0x0000000757800000| PB 0x0000000757800000| Untracked 
| 189|0x0000000757a00000, 0x0000000757c00000, 0x0000000757c00000|100%| O|  |TAMS 0x0000000757a00000| PB 0x0000000757a00000| Untracked 
| 190|0x0000000757c00000, 0x0000000757e00000, 0x0000000757e00000|100%| O|  |TAMS 0x0000000757c00000| PB 0x0000000757c00000| Untracked 
| 191|0x0000000757e00000, 0x0000000758000000, 0x0000000758000000|100%| O|  |TAMS 0x0000000757e00000| PB 0x0000000757e00000| Untracked 
| 192|0x0000000758000000, 0x0000000758200000, 0x0000000758200000|100%| O|  |TAMS 0x0000000758000000| PB 0x0000000758000000| Untracked 
| 193|0x0000000758200000, 0x0000000758400000, 0x0000000758400000|100%| O|  |TAMS 0x0000000758200000| PB 0x0000000758200000| Untracked 
| 194|0x0000000758400000, 0x0000000758600000, 0x0000000758600000|100%| O|  |TAMS 0x0000000758400000| PB 0x0000000758400000| Untracked 
| 195|0x0000000758600000, 0x0000000758800000, 0x0000000758800000|100%| O|  |TAMS 0x0000000758600000| PB 0x0000000758600000| Untracked 
| 196|0x0000000758800000, 0x0000000758a00000, 0x0000000758a00000|100%| O|  |TAMS 0x0000000758800000| PB 0x0000000758800000| Untracked 
| 197|0x0000000758a00000, 0x0000000758c00000, 0x0000000758c00000|100%| O|  |TAMS 0x0000000758a00000| PB 0x0000000758a00000| Untracked 
| 198|0x0000000758c00000, 0x0000000758e00000, 0x0000000758e00000|100%| O|  |TAMS 0x0000000758c00000| PB 0x0000000758c00000| Untracked 
| 199|0x0000000758e00000, 0x0000000759000000, 0x0000000759000000|100%| O|  |TAMS 0x0000000758e00000| PB 0x0000000758e00000| Untracked 
| 200|0x0000000759000000, 0x0000000759200000, 0x0000000759200000|100%| O|  |TAMS 0x0000000759000000| PB 0x0000000759000000| Untracked 
| 201|0x0000000759200000, 0x0000000759200000, 0x0000000759400000|  0%| F|  |TAMS 0x0000000759200000| PB 0x0000000759200000| Untracked 
| 202|0x0000000759400000, 0x0000000759400000, 0x0000000759600000|  0%| F|  |TAMS 0x0000000759400000| PB 0x0000000759400000| Untracked 
| 203|0x0000000759600000, 0x0000000759600000, 0x0000000759800000|  0%| F|  |TAMS 0x0000000759600000| PB 0x0000000759600000| Untracked 
| 204|0x0000000759800000, 0x0000000759800000, 0x0000000759a00000|  0%| F|  |TAMS 0x0000000759800000| PB 0x0000000759800000| Untracked 
| 205|0x0000000759a00000, 0x0000000759a00000, 0x0000000759c00000|  0%| F|  |TAMS 0x0000000759a00000| PB 0x0000000759a00000| Untracked 
| 206|0x0000000759c00000, 0x0000000759c00000, 0x0000000759e00000|  0%| F|  |TAMS 0x0000000759c00000| PB 0x0000000759c00000| Untracked 
| 207|0x0000000759e00000, 0x0000000759e00000, 0x000000075a000000|  0%| F|  |TAMS 0x0000000759e00000| PB 0x0000000759e00000| Untracked 
| 208|0x000000075a000000, 0x000000075a000000, 0x000000075a200000|  0%| F|  |TAMS 0x000000075a000000| PB 0x000000075a000000| Untracked 
| 209|0x000000075a200000, 0x000000075a200000, 0x000000075a400000|  0%| F|  |TAMS 0x000000075a200000| PB 0x000000075a200000| Untracked 
| 210|0x000000075a400000, 0x000000075a400000, 0x000000075a600000|  0%| F|  |TAMS 0x000000075a400000| PB 0x000000075a400000| Untracked 
| 211|0x000000075a600000, 0x000000075a600000, 0x000000075a800000|  0%| F|  |TAMS 0x000000075a600000| PB 0x000000075a600000| Untracked 
| 212|0x000000075a800000, 0x000000075a800000, 0x000000075aa00000|  0%| F|  |TAMS 0x000000075a800000| PB 0x000000075a800000| Untracked 
| 213|0x000000075aa00000, 0x000000075aa00000, 0x000000075ac00000|  0%| F|  |TAMS 0x000000075aa00000| PB 0x000000075aa00000| Untracked 
| 214|0x000000075ac00000, 0x000000075ac00000, 0x000000075ae00000|  0%| F|  |TAMS 0x000000075ac00000| PB 0x000000075ac00000| Untracked 
| 215|0x000000075ae00000, 0x000000075ae00000, 0x000000075b000000|  0%| F|  |TAMS 0x000000075ae00000| PB 0x000000075ae00000| Untracked 
| 216|0x000000075b000000, 0x000000075b000000, 0x000000075b200000|  0%| F|  |TAMS 0x000000075b000000| PB 0x000000075b000000| Untracked 
| 217|0x000000075b200000, 0x000000075b200000, 0x000000075b400000|  0%| F|  |TAMS 0x000000075b200000| PB 0x000000075b200000| Untracked 
| 218|0x000000075b400000, 0x000000075b400000, 0x000000075b600000|  0%| F|  |TAMS 0x000000075b400000| PB 0x000000075b400000| Untracked 
| 219|0x000000075b600000, 0x000000075b600000, 0x000000075b800000|  0%| F|  |TAMS 0x000000075b600000| PB 0x000000075b600000| Untracked 
| 220|0x000000075b800000, 0x000000075b800000, 0x000000075ba00000|  0%| F|  |TAMS 0x000000075b800000| PB 0x000000075b800000| Untracked 
| 221|0x000000075ba00000, 0x000000075ba00000, 0x000000075bc00000|  0%| F|  |TAMS 0x000000075ba00000| PB 0x000000075ba00000| Untracked 
| 222|0x000000075bc00000, 0x000000075bc00000, 0x000000075be00000|  0%| F|  |TAMS 0x000000075bc00000| PB 0x000000075bc00000| Untracked 
| 223|0x000000075be00000, 0x000000075be00000, 0x000000075c000000|  0%| F|  |TAMS 0x000000075be00000| PB 0x000000075be00000| Untracked 
| 224|0x000000075c000000, 0x000000075c000000, 0x000000075c200000|  0%| F|  |TAMS 0x000000075c000000| PB 0x000000075c000000| Untracked 
| 225|0x000000075c200000, 0x000000075c200000, 0x000000075c400000|  0%| F|  |TAMS 0x000000075c200000| PB 0x000000075c200000| Untracked 
| 226|0x000000075c400000, 0x000000075c400000, 0x000000075c600000|  0%| F|  |TAMS 0x000000075c400000| PB 0x000000075c400000| Untracked 
| 227|0x000000075c600000, 0x000000075c600000, 0x000000075c800000|  0%| F|  |TAMS 0x000000075c600000| PB 0x000000075c600000| Untracked 
| 228|0x000000075c800000, 0x000000075c800000, 0x000000075ca00000|  0%| F|  |TAMS 0x000000075c800000| PB 0x000000075c800000| Untracked 
| 229|0x000000075ca00000, 0x000000075ca00000, 0x000000075cc00000|  0%| F|  |TAMS 0x000000075ca00000| PB 0x000000075ca00000| Untracked 
| 230|0x000000075cc00000, 0x000000075cc00000, 0x000000075ce00000|  0%| F|  |TAMS 0x000000075cc00000| PB 0x000000075cc00000| Untracked 
| 231|0x000000075ce00000, 0x000000075ce00000, 0x000000075d000000|  0%| F|  |TAMS 0x000000075ce00000| PB 0x000000075ce00000| Untracked 
| 232|0x000000075d000000, 0x000000075d000000, 0x000000075d200000|  0%| F|  |TAMS 0x000000075d000000| PB 0x000000075d000000| Untracked 
| 233|0x000000075d200000, 0x000000075d200000, 0x000000075d400000|  0%| F|  |TAMS 0x000000075d200000| PB 0x000000075d200000| Untracked 
| 234|0x000000075d400000, 0x000000075d400000, 0x000000075d600000|  0%| F|  |TAMS 0x000000075d400000| PB 0x000000075d400000| Untracked 
| 235|0x000000075d600000, 0x000000075d600000, 0x000000075d800000|  0%| F|  |TAMS 0x000000075d600000| PB 0x000000075d600000| Untracked 
| 236|0x000000075d800000, 0x000000075d800000, 0x000000075da00000|  0%| F|  |TAMS 0x000000075d800000| PB 0x000000075d800000| Untracked 
| 237|0x000000075da00000, 0x000000075da00000, 0x000000075dc00000|  0%| F|  |TAMS 0x000000075da00000| PB 0x000000075da00000| Untracked 
| 238|0x000000075dc00000, 0x000000075dc00000, 0x000000075de00000|  0%| F|  |TAMS 0x000000075dc00000| PB 0x000000075dc00000| Untracked 
| 239|0x000000075de00000, 0x000000075de00000, 0x000000075e000000|  0%| F|  |TAMS 0x000000075de00000| PB 0x000000075de00000| Untracked 
| 240|0x000000075e000000, 0x000000075e000000, 0x000000075e200000|  0%| F|  |TAMS 0x000000075e000000| PB 0x000000075e000000| Untracked 
| 241|0x000000075e200000, 0x000000075e200000, 0x000000075e400000|  0%| F|  |TAMS 0x000000075e200000| PB 0x000000075e200000| Untracked 
| 242|0x000000075e400000, 0x000000075e400000, 0x000000075e600000|  0%| F|  |TAMS 0x000000075e400000| PB 0x000000075e400000| Untracked 
| 243|0x000000075e600000, 0x000000075e600000, 0x000000075e800000|  0%| F|  |TAMS 0x000000075e600000| PB 0x000000075e600000| Untracked 
| 244|0x000000075e800000, 0x000000075e800000, 0x000000075ea00000|  0%| F|  |TAMS 0x000000075e800000| PB 0x000000075e800000| Untracked 
| 245|0x000000075ea00000, 0x000000075ea00000, 0x000000075ec00000|  0%| F|  |TAMS 0x000000075ea00000| PB 0x000000075ea00000| Untracked 
| 246|0x000000075ec00000, 0x000000075ec00000, 0x000000075ee00000|  0%| F|  |TAMS 0x000000075ec00000| PB 0x000000075ec00000| Untracked 
| 247|0x000000075ee00000, 0x000000075ee00000, 0x000000075f000000|  0%| F|  |TAMS 0x000000075ee00000| PB 0x000000075ee00000| Untracked 
| 248|0x000000075f000000, 0x000000075f000000, 0x000000075f200000|  0%| F|  |TAMS 0x000000075f000000| PB 0x000000075f000000| Untracked 
| 249|0x000000075f200000, 0x000000075f200000, 0x000000075f400000|  0%| F|  |TAMS 0x000000075f200000| PB 0x000000075f200000| Untracked 
| 250|0x000000075f400000, 0x000000075f400000, 0x000000075f600000|  0%| F|  |TAMS 0x000000075f400000| PB 0x000000075f400000| Untracked 
| 251|0x000000075f600000, 0x000000075f600000, 0x000000075f800000|  0%| F|  |TAMS 0x000000075f600000| PB 0x000000075f600000| Untracked 
| 252|0x000000075f800000, 0x000000075f800000, 0x000000075fa00000|  0%| F|  |TAMS 0x000000075f800000| PB 0x000000075f800000| Untracked 
| 253|0x000000075fa00000, 0x000000075fa00000, 0x000000075fc00000|  0%| F|  |TAMS 0x000000075fa00000| PB 0x000000075fa00000| Untracked 
| 254|0x000000075fc00000, 0x000000075fc00000, 0x000000075fe00000|  0%| F|  |TAMS 0x000000075fc00000| PB 0x000000075fc00000| Untracked 
| 255|0x000000075fe00000, 0x000000075fe00000, 0x0000000760000000|  0%| F|  |TAMS 0x000000075fe00000| PB 0x000000075fe00000| Untracked 
| 256|0x0000000760000000, 0x0000000760000000, 0x0000000760200000|  0%| F|  |TAMS 0x0000000760000000| PB 0x0000000760000000| Untracked 
| 257|0x0000000760200000, 0x0000000760200000, 0x0000000760400000|  0%| F|  |TAMS 0x0000000760200000| PB 0x0000000760200000| Untracked 
| 258|0x0000000760400000, 0x0000000760400000, 0x0000000760600000|  0%| F|  |TAMS 0x0000000760400000| PB 0x0000000760400000| Untracked 
| 259|0x0000000760600000, 0x0000000760600000, 0x0000000760800000|  0%| F|  |TAMS 0x0000000760600000| PB 0x0000000760600000| Untracked 
| 260|0x0000000760800000, 0x0000000760800000, 0x0000000760a00000|  0%| F|  |TAMS 0x0000000760800000| PB 0x0000000760800000| Untracked 
| 261|0x0000000760a00000, 0x0000000760a00000, 0x0000000760c00000|  0%| F|  |TAMS 0x0000000760a00000| PB 0x0000000760a00000| Untracked 
| 262|0x0000000760c00000, 0x0000000760c00000, 0x0000000760e00000|  0%| F|  |TAMS 0x0000000760c00000| PB 0x0000000760c00000| Untracked 
| 263|0x0000000760e00000, 0x0000000760e00000, 0x0000000761000000|  0%| F|  |TAMS 0x0000000760e00000| PB 0x0000000760e00000| Untracked 
| 264|0x0000000761000000, 0x0000000761000000, 0x0000000761200000|  0%| F|  |TAMS 0x0000000761000000| PB 0x0000000761000000| Untracked 
| 265|0x0000000761200000, 0x0000000761200000, 0x0000000761400000|  0%| F|  |TAMS 0x0000000761200000| PB 0x0000000761200000| Untracked 
| 266|0x0000000761400000, 0x0000000761400000, 0x0000000761600000|  0%| F|  |TAMS 0x0000000761400000| PB 0x0000000761400000| Untracked 
| 267|0x0000000761600000, 0x0000000761600000, 0x0000000761800000|  0%| F|  |TAMS 0x0000000761600000| PB 0x0000000761600000| Untracked 
| 268|0x0000000761800000, 0x0000000761800000, 0x0000000761a00000|  0%| F|  |TAMS 0x0000000761800000| PB 0x0000000761800000| Untracked 
| 269|0x0000000761a00000, 0x0000000761a00000, 0x0000000761c00000|  0%| F|  |TAMS 0x0000000761a00000| PB 0x0000000761a00000| Untracked 
| 270|0x0000000761c00000, 0x0000000761c00000, 0x0000000761e00000|  0%| F|  |TAMS 0x0000000761c00000| PB 0x0000000761c00000| Untracked 
| 271|0x0000000761e00000, 0x0000000761e00000, 0x0000000762000000|  0%| F|  |TAMS 0x0000000761e00000| PB 0x0000000761e00000| Untracked 
| 272|0x0000000762000000, 0x0000000762000000, 0x0000000762200000|  0%| F|  |TAMS 0x0000000762000000| PB 0x0000000762000000| Untracked 
| 273|0x0000000762200000, 0x0000000762200000, 0x0000000762400000|  0%| F|  |TAMS 0x0000000762200000| PB 0x0000000762200000| Untracked 
| 274|0x0000000762400000, 0x0000000762400000, 0x0000000762600000|  0%| F|  |TAMS 0x0000000762400000| PB 0x0000000762400000| Untracked 
| 275|0x0000000762600000, 0x0000000762600000, 0x0000000762800000|  0%| F|  |TAMS 0x0000000762600000| PB 0x0000000762600000| Untracked 
| 276|0x0000000762800000, 0x0000000762800000, 0x0000000762a00000|  0%| F|  |TAMS 0x0000000762800000| PB 0x0000000762800000| Untracked 
| 277|0x0000000762a00000, 0x0000000762a00000, 0x0000000762c00000|  0%| F|  |TAMS 0x0000000762a00000| PB 0x0000000762a00000| Untracked 
| 278|0x0000000762c00000, 0x0000000762c00000, 0x0000000762e00000|  0%| F|  |TAMS 0x0000000762c00000| PB 0x0000000762c00000| Untracked 
| 279|0x0000000762e00000, 0x0000000762e00000, 0x0000000763000000|  0%| F|  |TAMS 0x0000000762e00000| PB 0x0000000762e00000| Untracked 
| 280|0x0000000763000000, 0x0000000763000000, 0x0000000763200000|  0%| F|  |TAMS 0x0000000763000000| PB 0x0000000763000000| Untracked 
| 281|0x0000000763200000, 0x0000000763200000, 0x0000000763400000|  0%| F|  |TAMS 0x0000000763200000| PB 0x0000000763200000| Untracked 
| 282|0x0000000763400000, 0x0000000763400000, 0x0000000763600000|  0%| F|  |TAMS 0x0000000763400000| PB 0x0000000763400000| Untracked 
| 283|0x0000000763600000, 0x0000000763600000, 0x0000000763800000|  0%| F|  |TAMS 0x0000000763600000| PB 0x0000000763600000| Untracked 
| 284|0x0000000763800000, 0x0000000763800000, 0x0000000763a00000|  0%| F|  |TAMS 0x0000000763800000| PB 0x0000000763800000| Untracked 
| 285|0x0000000763a00000, 0x0000000763a00000, 0x0000000763c00000|  0%| F|  |TAMS 0x0000000763a00000| PB 0x0000000763a00000| Untracked 
| 286|0x0000000763c00000, 0x0000000763c00000, 0x0000000763e00000|  0%| F|  |TAMS 0x0000000763c00000| PB 0x0000000763c00000| Untracked 
| 287|0x0000000763e00000, 0x0000000763e00000, 0x0000000764000000|  0%| F|  |TAMS 0x0000000763e00000| PB 0x0000000763e00000| Untracked 
| 288|0x0000000764000000, 0x0000000764000000, 0x0000000764200000|  0%| F|  |TAMS 0x0000000764000000| PB 0x0000000764000000| Untracked 
| 289|0x0000000764200000, 0x0000000764200000, 0x0000000764400000|  0%| F|  |TAMS 0x0000000764200000| PB 0x0000000764200000| Untracked 
| 290|0x0000000764400000, 0x0000000764400000, 0x0000000764600000|  0%| F|  |TAMS 0x0000000764400000| PB 0x0000000764400000| Untracked 
| 291|0x0000000764600000, 0x0000000764600000, 0x0000000764800000|  0%| F|  |TAMS 0x0000000764600000| PB 0x0000000764600000| Untracked 
| 292|0x0000000764800000, 0x0000000764800000, 0x0000000764a00000|  0%| F|  |TAMS 0x0000000764800000| PB 0x0000000764800000| Untracked 
| 293|0x0000000764a00000, 0x0000000764a00000, 0x0000000764c00000|  0%| F|  |TAMS 0x0000000764a00000| PB 0x0000000764a00000| Untracked 
| 294|0x0000000764c00000, 0x0000000764c00000, 0x0000000764e00000|  0%| F|  |TAMS 0x0000000764c00000| PB 0x0000000764c00000| Untracked 
| 295|0x0000000764e00000, 0x0000000764e00000, 0x0000000765000000|  0%| F|  |TAMS 0x0000000764e00000| PB 0x0000000764e00000| Untracked 
| 296|0x0000000765000000, 0x0000000765000000, 0x0000000765200000|  0%| F|  |TAMS 0x0000000765000000| PB 0x0000000765000000| Untracked 
| 297|0x0000000765200000, 0x0000000765200000, 0x0000000765400000|  0%| F|  |TAMS 0x0000000765200000| PB 0x0000000765200000| Untracked 
| 298|0x0000000765400000, 0x0000000765400000, 0x0000000765600000|  0%| F|  |TAMS 0x0000000765400000| PB 0x0000000765400000| Untracked 
| 299|0x0000000765600000, 0x0000000765600000, 0x0000000765800000|  0%| F|  |TAMS 0x0000000765600000| PB 0x0000000765600000| Untracked 
| 300|0x0000000765800000, 0x0000000765800000, 0x0000000765a00000|  0%| F|  |TAMS 0x0000000765800000| PB 0x0000000765800000| Untracked 
| 301|0x0000000765a00000, 0x0000000765a00000, 0x0000000765c00000|  0%| F|  |TAMS 0x0000000765a00000| PB 0x0000000765a00000| Untracked 
| 302|0x0000000765c00000, 0x0000000765c00000, 0x0000000765e00000|  0%| F|  |TAMS 0x0000000765c00000| PB 0x0000000765c00000| Untracked 
| 303|0x0000000765e00000, 0x0000000765e00000, 0x0000000766000000|  0%| F|  |TAMS 0x0000000765e00000| PB 0x0000000765e00000| Untracked 
| 304|0x0000000766000000, 0x0000000766000000, 0x0000000766200000|  0%| F|  |TAMS 0x0000000766000000| PB 0x0000000766000000| Untracked 
| 305|0x0000000766200000, 0x0000000766400000, 0x0000000766400000|100%| S|CS|TAMS 0x0000000766200000| PB 0x0000000766200000| Complete 
| 306|0x0000000766400000, 0x0000000766600000, 0x0000000766600000|100%| S|CS|TAMS 0x0000000766400000| PB 0x0000000766400000| Complete 
| 307|0x0000000766600000, 0x0000000766800000, 0x0000000766800000|100%| S|CS|TAMS 0x0000000766600000| PB 0x0000000766600000| Complete 
| 308|0x0000000766800000, 0x0000000766a00000, 0x0000000766a00000|100%| S|CS|TAMS 0x0000000766800000| PB 0x0000000766800000| Complete 
| 309|0x0000000766a00000, 0x0000000766c00000, 0x0000000766c00000|100%| S|CS|TAMS 0x0000000766a00000| PB 0x0000000766a00000| Complete 
| 310|0x0000000766c00000, 0x0000000766e00000, 0x0000000766e00000|100%| S|CS|TAMS 0x0000000766c00000| PB 0x0000000766c00000| Complete 
| 311|0x0000000766e00000, 0x0000000767000000, 0x0000000767000000|100%| S|CS|TAMS 0x0000000766e00000| PB 0x0000000766e00000| Complete 
| 312|0x0000000767000000, 0x0000000767200000, 0x0000000767200000|100%| S|CS|TAMS 0x0000000767000000| PB 0x0000000767000000| Complete 
| 313|0x0000000767200000, 0x0000000767400000, 0x0000000767400000|100%| S|CS|TAMS 0x0000000767200000| PB 0x0000000767200000| Complete 
| 314|0x0000000767400000, 0x0000000767400000, 0x0000000767600000|  0%| F|  |TAMS 0x0000000767400000| PB 0x0000000767400000| Untracked 
| 315|0x0000000767600000, 0x0000000767600000, 0x0000000767800000|  0%| F|  |TAMS 0x0000000767600000| PB 0x0000000767600000| Untracked 
| 316|0x0000000767800000, 0x0000000767800000, 0x0000000767a00000|  0%| F|  |TAMS 0x0000000767800000| PB 0x0000000767800000| Untracked 
| 317|0x0000000767a00000, 0x0000000767a00000, 0x0000000767c00000|  0%| F|  |TAMS 0x0000000767a00000| PB 0x0000000767a00000| Untracked 
| 318|0x0000000767c00000, 0x0000000767c00000, 0x0000000767e00000|  0%| F|  |TAMS 0x0000000767c00000| PB 0x0000000767c00000| Untracked 
| 319|0x0000000767e00000, 0x0000000767e00000, 0x0000000768000000|  0%| F|  |TAMS 0x0000000767e00000| PB 0x0000000767e00000| Untracked 
| 320|0x0000000768000000, 0x0000000768000000, 0x0000000768200000|  0%| F|  |TAMS 0x0000000768000000| PB 0x0000000768000000| Untracked 
| 321|0x0000000768200000, 0x0000000768200000, 0x0000000768400000|  0%| F|  |TAMS 0x0000000768200000| PB 0x0000000768200000| Untracked 
| 322|0x0000000768400000, 0x0000000768400000, 0x0000000768600000|  0%| F|  |TAMS 0x0000000768400000| PB 0x0000000768400000| Untracked 
| 323|0x0000000768600000, 0x0000000768600000, 0x0000000768800000|  0%| F|  |TAMS 0x0000000768600000| PB 0x0000000768600000| Untracked 
| 324|0x0000000768800000, 0x0000000768800000, 0x0000000768a00000|  0%| F|  |TAMS 0x0000000768800000| PB 0x0000000768800000| Untracked 
| 325|0x0000000768a00000, 0x0000000768a00000, 0x0000000768c00000|  0%| F|  |TAMS 0x0000000768a00000| PB 0x0000000768a00000| Untracked 
| 326|0x0000000768c00000, 0x0000000768c00000, 0x0000000768e00000|  0%| F|  |TAMS 0x0000000768c00000| PB 0x0000000768c00000| Untracked 
| 327|0x0000000768e00000, 0x0000000768e00000, 0x0000000769000000|  0%| F|  |TAMS 0x0000000768e00000| PB 0x0000000768e00000| Untracked 
| 328|0x0000000769000000, 0x0000000769000000, 0x0000000769200000|  0%| F|  |TAMS 0x0000000769000000| PB 0x0000000769000000| Untracked 
| 329|0x0000000769200000, 0x0000000769200000, 0x0000000769400000|  0%| F|  |TAMS 0x0000000769200000| PB 0x0000000769200000| Untracked 
| 330|0x0000000769400000, 0x0000000769400000, 0x0000000769600000|  0%| F|  |TAMS 0x0000000769400000| PB 0x0000000769400000| Untracked 
| 331|0x0000000769600000, 0x0000000769600000, 0x0000000769800000|  0%| F|  |TAMS 0x0000000769600000| PB 0x0000000769600000| Untracked 
| 332|0x0000000769800000, 0x0000000769800000, 0x0000000769a00000|  0%| F|  |TAMS 0x0000000769800000| PB 0x0000000769800000| Untracked 
| 333|0x0000000769a00000, 0x0000000769a00000, 0x0000000769c00000|  0%| F|  |TAMS 0x0000000769a00000| PB 0x0000000769a00000| Untracked 
| 334|0x0000000769c00000, 0x0000000769c00000, 0x0000000769e00000|  0%| F|  |TAMS 0x0000000769c00000| PB 0x0000000769c00000| Untracked 
| 335|0x0000000769e00000, 0x0000000769e00000, 0x000000076a000000|  0%| F|  |TAMS 0x0000000769e00000| PB 0x0000000769e00000| Untracked 
| 336|0x000000076a000000, 0x000000076a000000, 0x000000076a200000|  0%| F|  |TAMS 0x000000076a000000| PB 0x000000076a000000| Untracked 
| 337|0x000000076a200000, 0x000000076a200000, 0x000000076a400000|  0%| F|  |TAMS 0x000000076a200000| PB 0x000000076a200000| Untracked 
| 338|0x000000076a400000, 0x000000076a400000, 0x000000076a600000|  0%| F|  |TAMS 0x000000076a400000| PB 0x000000076a400000| Untracked 
| 339|0x000000076a600000, 0x000000076a600000, 0x000000076a800000|  0%| F|  |TAMS 0x000000076a600000| PB 0x000000076a600000| Untracked 
| 340|0x000000076a800000, 0x000000076a9080b8, 0x000000076aa00000| 51%| E|  |TAMS 0x000000076a800000| PB 0x000000076a800000| Complete 
| 341|0x000000076aa00000, 0x000000076ac00000, 0x000000076ac00000|100%| E|CS|TAMS 0x000000076aa00000| PB 0x000000076aa00000| Complete 
| 342|0x000000076ac00000, 0x000000076ae00000, 0x000000076ae00000|100%| E|CS|TAMS 0x000000076ac00000| PB 0x000000076ac00000| Complete 
| 343|0x000000076ae00000, 0x000000076b000000, 0x000000076b000000|100%| E|CS|TAMS 0x000000076ae00000| PB 0x000000076ae00000| Complete 
| 344|0x000000076b000000, 0x000000076b200000, 0x000000076b200000|100%| E|CS|TAMS 0x000000076b000000| PB 0x000000076b000000| Complete 
| 345|0x000000076b200000, 0x000000076b400000, 0x000000076b400000|100%| E|CS|TAMS 0x000000076b200000| PB 0x000000076b200000| Complete 
| 346|0x000000076b400000, 0x000000076b600000, 0x000000076b600000|100%| E|CS|TAMS 0x000000076b400000| PB 0x000000076b400000| Complete 
|1491|0x00000007fa600000, 0x00000007fa800000, 0x00000007fa800000|100%| E|CS|TAMS 0x00000007fa600000| PB 0x00000007fa600000| Complete 
|1492|0x00000007fa800000, 0x00000007faa00000, 0x00000007faa00000|100%| E|CS|TAMS 0x00000007fa800000| PB 0x00000007fa800000| Complete 
|1493|0x00000007faa00000, 0x00000007fac00000, 0x00000007fac00000|100%| E|CS|TAMS 0x00000007faa00000| PB 0x00000007faa00000| Complete 
|1494|0x00000007fac00000, 0x00000007fae00000, 0x00000007fae00000|100%| E|CS|TAMS 0x00000007fac00000| PB 0x00000007fac00000| Complete 
|1495|0x00000007fae00000, 0x00000007fb000000, 0x00000007fb000000|100%| E|CS|TAMS 0x00000007fae00000| PB 0x00000007fae00000| Complete 
|1497|0x00000007fb200000, 0x00000007fb400000, 0x00000007fb400000|100%| O|  |TAMS 0x00000007fb200000| PB 0x00000007fb200000| Untracked 
|1508|0x00000007fc800000, 0x00000007fca00000, 0x00000007fca00000|100%| O|  |TAMS 0x00000007fc800000| PB 0x00000007fc800000| Untracked 
|1526|0x00000007fec00000, 0x00000007fee00000, 0x00000007fee00000|100%| E|CS|TAMS 0x00000007fec00000| PB 0x00000007fec00000| Complete 
|1527|0x00000007fee00000, 0x00000007ff000000, 0x00000007ff000000|100%| O|  |TAMS 0x00000007fee00000| PB 0x00000007fee00000| Untracked 
|1528|0x00000007ff000000, 0x00000007ff200000, 0x00000007ff200000|100%| O|  |TAMS 0x00000007ff000000| PB 0x00000007ff000000| Untracked 
|1529|0x00000007ff200000, 0x00000007ff400000, 0x00000007ff400000|100%| O|  |TAMS 0x00000007ff200000| PB 0x00000007ff200000| Untracked 
|1530|0x00000007ff400000, 0x00000007ff600000, 0x00000007ff600000|100%| O|  |TAMS 0x00000007ff400000| PB 0x00000007ff400000| Untracked 
|1531|0x00000007ff600000, 0x00000007ff800000, 0x00000007ff800000|100%| O|  |TAMS 0x00000007ff600000| PB 0x00000007ff600000| Untracked 
|1532|0x00000007ff800000, 0x00000007ffa00000, 0x00000007ffa00000|100%| O|  |TAMS 0x00000007ff800000| PB 0x00000007ff800000| Untracked 
|1533|0x00000007ffa00000, 0x00000007ffc00000, 0x00000007ffc00000|100%| O|  |TAMS 0x00000007ffa00000| PB 0x00000007ffa00000| Untracked 
|1534|0x00000007ffc00000, 0x00000007ffe00000, 0x00000007ffe00000|100%| O|  |TAMS 0x00000007ffc00000| PB 0x00000007ffc00000| Untracked 
|1535|0x00000007ffe00000, 0x0000000800000000, 0x0000000800000000|100%| O|  |TAMS 0x00000007ffe00000| PB 0x00000007ffe00000| Untracked 

Card table byte_map: [0x0000024dcb1e0000,0x0000024dcb7e0000] _byte_map_base: 0x0000024dc77e0000

Marking Bits: (CMBitMap*) 0x0000024db17f39d0
 Bits: [0x0000024dcb7e0000, 0x0000024dce7e0000)

Polling page: 0x0000024db1870000

Metaspace:

Usage:
  Non-class:     73.44 MB used.
      Class:     12.32 MB used.
       Both:     85.77 MB used.

Virtual space:
  Non-class space:      128.00 MB reserved,      74.62 MB ( 58%) committed,  2 nodes.
      Class space:        1.00 GB reserved,      13.38 MB (  1%) committed,  1 nodes.
             Both:        1.12 GB reserved,      88.00 MB (  8%) committed. 

Chunk freelists:
   Non-Class:  4.56 MB
       Class:  2.52 MB
        Both:  7.08 MB

MaxMetaspaceSize: unlimited
CompressedClassSpaceSize: 1.00 GB
Initial GC threshold: 21.00 MB
Current GC threshold: 144.81 MB
CDS: on
 - commit_granule_bytes: 65536.
 - commit_granule_words: 8192.
 - virtual_space_node_default_size: 8388608.
 - enlarge_chunks_in_place: 1.
 - use_allocation_guard: 0.


Internal statistics:

num_allocs_failed_limit: 6.
num_arena_births: 3910.
num_arena_deaths: 0.
num_vsnodes_births: 3.
num_vsnodes_deaths: 0.
num_space_committed: 1408.
num_space_uncommitted: 0.
num_chunks_returned_to_freelist: 6.
num_chunks_taken_from_freelist: 8073.
num_chunk_merges: 6.
num_chunk_splits: 5010.
num_chunks_enlarged: 2887.
num_inconsistent_stats: 0.

CodeHeap 'non-profiled nmethods': size=120064Kb used=7742Kb max_used=7742Kb free=112321Kb
 bounds [0x0000024dc3280000, 0x0000024dc3a10000, 0x0000024dca7c0000]
CodeHeap 'profiled nmethods': size=120000Kb used=21991Kb max_used=21991Kb free=98008Kb
 bounds [0x0000024dbb7c0000, 0x0000024dbcd40000, 0x0000024dc2cf0000]
CodeHeap 'non-nmethods': size=5696Kb used=2734Kb max_used=2792Kb free=2961Kb
 bounds [0x0000024dc2cf0000, 0x0000024dc2fc0000, 0x0000024dc3280000]
CodeCache: size=245760Kb, used=32467Kb, max_used=32525Kb, free=213290Kb
 total_blobs=12573, nmethods=11580, adapters=896, full_count=0
Compilation: enabled, stopped_count=0, restarted_count=0

Compilation events (20 events):
Event: 272.447 Thread 0x0000024dd0bd4fd0 nmethod 13894 0x0000024dbcd36390 code [0x0000024dbcd36540, 0x0000024dbcd366e8]
Event: 272.447 Thread 0x0000024dd0bd4fd0 13895       3       java.util.TimSort::mergeForceCollapse (50 bytes)
Event: 272.447 Thread 0x0000024dd0bd4fd0 nmethod 13895 0x0000024dbcd36790 code [0x0000024dbcd36960, 0x0000024dbcd36c08]
Event: 272.450 Thread 0x0000024dd0bd4fd0 13896       3       org.gradle.internal.logging.serializer.LogEventSerializer::write (96 bytes)
Event: 272.451 Thread 0x0000024dd0bd4fd0 nmethod 13896 0x0000024dbcd36d90 code [0x0000024dbcd36fe0, 0x0000024dbcd37b68]
Event: 273.295 Thread 0x0000024dd0bb69f0 13898       4       jdk.internal.org.objectweb.asm.Label::getCanonicalInstance (19 bytes)
Event: 273.296 Thread 0x0000024dd0bb69f0 nmethod 13898 0x0000024dc3a0a090 code [0x0000024dc3a0a220, 0x0000024dc3a0a2c8]
Event: 273.300 Thread 0x0000024dd0bb69f0 13899       4       java.security.MessageDigest::update (14 bytes)
Event: 273.301 Thread 0x0000024dd0bb69f0 nmethod 13899 0x0000024dc3a0a390 code [0x0000024dc3a0a520, 0x0000024dc3a0a600]
Event: 274.225 Thread 0x0000024dd0bd4fd0 13900       3       org.gradle.internal.dispatch.MethodInvocation::<init> (25 bytes)
Event: 274.225 Thread 0x0000024dd0bd4fd0 nmethod 13900 0x0000024dbcd37d90 code [0x0000024dbcd37f40, 0x0000024dbcd381b8]
Event: 276.886 Thread 0x0000024dd0bb69f0 13901       4       java.lang.StringConcatHelper::stringOf (20 bytes)
Event: 276.886 Thread 0x0000024dd0bb69f0 nmethod 13901 0x0000024dc3a0a710 code [0x0000024dc3a0a8a0, 0x0000024dc3a0a948]
Event: 281.589 Thread 0x0000024dd0bb69f0 13902       4       org.slf4j.helpers.MessageFormatter::arrayFormat (23 bytes)
Event: 281.673 Thread 0x0000024dd0bb69f0 nmethod 13902 0x0000024dc3a0aa10 code [0x0000024dc3a0aea0, 0x0000024dc3a0dd18]
Event: 283.818 Thread 0x0000024dd0bd4fd0 13903       3       java.lang.invoke.LambdaForm$MH/0x0000024dd20c0800::invoke (57 bytes)
Event: 283.818 Thread 0x0000024dd0bd4fd0 nmethod 13903 0x0000024dbcd38290 code [0x0000024dbcd384a0, 0x0000024dbcd38da8]
Event: 286.653 Thread 0x0000024dd0bd4fd0 13904       3       com.esotericsoftware.kryo.io.Output::writeUtf8Length (405 bytes)
Event: 286.654 Thread 0x0000024dd0bd4fd0 nmethod 13904 0x0000024dbcd38f90 code [0x0000024dbcd391e0, 0x0000024dbcd39990]
Event: 286.913 Thread 0x0000024dd0bb69f0 13905       4       org.gradle.internal.logging.sink.LogEventDispatcher::onOutput (60 bytes)

GC Heap History (20 events):
Event: 33.353 GC heap before
{Heap before GC invocations=28 (full 0):
 garbage-first heap   total 235520K, used 189440K [0x0000000740000000, 0x0000000800000000)
  region size 2048K, 30 young (61440K), 6 survivors (12288K)
 Metaspace       used 78931K, committed 81088K, reserved 1179648K
  class space    used 11498K, committed 12544K, reserved 1048576K
}
Event: 33.430 GC heap after
{Heap after GC invocations=29 (full 0):
 garbage-first heap   total 405504K, used 174080K [0x0000000740000000, 0x0000000800000000)
  region size 2048K, 4 young (8192K), 4 survivors (8192K)
 Metaspace       used 78931K, committed 81088K, reserved 1179648K
  class space    used 11498K, committed 12544K, reserved 1048576K
}
Event: 36.571 GC heap before
{Heap before GC invocations=30 (full 0):
 garbage-first heap   total 405504K, used 401408K [0x0000000740000000, 0x0000000800000000)
  region size 2048K, 54 young (110592K), 4 survivors (8192K)
 Metaspace       used 79548K, committed 81728K, reserved 1179648K
  class space    used 11552K, committed 12608K, reserved 1048576K
}
Event: 36.671 GC heap after
{Heap after GC invocations=31 (full 0):
 garbage-first heap   total 454656K, used 216064K [0x0000000740000000, 0x0000000800000000)
  region size 2048K, 7 young (14336K), 7 survivors (14336K)
 Metaspace       used 79548K, committed 81728K, reserved 1179648K
  class space    used 11552K, committed 12608K, reserved 1048576K
}
Event: 37.363 GC heap before
{Heap before GC invocations=31 (full 0):
 garbage-first heap   total 454656K, used 338944K [0x0000000740000000, 0x0000000800000000)
  region size 2048K, 59 young (120832K), 7 survivors (14336K)
 Metaspace       used 79720K, committed 81856K, reserved 1179648K
  class space    used 11565K, committed 12608K, reserved 1048576K
}
Event: 37.447 GC heap after
{Heap after GC invocations=32 (full 0):
 garbage-first heap   total 454656K, used 269312K [0x0000000740000000, 0x0000000800000000)
  region size 2048K, 8 young (16384K), 8 survivors (16384K)
 Metaspace       used 79720K, committed 81856K, reserved 1179648K
  class space    used 11565K, committed 12608K, reserved 1048576K
}
Event: 37.516 GC heap before
{Heap before GC invocations=32 (full 0):
 garbage-first heap   total 454656K, used 349184K [0x0000000740000000, 0x0000000800000000)
  region size 2048K, 47 young (96256K), 8 survivors (16384K)
 Metaspace       used 79720K, committed 81856K, reserved 1179648K
  class space    used 11565K, committed 12608K, reserved 1048576K
}
Event: 37.592 GC heap after
{Heap after GC invocations=33 (full 0):
 garbage-first heap   total 454656K, used 322560K [0x0000000740000000, 0x0000000800000000)
  region size 2048K, 6 young (12288K), 6 survivors (12288K)
 Metaspace       used 79720K, committed 81856K, reserved 1179648K
  class space    used 11565K, committed 12608K, reserved 1048576K
}
Event: 38.123 GC heap before
{Heap before GC invocations=34 (full 0):
 garbage-first heap   total 454656K, used 293888K [0x0000000740000000, 0x0000000800000000)
  region size 2048K, 32 young (65536K), 6 survivors (12288K)
 Metaspace       used 79825K, committed 81920K, reserved 1179648K
  class space    used 11565K, committed 12608K, reserved 1048576K
}
Event: 38.205 GC heap after
{Heap after GC invocations=35 (full 0):
 garbage-first heap   total 454656K, used 268288K [0x0000000740000000, 0x0000000800000000)
  region size 2048K, 4 young (8192K), 4 survivors (8192K)
 Metaspace       used 79825K, committed 81920K, reserved 1179648K
  class space    used 11565K, committed 12608K, reserved 1048576K
}
Event: 38.269 GC heap before
{Heap before GC invocations=35 (full 0):
 garbage-first heap   total 454656K, used 337920K [0x0000000740000000, 0x0000000800000000)
  region size 2048K, 39 young (79872K), 4 survivors (8192K)
 Metaspace       used 79848K, committed 81984K, reserved 1179648K
  class space    used 11568K, committed 12608K, reserved 1048576K
}
Event: 38.335 GC heap after
{Heap after GC invocations=36 (full 0):
 garbage-first heap   total 454656K, used 293888K [0x0000000740000000, 0x0000000800000000)
  region size 2048K, 5 young (10240K), 5 survivors (10240K)
 Metaspace       used 79848K, committed 81984K, reserved 1179648K
  class space    used 11568K, committed 12608K, reserved 1048576K
}
Event: 38.379 GC heap before
{Heap before GC invocations=36 (full 0):
 garbage-first heap   total 454656K, used 353280K [0x0000000740000000, 0x0000000800000000)
  region size 2048K, 34 young (69632K), 5 survivors (10240K)
 Metaspace       used 79855K, committed 81984K, reserved 1179648K
  class space    used 11568K, committed 12608K, reserved 1048576K
}
Event: 38.443 GC heap after
{Heap after GC invocations=37 (full 0):
 garbage-first heap   total 1249280K, used 332800K [0x0000000740000000, 0x0000000800000000)
  region size 2048K, 5 young (10240K), 5 survivors (10240K)
 Metaspace       used 79855K, committed 81984K, reserved 1179648K
  class space    used 11568K, committed 12608K, reserved 1048576K
}
Event: 265.755 GC heap before
{Heap before GC invocations=38 (full 0):
 garbage-first heap   total 745472K, used 363520K [0x0000000740000000, 0x0000000800000000)
  region size 2048K, 69 young (141312K), 5 survivors (10240K)
 Metaspace       used 84156K, committed 86400K, reserved 1179648K
  class space    used 12092K, committed 13184K, reserved 1048576K
}
Event: 265.838 GC heap after
{Heap after GC invocations=39 (full 0):
 garbage-first heap   total 745472K, used 258048K [0x0000000740000000, 0x0000000800000000)
  region size 2048K, 9 young (18432K), 9 survivors (18432K)
 Metaspace       used 84156K, committed 86400K, reserved 1179648K
  class space    used 12092K, committed 13184K, reserved 1048576K
}
Event: 268.761 GC heap before
{Heap before GC invocations=39 (full 0):
 garbage-first heap   total 745472K, used 546816K [0x0000000740000000, 0x0000000800000000)
  region size 2048K, 92 young (188416K), 9 survivors (18432K)
 Metaspace       used 86637K, committed 88896K, reserved 1179648K
  class space    used 12417K, committed 13504K, reserved 1048576K
}
Event: 268.925 GC heap after
{Heap after GC invocations=40 (full 0):
 garbage-first heap   total 745472K, used 333824K [0x0000000740000000, 0x0000000800000000)
  region size 2048K, 12 young (24576K), 12 survivors (24576K)
 Metaspace       used 86637K, committed 88896K, reserved 1179648K
  class space    used 12417K, committed 13504K, reserved 1048576K
}
Event: 269.909 GC heap before
{Heap before GC invocations=40 (full 0):
 garbage-first heap   total 745472K, used 411648K [0x0000000740000000, 0x0000000800000000)
  region size 2048K, 51 young (104448K), 12 survivors (24576K)
 Metaspace       used 86748K, committed 88960K, reserved 1179648K
  class space    used 12429K, committed 13504K, reserved 1048576K
}
Event: 270.021 GC heap after
{Heap after GC invocations=41 (full 0):
 garbage-first heap   total 745472K, used 380928K [0x0000000740000000, 0x0000000800000000)
  region size 2048K, 9 young (18432K), 9 survivors (18432K)
 Metaspace       used 86748K, committed 88960K, reserved 1179648K
  class space    used 12429K, committed 13504K, reserved 1048576K
}

Dll operation events (15 events):
Event: 0.015 Loaded shared library C:\Program Files\Eclipse Adoptium\jdk-21.0.9.10-hotspot\bin\java.dll
Event: 0.057 Loaded shared library C:\Program Files\Eclipse Adoptium\jdk-21.0.9.10-hotspot\bin\jsvml.dll
Event: 0.136 Loaded shared library C:\Program Files\Eclipse Adoptium\jdk-21.0.9.10-hotspot\bin\zip.dll
Event: 0.141 Loaded shared library C:\Program Files\Eclipse Adoptium\jdk-21.0.9.10-hotspot\bin\instrument.dll
Event: 0.150 Loaded shared library C:\Program Files\Eclipse Adoptium\jdk-21.0.9.10-hotspot\bin\net.dll
Event: 0.152 Loaded shared library C:\Program Files\Eclipse Adoptium\jdk-21.0.9.10-hotspot\bin\nio.dll
Event: 0.160 Loaded shared library C:\Program Files\Eclipse Adoptium\jdk-21.0.9.10-hotspot\bin\zip.dll
Event: 0.599 Loaded shared library C:\Program Files\Eclipse Adoptium\jdk-21.0.9.10-hotspot\bin\jimage.dll
Event: 0.753 Loaded shared library C:\Program Files\Eclipse Adoptium\jdk-21.0.9.10-hotspot\bin\verify.dll
Event: 1.046 Loaded shared library C:\Users\Seusyn\.gradle\native\c067742578af261105cb4f569cf0c3c89f3d7b1fecec35dd04571415982c5e48\windows-amd64\native-platform.dll
Event: 1.057 Loaded shared library C:\Users\Seusyn\.gradle\native\100fb08df4bc3b14c8652ba06237920a3bd2aa13389f12d3474272988ae205f9\windows-amd64\native-platform-file-events.dll
Event: 4.662 Loaded shared library C:\Program Files\Eclipse Adoptium\jdk-21.0.9.10-hotspot\bin\management.dll
Event: 4.668 Loaded shared library C:\Program Files\Eclipse Adoptium\jdk-21.0.9.10-hotspot\bin\management_ext.dll
Event: 5.053 Loaded shared library C:\Program Files\Eclipse Adoptium\jdk-21.0.9.10-hotspot\bin\extnet.dll
Event: 5.352 Loaded shared library C:\Program Files\Eclipse Adoptium\jdk-21.0.9.10-hotspot\bin\sunmscapi.dll

Deoptimization events (20 events):
Event: 274.342 Thread 0x0000024e1aa7d0f0 Uncommon trap: trap_request=0xffffff45 fr.pc=0x0000024dc392b4b4 relative=0x0000000000000994
Event: 274.342 Thread 0x0000024e1aa7d0f0 Uncommon trap: reason=unstable_if action=reinterpret pc=0x0000024dc392b4b4 method=org.gradle.internal.operations.OperationIdentifier.equals(Ljava/lang/Object;)Z @ 38 c2
Event: 274.342 Thread 0x0000024e1aa7d0f0 DEOPT PACKING pc=0x0000024dc392b4b4 sp=0x000000fcbe8feab0
Event: 274.342 Thread 0x0000024e1aa7d0f0 DEOPT UNPACKING pc=0x0000024dc2d4439c sp=0x000000fcbe8fe658 mode 2
Event: 274.342 Thread 0x0000024e1aa7d0f0 Uncommon trap: trap_request=0xffffff45 fr.pc=0x0000024dc387b0dc relative=0x00000000000002fc
Event: 274.342 Thread 0x0000024e1aa7d0f0 Uncommon trap: reason=unstable_if action=reinterpret pc=0x0000024dc387b0dc method=org.gradle.internal.operations.OperationIdentifier.equals(Ljava/lang/Object;)Z @ 38 c2
Event: 274.342 Thread 0x0000024e1aa7d0f0 DEOPT PACKING pc=0x0000024dc387b0dc sp=0x000000fcbe8fe810
Event: 274.342 Thread 0x0000024e1aa7d0f0 DEOPT UNPACKING pc=0x0000024dc2d4439c sp=0x000000fcbe8fe658 mode 2
Event: 286.912 Thread 0x0000024e1aa78f50 Uncommon trap: trap_request=0xffffff66 fr.pc=0x0000024dc38d92a4 relative=0x0000000000001b24
Event: 286.912 Thread 0x0000024e1aa78f50 Uncommon trap: reason=speculate_class_check action=maybe_recompile pc=0x0000024dc38d92a4 method=org.gradle.internal.logging.console.StyledTextOutputBackedRenderer.onOutput(Lorg/gradle/internal/logging/events/OutputEvent;)V @ 196 c2
Event: 286.912 Thread 0x0000024e1aa78f50 DEOPT PACKING pc=0x0000024dc38d92a4 sp=0x000000fcbe6fe1a0
Event: 286.912 Thread 0x0000024e1aa78f50 DEOPT UNPACKING pc=0x0000024dc2d4439c sp=0x000000fcbe6fe0e0 mode 2
Event: 286.912 Thread 0x0000024e1aa78f50 Uncommon trap: trap_request=0xffffff66 fr.pc=0x0000024dc38d92a4 relative=0x0000000000001b24
Event: 286.912 Thread 0x0000024e1aa78f50 Uncommon trap: reason=speculate_class_check action=maybe_recompile pc=0x0000024dc38d92a4 method=org.gradle.internal.logging.console.StyledTextOutputBackedRenderer.onOutput(Lorg/gradle/internal/logging/events/OutputEvent;)V @ 196 c2
Event: 286.912 Thread 0x0000024e1aa78f50 DEOPT PACKING pc=0x0000024dc38d92a4 sp=0x000000fcbe6fe1a0
Event: 286.912 Thread 0x0000024e1aa78f50 DEOPT UNPACKING pc=0x0000024dc2d4439c sp=0x000000fcbe6fe0e0 mode 2
Event: 286.913 Thread 0x0000024e1aa78f50 Uncommon trap: trap_request=0xffffff66 fr.pc=0x0000024dc38d92a4 relative=0x0000000000001b24
Event: 286.913 Thread 0x0000024e1aa78f50 Uncommon trap: reason=speculate_class_check action=maybe_recompile pc=0x0000024dc38d92a4 method=org.gradle.internal.logging.console.StyledTextOutputBackedRenderer.onOutput(Lorg/gradle/internal/logging/events/OutputEvent;)V @ 196 c2
Event: 286.913 Thread 0x0000024e1aa78f50 DEOPT PACKING pc=0x0000024dc38d92a4 sp=0x000000fcbe6fe1a0
Event: 286.913 Thread 0x0000024e1aa78f50 DEOPT UNPACKING pc=0x0000024dc2d4439c sp=0x000000fcbe6fe0e0 mode 2

Classes loaded (20 events):
Event: 274.220 Loading class jdk/internal/access/JavaObjectInputStreamReadString
Event: 274.220 Loading class jdk/internal/access/JavaObjectInputStreamReadString done
Event: 274.220 Loading class java/io/ObjectInputStream$BlockDataInputStream
Event: 274.221 Loading class java/io/ObjectInputStream$BlockDataInputStream done
Event: 274.221 Loading class java/io/ObjectInputStream$PeekInputStream
Event: 274.221 Loading class java/io/ObjectInputStream$PeekInputStream done
Event: 274.222 Loading class java/io/ObjectInputStream$HandleTable
Event: 274.222 Loading class java/io/ObjectInputStream$HandleTable done
Event: 274.222 Loading class java/io/ObjectInputStream$HandleTable$HandleList
Event: 274.222 Loading class java/io/ObjectInputStream$HandleTable$HandleList done
Event: 274.222 Loading class java/io/ObjectInputStream$ValidationList
Event: 274.222 Loading class java/io/ObjectInputStream$ValidationList done
Event: 274.222 Loading class java/io/ObjectInputFilter$Config
Event: 274.223 Loading class java/io/ObjectInputFilter$Config done
Event: 274.223 Loading class java/io/ObjectInputFilter
Event: 274.223 Loading class java/io/ObjectInputFilter done
Event: 274.224 Loading class java/io/ObjectInputFilter$Config$BuiltinFilterFactory
Event: 274.224 Loading class java/io/ObjectInputFilter$Config$BuiltinFilterFactory done
Event: 274.224 Loading class jdk/internal/access/JavaObjectInputFilterAccess
Event: 274.224 Loading class jdk/internal/access/JavaObjectInputFilterAccess done

Classes unloaded (0 events):
No events

Classes redefined (0 events):
No events

Internal exceptions (20 events):
Event: 267.798 Thread 0x0000024dd0c31090 Implicit null exception at 0x0000024dc394df6a to 0x0000024dc394e014
Event: 268.163 Thread 0x0000024dd0c31090 Exception <a 'java/lang/ClassNotFoundException'{0x0000000768a34348}: net/minecraftforge/gradle/common/util/runs/MinecraftRunTask_DecoratedBeanInfo> (0x0000000768a34348) 
thrown [s\src\hotspot\share\classfile\systemDictionary.cpp, line 312]
Event: 268.163 Thread 0x0000024dd0c31090 Exception <a 'java/lang/ClassNotFoundException'{0x0000000768a3ec58}: net/minecraftforge/gradle/common/util/runs/MinecraftRunTaskBeanInfo> (0x0000000768a3ec58) 
thrown [s\src\hotspot\share\classfile\systemDictionary.cpp, line 312]
Event: 268.164 Thread 0x0000024dd0c31090 Exception <a 'java/lang/ClassNotFoundException'{0x0000000768a49528}: net/minecraftforge/gradle/common/util/runs/MinecraftRunTaskCustomizer> (0x0000000768a49528) 
thrown [s\src\hotspot\share\classfile\systemDictionary.cpp, line 312]
Event: 268.165 Thread 0x0000024dd0c31090 Exception <a 'java/lang/ClassNotFoundException'{0x0000000768a7a688}: net/minecraftforge/gradle/common/util/runs/MinecraftRunTask_DecoratedCustomizer> (0x0000000768a7a688) 
thrown [s\src\hotspot\share\classfile\systemDictionary.cpp, line 312]
Event: 268.313 Thread 0x0000024e18132aa0 Exception <a 'java/lang/NoSuchMethodError'{0x00000007689b22f0}: 'int java.lang.invoke.DirectMethodHandle$Holder.invokeSpecial(java.lang.Object, java.lang.Object, java.lang.Object, java.lang.Object, java.lang.Object)'> (0x00000007689b22f0) 
thrown [s\src\hotspot\share\interpreter\linkResolver.cpp, line 773]
Event: 271.927 Thread 0x0000024e18132aa0 Exception <a 'java/lang/ClassNotFoundException'{0x00000007fa68dbe8}: org/codehaus/groovy/runtime/NullObjectBeanInfo> (0x00000007fa68dbe8) 
thrown [s\src\hotspot\share\classfile\systemDictionary.cpp, line 312]
Event: 271.927 Thread 0x0000024e18132aa0 Exception <a 'java/lang/ClassNotFoundException'{0x00000007fa69d4b0}: org/codehaus/groovy/runtime/NullObjectCustomizer> (0x00000007fa69d4b0) 
thrown [s\src\hotspot\share\classfile\systemDictionary.cpp, line 312]
Event: 272.225 Thread 0x0000024e18132aa0 Exception <a 'java/lang/NoSuchMethodError'{0x000000076b2bf5b0}: static Lorg/gradle/api/internal/tasks/compile/DaemonJavaCompiler$JavaCompilerParameters;.<clinit>()V> (0x000000076b2bf5b0) 
thrown [s\src\hotspot\share\prims\jni.cpp, line 1111]
Event: 272.226 Thread 0x0000024e18132aa0 Exception <a 'java/lang/NoSuchMethodError'{0x000000076b2c2260}: static Lorg/gradle/api/internal/tasks/compile/daemon/CompilerWorkerExecutor$CompilerParameters;.<clinit>()V> (0x000000076b2c2260) 
thrown [s\src\hotspot\share\prims\jni.cpp, line 1111]
Event: 272.228 Thread 0x0000024e18132aa0 Exception <a 'java/lang/NoSuchMethodError'{0x000000076b2df148}: static Ljava/lang/Object;.<clinit>()V> (0x000000076b2df148) 
thrown [s\src\hotspot\share\prims\jni.cpp, line 1111]
Event: 272.229 Thread 0x0000024e18132aa0 Exception <a 'java/lang/NoSuchMethodError'{0x000000076b2f47f8}: static Ljava/util/AbstractList;.<clinit>()V> (0x000000076b2f47f8) 
thrown [s\src\hotspot\share\prims\jni.cpp, line 1111]
Event: 272.235 Thread 0x0000024e18132aa0 Exception <a 'java/lang/NoSuchMethodError'{0x000000076b33a9e0}: static Lorg/gradle/api/internal/tasks/compile/DefaultJavaCompileSpecFactory$DefaultForkingJavaCompileSpec;.<clinit>()V> (0x000000076b33a9e0) 
thrown [s\src\hotspot\share\prims\jni.cpp, line 1111]
Event: 272.235 Thread 0x0000024e18132aa0 Exception <a 'java/lang/NoSuchMethodError'{0x000000076b342ab8}: static Lorg/gradle/api/internal/tasks/compile/DefaultJavaCompileSpec;.<clinit>()V> (0x000000076b342ab8) 
thrown [s\src\hotspot\share\prims\jni.cpp, line 1111]
Event: 272.235 Thread 0x0000024e18132aa0 Exception <a 'java/lang/NoSuchMethodError'{0x000000076b347f60}: static Lorg/gradle/api/internal/tasks/compile/DefaultJvmLanguageCompileSpec;.<clinit>()V> (0x000000076b347f60) 
thrown [s\src\hotspot\share\prims\jni.cpp, line 1111]
Event: 272.250 Thread 0x0000024e18132aa0 Exception <a 'java/lang/NoSuchMethodError'{0x000000076b3c21d0}: static Lorg/gradle/api/internal/tasks/compile/MinimalJavaCompileOptions;.<clinit>()V> (0x000000076b3c21d0) 
thrown [s\src\hotspot\share\prims\jni.cpp, line 1111]
Event: 272.256 Thread 0x0000024e18132aa0 Exception <a 'java/lang/NoSuchMethodError'{0x000000076b032df0}: static Lorg/gradle/api/internal/tasks/compile/MinimalJavaCompilerDaemonForkOptions;.<clinit>()V> (0x000000076b032df0) 
thrown [s\src\hotspot\share\prims\jni.cpp, line 1111]
Event: 272.256 Thread 0x0000024e18132aa0 Exception <a 'java/lang/NoSuchMethodError'{0x000000076b035500}: static Lorg/gradle/api/internal/tasks/compile/MinimalCompilerDaemonForkOptions;.<clinit>()V> (0x000000076b035500) 
thrown [s\src\hotspot\share\prims\jni.cpp, line 1111]
Event: 272.373 Thread 0x0000024e18132aa0 Implicit null exception at 0x0000024dc39dd076 to 0x0000024dc39df848
Event: 272.440 Thread 0x0000024e18132aa0 Exception <a 'java/lang/NoSuchMethodError'{0x000000076afeb4f8}: static Lorg/gradle/process/internal/worker/request/WorkerAction;.<clinit>()V> (0x000000076afeb4f8) 
thrown [s\src\hotspot\share\prims\jni.cpp, line 1111]

ZGC Phase Switch (0 events):
No events

VM Operations (20 events):
Event: 268.761 Executing VM operation: G1CollectForAllocation (G1 Evacuation Pause)
Event: 268.925 Executing VM operation: G1CollectForAllocation (G1 Evacuation Pause) done
Event: 269.909 Executing VM operation: G1TryInitiateConcMark (G1 Humongous Allocation)
Event: 270.021 Executing VM operation: G1TryInitiateConcMark (G1 Humongous Allocation) done
Event: 270.445 Executing VM operation: G1PauseRemark
Event: 270.458 Executing VM operation: G1PauseRemark done
Event: 270.611 Executing VM operation: G1PauseCleanup
Event: 270.611 Executing VM operation: G1PauseCleanup done
Event: 271.624 Executing VM operation: Cleanup
Event: 271.624 Executing VM operation: Cleanup done
Event: 272.259 Executing VM operation: HandshakeAllThreads (Deoptimize)
Event: 272.259 Executing VM operation: HandshakeAllThreads (Deoptimize) done
Event: 273.273 Executing VM operation: Cleanup
Event: 273.273 Executing VM operation: Cleanup done
Event: 273.371 Executing VM operation: HandshakeAllThreads (Deoptimize)
Event: 273.372 Executing VM operation: HandshakeAllThreads (Deoptimize) done
Event: 274.383 Executing VM operation: Cleanup
Event: 274.383 Executing VM operation: Cleanup done
Event: 286.538 Executing VM operation: Cleanup
Event: 286.538 Executing VM operation: Cleanup done

Memory protections (0 events):
No events

Nmethod flushes (20 events):
Event: 270.457 Thread 0x0000024dd0b8f830 flushing  nmethod 0x0000024dbc484b90
Event: 270.457 Thread 0x0000024dd0b8f830 flushing  nmethod 0x0000024dbc488390
Event: 270.457 Thread 0x0000024dd0b8f830 flushing  nmethod 0x0000024dbc50be90
Event: 270.457 Thread 0x0000024dd0b8f830 flushing  nmethod 0x0000024dbc857c10
Event: 270.457 Thread 0x0000024dd0b8f830 flushing  nmethod 0x0000024dbc8a6c90
Event: 270.457 Thread 0x0000024dd0b8f830 flushing  nmethod 0x0000024dbc8a8c10
Event: 270.457 Thread 0x0000024dd0b8f830 flushing  nmethod 0x0000024dbc8aa910
Event: 270.457 Thread 0x0000024dd0b8f830 flushing  nmethod 0x0000024dbc940410
Event: 270.457 Thread 0x0000024dd0b8f830 flushing  nmethod 0x0000024dbc940b90
Event: 270.457 Thread 0x0000024dd0b8f830 flushing  nmethod 0x0000024dc372bd90
Event: 270.457 Thread 0x0000024dd0b8f830 flushing  nmethod 0x0000024dbbb6da90
Event: 270.457 Thread 0x0000024dd0b8f830 flushing  nmethod 0x0000024dbc045b10
Event: 270.457 Thread 0x0000024dd0b8f830 flushing  nmethod 0x0000024dbc054790
Event: 270.457 Thread 0x0000024dd0b8f830 flushing  nmethod 0x0000024dbc07b490
Event: 270.457 Thread 0x0000024dd0b8f830 flushing  nmethod 0x0000024dbc4f8f90
Event: 270.457 Thread 0x0000024dd0b8f830 flushing  nmethod 0x0000024dbc7afc90
Event: 270.457 Thread 0x0000024dd0b8f830 flushing  nmethod 0x0000024dbc849790
Event: 270.457 Thread 0x0000024dd0b8f830 flushing  nmethod 0x0000024dbc906410
Event: 270.457 Thread 0x0000024dd0b8f830 flushing  nmethod 0x0000024dbc947f10
Event: 270.457 Thread 0x0000024dd0b8f830 flushing  nmethod 0x0000024dbc948410

Events (20 events):
Event: 267.603 Thread 0x0000024dd0c31090 Thread added: 0x0000024e18138d10
Event: 267.800 Thread 0x0000024dd0c31090 Thread added: 0x0000024e18135f20
Event: 268.179 Thread 0x0000024dd0c31090 Thread added: 0x0000024e181365b0
Event: 268.194 Thread 0x0000024e181365b0 Thread added: 0x0000024e18132aa0
Event: 268.197 Thread 0x0000024e181365b0 Thread added: 0x0000024e181337c0
Event: 271.431 Thread 0x0000024e18132aa0 Thread added: 0x0000024e1aa78230
Event: 272.005 Thread 0x0000024e18132aa0 Thread added: 0x0000024e1aa7bd40
Event: 272.372 Thread 0x0000024e18132aa0 Thread added: 0x0000024e1aa7ca60
Event: 272.445 Thread 0x0000024e18132aa0 Thread added: 0x0000024e1aa788c0
Event: 272.455 Thread 0x0000024e1aa788c0 Thread added: 0x0000024e1aa7d0f0
Event: 272.455 Thread 0x0000024e1aa788c0 Thread added: 0x0000024e1aa7d780
Event: 272.455 Thread 0x0000024e1aa788c0 Thread added: 0x0000024e1aa7e4a0
Event: 272.455 Thread 0x0000024e1aa788c0 Thread added: 0x0000024e1aa78f50
Event: 272.456 Thread 0x0000024e1aa7d0f0 Thread exited: 0x0000024e1aa7d0f0
Event: 273.291 Thread 0x0000024e1aa7ca60 Thread added: 0x0000024e1aa77510
Event: 273.292 Thread 0x0000024e1aa7ca60 Thread added: 0x0000024e1aa79c70
Event: 273.292 Thread 0x0000024e18132aa0 Thread added: 0x0000024e1aa7d0f0
Event: 273.376 Thread 0x0000024e18132aa0 Thread added: 0x0000024e1aa7a990
Event: 273.377 Thread 0x0000024e18132aa0 Thread added: 0x0000024e1aa7b020
Event: 279.805 Thread 0x0000024e181344e0 Thread exited: 0x0000024e181344e0


Dynamic libraries:
0x00007ff731170000 - 0x00007ff73117e000 	C:\Program Files\Eclipse Adoptium\jdk-21.0.9.10-hotspot\bin\java.exe
0x00007fffd5450000 - 0x00007fffd5648000 	C:\Windows\SYSTEM32\ntdll.dll
0x00007fffd4e20000 - 0x00007fffd4ee2000 	C:\Windows\System32\KERNEL32.DLL
0x00007fffd2be0000 - 0x00007fffd2ed6000 	C:\Windows\System32\KERNELBASE.dll
0x00007fffd2ae0000 - 0x00007fffd2be0000 	C:\Windows\System32\ucrtbase.dll
0x00007fffc3d90000 - 0x00007fffc3da8000 	C:\Program Files\Eclipse Adoptium\jdk-21.0.9.10-hotspot\bin\jli.dll
0x00007fffd37c0000 - 0x00007fffd3961000 	C:\Windows\System32\USER32.dll
0x00007fffd33c0000 - 0x00007fffd33e2000 	C:\Windows\System32\win32u.dll
0x00007fffd3790000 - 0x00007fffd37bb000 	C:\Windows\System32\GDI32.dll
0x00007fffd32a0000 - 0x00007fffd33b9000 	C:\Windows\System32\gdi32full.dll
0x00007fffd3180000 - 0x00007fffd321d000 	C:\Windows\System32\msvcp_win.dll
0x00007fffc3d30000 - 0x00007fffc3d4e000 	C:\Program Files\Eclipse Adoptium\jdk-21.0.9.10-hotspot\bin\VCRUNTIME140.dll
0x00007fffbf840000 - 0x00007fffbfadb000 	C:\Windows\WinSxS\amd64_microsoft.windows.common-controls_6595b64144ccf1df_6.0.19041.6456_none_60b8a6cb71f64256\COMCTL32.dll
0x00007fffd36f0000 - 0x00007fffd378e000 	C:\Windows\System32\msvcrt.dll
0x00007fffd3d70000 - 0x00007fffd3d9f000 	C:\Windows\System32\IMM32.DLL
0x00007fffcbcb0000 - 0x00007fffcbcbc000 	C:\Program Files\Eclipse Adoptium\jdk-21.0.9.10-hotspot\bin\vcruntime140_1.dll
0x00007fffa7dd0000 - 0x00007fffa7e5d000 	C:\Program Files\Eclipse Adoptium\jdk-21.0.9.10-hotspot\bin\msvcp140.dll
0x00007fff87560000 - 0x00007fff88300000 	C:\Program Files\Eclipse Adoptium\jdk-21.0.9.10-hotspot\bin\server\jvm.dll
0x00007fffd52e0000 - 0x00007fffd5391000 	C:\Windows\System32\ADVAPI32.dll
0x00007fffd4440000 - 0x00007fffd44df000 	C:\Windows\System32\sechost.dll
0x00007fffd4d00000 - 0x00007fffd4e20000 	C:\Windows\System32\RPCRT4.dll
0x00007fffd3440000 - 0x00007fffd3467000 	C:\Windows\System32\bcrypt.dll
0x00007fffd4210000 - 0x00007fffd427b000 	C:\Windows\System32\WS2_32.dll
0x00007fffd2940000 - 0x00007fffd298b000 	C:\Windows\SYSTEM32\POWRPROF.dll
0x00007fffbea20000 - 0x00007fffbea47000 	C:\Windows\SYSTEM32\WINMM.dll
0x00007fffcde30000 - 0x00007fffcde3a000 	C:\Windows\SYSTEM32\VERSION.dll
0x00007fffd2920000 - 0x00007fffd2932000 	C:\Windows\SYSTEM32\UMPDC.dll
0x00007fffd0970000 - 0x00007fffd0982000 	C:\Windows\SYSTEM32\kernel.appcore.dll
0x00007fffcbc80000 - 0x00007fffcbc8a000 	C:\Program Files\Eclipse Adoptium\jdk-21.0.9.10-hotspot\bin\jimage.dll
0x00007fffb2810000 - 0x00007fffb2a11000 	C:\Windows\SYSTEM32\DBGHELP.DLL
0x00007fffb27d0000 - 0x00007fffb2804000 	C:\Windows\SYSTEM32\dbgcore.DLL
0x00007fffd3040000 - 0x00007fffd30c2000 	C:\Windows\System32\bcryptPrimitives.dll
0x00007fffcad60000 - 0x00007fffcad6f000 	C:\Program Files\Eclipse Adoptium\jdk-21.0.9.10-hotspot\bin\instrument.dll
0x00007fffc1d80000 - 0x00007fffc1da0000 	C:\Program Files\Eclipse Adoptium\jdk-21.0.9.10-hotspot\bin\java.dll
0x00007fffd44e0000 - 0x00007fffd4c50000 	C:\Windows\System32\SHELL32.dll
0x00007fffd0b70000 - 0x00007fffd1315000 	C:\Windows\SYSTEM32\windows.storage.dll
0x00007fffd4ef0000 - 0x00007fffd5244000 	C:\Windows\System32\combase.dll
0x00007fffd2430000 - 0x00007fffd245b000 	C:\Windows\SYSTEM32\Wldp.dll
0x00007fffd3590000 - 0x00007fffd365d000 	C:\Windows\System32\OLEAUT32.dll
0x00007fffd3970000 - 0x00007fffd3a1d000 	C:\Windows\System32\SHCORE.dll
0x00007fffd3cb0000 - 0x00007fffd3d0b000 	C:\Windows\System32\shlwapi.dll
0x00007fffd2a10000 - 0x00007fffd2a34000 	C:\Windows\SYSTEM32\profapi.dll
0x00007fffa42f0000 - 0x00007fffa43c7000 	C:\Program Files\Eclipse Adoptium\jdk-21.0.9.10-hotspot\bin\jsvml.dll
0x00007fffc13f0000 - 0x00007fffc1408000 	C:\Program Files\Eclipse Adoptium\jdk-21.0.9.10-hotspot\bin\zip.dll
0x00007fffc3d20000 - 0x00007fffc3d30000 	C:\Program Files\Eclipse Adoptium\jdk-21.0.9.10-hotspot\bin\net.dll
0x00007fffc3420000 - 0x00007fffc352a000 	C:\Windows\SYSTEM32\WINHTTP.dll
0x00007fffd2190000 - 0x00007fffd21fa000 	C:\Windows\system32\mswsock.dll
0x00007fffc0bd0000 - 0x00007fffc0be6000 	C:\Program Files\Eclipse Adoptium\jdk-21.0.9.10-hotspot\bin\nio.dll
0x00007fffc13e0000 - 0x00007fffc13f0000 	C:\Program Files\Eclipse Adoptium\jdk-21.0.9.10-hotspot\bin\verify.dll
0x00007fffc3f30000 - 0x00007fffc3f57000 	C:\Users\Seusyn\.gradle\native\c067742578af261105cb4f569cf0c3c89f3d7b1fecec35dd04571415982c5e48\windows-amd64\native-platform.dll
0x00007fff9bed0000 - 0x00007fff9c014000 	C:\Users\Seusyn\.gradle\native\100fb08df4bc3b14c8652ba06237920a3bd2aa13389f12d3474272988ae205f9\windows-amd64\native-platform-file-events.dll
0x00007fffc1060000 - 0x00007fffc106a000 	C:\Program Files\Eclipse Adoptium\jdk-21.0.9.10-hotspot\bin\management.dll
0x00007fffc0bc0000 - 0x00007fffc0bcc000 	C:\Program Files\Eclipse Adoptium\jdk-21.0.9.10-hotspot\bin\management_ext.dll
0x00007fffd53a0000 - 0x00007fffd53a8000 	C:\Windows\System32\PSAPI.DLL
0x00007fffd2380000 - 0x00007fffd2398000 	C:\Windows\SYSTEM32\CRYPTSP.dll
0x00007fffd1ab0000 - 0x00007fffd1ae8000 	C:\Windows\system32\rsaenh.dll
0x00007fffd2990000 - 0x00007fffd29be000 	C:\Windows\SYSTEM32\USERENV.dll
0x00007fffd23a0000 - 0x00007fffd23ac000 	C:\Windows\SYSTEM32\CRYPTBASE.dll
0x00007fffd1e70000 - 0x00007fffd1eab000 	C:\Windows\SYSTEM32\IPHLPAPI.DLL
0x00007fffd5250000 - 0x00007fffd5258000 	C:\Windows\System32\NSI.dll
0x00007fffc0bb0000 - 0x00007fffc0bb9000 	C:\Program Files\Eclipse Adoptium\jdk-21.0.9.10-hotspot\bin\extnet.dll
0x00007fffc0ad0000 - 0x00007fffc0ade000 	C:\Program Files\Eclipse Adoptium\jdk-21.0.9.10-hotspot\bin\sunmscapi.dll
0x00007fffd2ee0000 - 0x00007fffd303d000 	C:\Windows\System32\CRYPT32.dll
0x00007fffd24a0000 - 0x00007fffd24c7000 	C:\Windows\SYSTEM32\ncrypt.dll
0x00007fffd2460000 - 0x00007fffd249b000 	C:\Windows\SYSTEM32\NTASN1.dll
0x00007fffa5020000 - 0x00007fffa5027000 	C:\Windows\system32\wshunix.dll
0x00007fffaf660000 - 0x00007fffaf677000 	C:\Windows\system32\napinsp.dll
0x00007fffaf640000 - 0x00007fffaf65b000 	C:\Windows\system32\pnrpnsp.dll
0x00007fffaf620000 - 0x00007fffaf63d000 	C:\Windows\system32\wshbth.dll
0x00007fffce2b0000 - 0x00007fffce2cd000 	C:\Windows\system32\NLAapi.dll
0x00007fffd1eb0000 - 0x00007fffd1f7a000 	C:\Windows\SYSTEM32\DNSAPI.dll
0x00007fffae8e0000 - 0x00007fffae8f2000 	C:\Windows\System32\winrnr.dll
0x00007fffc27e0000 - 0x00007fffc27ea000 	C:\Windows\System32\rasadhlp.dll
0x00007fffc2a90000 - 0x00007fffc2b10000 	C:\Windows\System32\fwpuclnt.dll
0x00007fffcfff0000 - 0x00007fffd0084000 	C:\Windows\system32\apphelp.dll
0x00007fffd1d00000 - 0x00007fffd1d33000 	C:\Windows\SYSTEM32\ntmarta.dll

JVMTI agents:
C:\Users\Seusyn\.gradle\wrapper\dists\gradle-8.8-bin\dl7vupf4psengwqhwktix4v1\gradle-8.8\lib\agents\gradle-instrumentation-agent-8.8.jar path:C:\Program Files\Eclipse Adoptium\jdk-21.0.9.10-hotspot\bin\instrument.dll, loaded, initialized, instrumentlib options:none

dbghelp: loaded successfully - version: 4.0.5 - missing functions: none
symbol engine: initialized successfully - sym options: 0x614 - pdb path: .;C:\Program Files\Eclipse Adoptium\jdk-21.0.9.10-hotspot\bin;C:\Windows\SYSTEM32;C:\Windows\WinSxS\amd64_microsoft.windows.common-controls_6595b64144ccf1df_6.0.19041.6456_none_60b8a6cb71f64256;C:\Program Files\Eclipse Adoptium\jdk-21.0.9.10-hotspot\bin\server;C:\Users\Seusyn\.gradle\native\c067742578af261105cb4f569cf0c3c89f3d7b1fecec35dd04571415982c5e48\windows-amd64;C:\Users\Seusyn\.gradle\native\100fb08df4bc3b14c8652ba06237920a3bd2aa13389f12d3474272988ae205f9\windows-amd64

VM Arguments:
jvm_args: --add-opens=java.base/java.util=ALL-UNNAMED --add-opens=java.base/java.lang=ALL-UNNAMED --add-opens=java.base/java.lang.invoke=ALL-UNNAMED --add-opens=java.prefs/java.util.prefs=ALL-UNNAMED --add-opens=java.base/java.nio.charset=ALL-UNNAMED --add-opens=java.base/java.net=ALL-UNNAMED --add-opens=java.base/java.util.concurrent.atomic=ALL-UNNAMED -Xmx3G -Dfile.encoding=UTF-8 -Duser.country=FR -Duser.language=fr -Duser.variant -javaagent:C:\Users\Seusyn\.gradle\wrapper\dists\gradle-8.8-bin\dl7vupf4psengwqhwktix4v1\gradle-8.8\lib\agents\gradle-instrumentation-agent-8.8.jar 
java_command: org.gradle.launcher.daemon.bootstrap.GradleDaemon 8.8
java_class_path (initial): C:\Users\Seusyn\.gradle\wrapper\dists\gradle-8.8-bin\dl7vupf4psengwqhwktix4v1\gradle-8.8\lib\gradle-launcher-8.8.jar
Launcher Type: SUN_STANDARD

[Global flags]
     intx CICompilerCount                          = 2                                         {product} {ergonomic}
     uint ConcGCThreads                            = 1                                         {product} {ergonomic}
     uint G1ConcRefinementThreads                  = 2                                         {product} {ergonomic}
   size_t G1HeapRegionSize                         = 2097152                                   {product} {ergonomic}
    uintx GCDrainStackTargetSize                   = 64                                        {product} {ergonomic}
   size_t InitialHeapSize                          = 266338304                                 {product} {ergonomic}
   size_t MarkStackSize                            = 4194304                                   {product} {ergonomic}
   size_t MaxHeapSize                              = 3221225472                                {product} {command line}
   size_t MaxNewSize                               = 1931476992                                {product} {ergonomic}
   size_t MinHeapDeltaBytes                        = 2097152                                   {product} {ergonomic}
   size_t MinHeapSize                              = 8388608                                   {product} {ergonomic}
    uintx NonNMethodCodeHeapSize                   = 5826188                                {pd product} {ergonomic}
    uintx NonProfiledCodeHeapSize                  = 122916026                              {pd product} {ergonomic}
    uintx ProfiledCodeHeapSize                     = 122916026                              {pd product} {ergonomic}
    uintx ReservedCodeCacheSize                    = 251658240                              {pd product} {ergonomic}
     bool SegmentedCodeCache                       = true                                      {product} {ergonomic}
   size_t SoftMaxHeapSize                          = 3221225472                             {manageable} {ergonomic}
     bool UseCompressedOops                        = true                           {product lp64_product} {ergonomic}
     bool UseG1GC                                  = true                                      {product} {ergonomic}
     bool UseLargePagesIndividualAllocation        = false                                  {pd product} {ergonomic}

Logging:
Log output configuration:
 #0: stdout all=warning uptime,level,tags foldmultilines=false
 #1: stderr all=off uptime,level,tags foldmultilines=false

Release file:
IMPLEMENTOR="Eclipse Adoptium" 
IMPLEMENTOR_VERSION="Temurin-21.0.9+10" 
JAVA_RUNTIME_VERSION="21.0.9+10-LTS" 
JAVA_VERSION="21.0.9" 
JAVA_VERSION_DATE="2025-10-21" 
LIBC="default" 
MODULES="java.base java.compiler java.datatransfer java.xml java.prefs java.desktop java.instrument java.logging java.management java.security.sasl java.naming java.rmi java.management.rmi java.net.http java.scripting java.security.jgss java.transaction.xa java.sql java.sql.rowset java.xml.crypto java.se java.smartcardio jdk.accessibility jdk.internal.jvmstat jdk.attach jdk.charsets jdk.internal.opt jdk.zipfs jdk.compiler jdk.crypto.ec jdk.crypto.cryptoki jdk.crypto.mscapi jdk.dynalink jdk.internal.ed jdk.editpad jdk.hotspot.agent jdk.httpserver jdk.incubator.vector jdk.internal.le jdk.internal.vm.ci jdk.internal.vm.compiler jdk.internal.vm.compiler.management jdk.jartool jdk.javadoc jdk.jcmd jdk.management jdk.management.agent jdk.jconsole jdk.jdeps jdk.jdwp.agent jdk.jdi jdk.jfr jdk.jlink jdk.jpackage jdk.jshell jdk.jsobject jdk.jstatd jdk.localedata jdk.management.jfr jdk.naming.dns jdk.naming.rmi jdk.net jdk.nio.mapmode jdk.random jdk.sctp jdk.security.auth jdk.security.jgss jdk.unsupported jdk.unsupported.desktop jdk.xml.dom" 
OS_ARCH="x86_64" 
OS_NAME="Windows" 
SOURCE=".:git:759062135b07" 
BUILD_SOURCE="git:839fa0b45d809157cffd3dc8515aad262a4a1776"
BUILD_SOURCE_REPO="https://github.com/adoptium/temurin-build.git"
SOURCE_REPO="https://github.com/adoptium/jdk21u.git"
FULL_VERSION="21.0.9+10-LTS"
SEMANTIC_VERSION="21.0.9+10"
BUILD_INFO="OS: Windows Server 2022 Version: 10.0"
JVM_VARIANT="Hotspot"
JVM_VERSION="21.0.9+10-LTS"
IMAGE_TYPE="JDK"

Environment Variables:
JAVA_HOME=C:\Program Files\Eclipse Adoptium\jdk-21.0.9.10-hotspot\
PATH=C:\Program Files\Eclipse Adoptium\jdk-21.0.9.10-hotspot\bin;C:\Program Files (x86)\Common Files\Oracle\Java\java8path;C:\Program Files (x86)\Common Files\Oracle\Java\javapath;C:\WINDOWS\system32;C:\WINDOWS;C:\WINDOWS\System32\Wbem;C:\WINDOWS\System32\WindowsPowerShell\v1.0\;C:\Program Files (x86)\NVIDIA Corporation\PhysX\Common;C:\Program Files\dotnet\;C:\Program Files\Git\cmd;C:\Ruby34-x64\bin;C:\Users\Seusyn\AppData\Local\Microsoft\WindowsApps;C:\Users\Seusyn\AppData\Local\Programs\Microsoft VS Code\bin;C:\Users\Seusyn\AppData\Local\GitHubDesktop\bin
USERNAME=Seusyn
OS=Windows_NT
PROCESSOR_IDENTIFIER=Intel64 Family 6 Model 158 Stepping 11, GenuineIntel
TMP=C:\Users\Seusyn\AppData\Local\Temp
TEMP=C:\Users\Seusyn\AppData\Local\Temp




Periodic native trim disabled

---------------  S Y S T E M  ---------------

OS:
 Windows 10 , 64 bit Build 19041 (10.0.19041.5915)
OS uptime: 3 days 14:53 hours

CPU: total 2 (initial active 2) (2 cores per cpu, 1 threads per core) family 6 model 158 stepping 11 microcode 0xb4, cx8, cmov, fxsr, mmx, 3dnowpref, sse, sse2, sse3, ssse3, sse4.1, sse4.2, popcnt, lzcnt, tsc, tscinvbit, aes, erms, clmul, clflush, clflushopt, rdtscp
Processor Information for the first 2 processors :
  Max Mhz: 3096, Current Mhz: 3096, Mhz Limit: 3096

Memory: 4k page, system-wide physical 16251M (445M free)
TotalPageFile size 31251M (AvailPageFile size 9M)
current process WorkingSet (physical memory assigned to process): 868M, peak: 891M
current process commit charge ("private bytes"): 1034M, peak: 1524M

vm_info: OpenJDK 64-Bit Server VM (21.0.9+10-LTS) for windows-amd64 JRE (21.0.9+10-LTS), built on 2025-10-21T00:00:00Z by "admin" with unknown MS VC++:1942

END.
