#
# There is insufficient memory for the Java Runtime Environment to continue.
# Native memory allocation (mmap) failed to map 834666496 bytes. Error detail: G1 virtual space
# Possible reasons:
#   The system is out of physical RAM or swap space
#   This process is running with CompressedOops enabled, and the Java Heap may be blocking the growth of the native heap
# Possible solutions:
#   Reduce memory load on the system
#   Increase physical memory or swap space
#   Check if swap backing store is full
#   Decrease Java heap size (-Xmx/-Xms)
#   Decrease number of Java threads
#   Decrease Java thread stack sizes (-Xss)
#   Set larger code cache with -XX:ReservedCodeCacheSize=
#   JVM is running with Zero Based Compressed Oops mode in which the Java heap is
#     placed in the first 32GB address space. The Java Heap base address is the
#     maximum limit for the native heap growth. Please use -XX:HeapBaseMinAddress
#     to set the Java Heap base and to place the Java Heap above 32GB virtual address.
# This output file may be truncated or incomplete.
#
#  Out of Memory Error (os_windows.cpp:3713), pid=6088, tid=20972
#
# JRE version: OpenJDK Runtime Environment Temurin-21.0.9+10 (21.0.9+10) (build 21.0.9+10-LTS)
# Java VM: OpenJDK 64-Bit Server VM Temurin-21.0.9+10 (21.0.9+10-LTS, mixed mode, sharing, tiered, compressed oops, compressed class ptrs, g1 gc, windows-amd64)
# No core dump will be written. Minidumps are not enabled by default on client versions of Windows
#

---------------  S U M M A R Y ------------

Command Line: --add-opens=java.base/java.util=ALL-UNNAMED --add-opens=java.base/java.lang=ALL-UNNAMED --add-opens=java.base/java.lang.invoke=ALL-UNNAMED --add-opens=java.prefs/java.util.prefs=ALL-UNNAMED --add-opens=java.base/java.nio.charset=ALL-UNNAMED --add-opens=java.base/java.net=ALL-UNNAMED --add-opens=java.base/java.util.concurrent.atomic=ALL-UNNAMED -Xmx3G -Dfile.encoding=UTF-8 -Duser.country=FR -Duser.language=fr -Duser.variant -javaagent:C:\Users\Seusyn\.gradle\wrapper\dists\gradle-8.8-bin\dl7vupf4psengwqhwktix4v1\gradle-8.8\lib\agents\gradle-instrumentation-agent-8.8.jar org.gradle.launcher.daemon.bootstrap.GradleDaemon 8.8

Host: Intel(R) Celeron(R) G4900 CPU @ 3.10GHz, 2 cores, 15G,  Windows 10 , 64 bit Build 19041 (10.0.19041.5915)
Time: Fri May  1 11:30:56 2026 elapsed time: 29.454583 seconds (0d 0h 0m 29s)

---------------  T H R E A D  ---------------

Current thread (0x0000023e7ff35dd0):  VMThread "VM Thread"          [id=20972, stack(0x00000053a4b00000,0x00000053a4c00000) (1024K)]

Stack: [0x00000053a4b00000,0x00000053a4c00000]
Native frames: (J=compiled Java code, j=interpreted, Vv=VM code, C=native code)
V  [jvm.dll+0x6d6e29]
V  [jvm.dll+0x8b4b76]
V  [jvm.dll+0x8b712e]
V  [jvm.dll+0x8b7813]
V  [jvm.dll+0x283d86]
V  [jvm.dll+0x6d3745]
V  [jvm.dll+0x6c747a]
V  [jvm.dll+0x35e7e8]
V  [jvm.dll+0x366426]
V  [jvm.dll+0x3b73fe]
V  [jvm.dll+0x3b76a8]
V  [jvm.dll+0x3329ec]
V  [jvm.dll+0x332a77]
V  [jvm.dll+0x37684c]
V  [jvm.dll+0x374fee]
V  [jvm.dll+0x332131]
V  [jvm.dll+0x37465a]
V  [jvm.dll+0x8bd500]
V  [jvm.dll+0x8be8a4]
V  [jvm.dll+0x8bede0]
V  [jvm.dll+0x8bf083]
V  [jvm.dll+0x85e9ad]
V  [jvm.dll+0x6d565d]
C  [ucrtbase.dll+0x21bb2]
C  [KERNEL32.DLL+0x17374]
C  [ntdll.dll+0x4cc91]

VM_Operation (0x00000053a7ffac70): G1CollectForAllocation, mode: safepoint, requested by thread 0x0000023e63e0eb40


---------------  P R O C E S S  ---------------

Threads class SMR info:
_java_thread_list=0x0000023e66d4f260, length=53, elements={
0x0000023e7f116c60, 0x0000023e7ff524c0, 0x0000023e7ff536b0, 0x0000023e7ff558b0,
0x0000023e7ff57590, 0x0000023e7ff57fe0, 0x0000023e7ff5b1e0, 0x0000023e7ff5d440,
0x0000023e7ff5ded0, 0x0000023e1c810090, 0x0000023e1c7f8580, 0x0000023e63793300,
0x0000023e6358f760, 0x0000023e636e23c0, 0x0000023e638ce4c0, 0x0000023e638ceb20,
0x0000023e636de220, 0x0000023e6365c6e0, 0x0000023e63957f00, 0x0000023e63958c20,
0x0000023e6395b380, 0x0000023e63958590, 0x0000023e6395acf0, 0x0000023e6395a660,
0x0000023e639592b0, 0x0000023e63959940, 0x0000023e63959fd0, 0x0000023e645177a0,
0x0000023e64517e30, 0x0000023e6451e0a0, 0x0000023e6451a590, 0x0000023e6451bfd0,
0x0000023e6451ac20, 0x0000023e645191e0, 0x0000023e64519870, 0x0000023e645184c0,
0x0000023e6451d380, 0x0000023e6451b2b0, 0x0000023e64519f00, 0x0000023e6451e730,
0x0000023e64518b50, 0x0000023e6451b940, 0x0000023e6451da10, 0x0000023e6451edc0,
0x0000023e63e0a9a0, 0x0000023e63e08240, 0x0000023e63e0d790, 0x0000023e63e088d0,
0x0000023e63e0bd50, 0x0000023e63e0b030, 0x0000023e63e0b6c0, 0x0000023e63e0eb40,
0x0000023e63e0de20
}

Java Threads: ( => current thread )
  0x0000023e7f116c60 JavaThread "main"                              [_thread_blocked, id=20680, stack(0x00000053a4400000,0x00000053a4500000) (1024K)]
  0x0000023e7ff524c0 JavaThread "Reference Handler"          daemon [_thread_blocked, id=23476, stack(0x00000053a4c00000,0x00000053a4d00000) (1024K)]
  0x0000023e7ff536b0 JavaThread "Finalizer"                  daemon [_thread_blocked, id=18292, stack(0x00000053a4d00000,0x00000053a4e00000) (1024K)]
  0x0000023e7ff558b0 JavaThread "Signal Dispatcher"          daemon [_thread_blocked, id=23020, stack(0x00000053a4e00000,0x00000053a4f00000) (1024K)]
  0x0000023e7ff57590 JavaThread "Attach Listener"            daemon [_thread_blocked, id=23116, stack(0x00000053a4f00000,0x00000053a5000000) (1024K)]
  0x0000023e7ff57fe0 JavaThread "Service Thread"             daemon [_thread_blocked, id=9648, stack(0x00000053a5000000,0x00000053a5100000) (1024K)]
  0x0000023e7ff5b1e0 JavaThread "Monitor Deflation Thread"   daemon [_thread_blocked, id=22356, stack(0x00000053a5100000,0x00000053a5200000) (1024K)]
  0x0000023e7ff5d440 JavaThread "C2 CompilerThread0"         daemon [_thread_blocked, id=17044, stack(0x00000053a5200000,0x00000053a5300000) (1024K)]
  0x0000023e7ff5ded0 JavaThread "C1 CompilerThread0"         daemon [_thread_blocked, id=22300, stack(0x00000053a5300000,0x00000053a5400000) (1024K)]
  0x0000023e1c810090 JavaThread "Common-Cleaner"             daemon [_thread_blocked, id=16572, stack(0x00000053a5400000,0x00000053a5500000) (1024K)]
  0x0000023e1c7f8580 JavaThread "Notification Thread"        daemon [_thread_blocked, id=11476, stack(0x00000053a5500000,0x00000053a5600000) (1024K)]
  0x0000023e63793300 JavaThread "Daemon health stats"               [_thread_blocked, id=4864, stack(0x00000053a5700000,0x00000053a5800000) (1024K)]
  0x0000023e6358f760 JavaThread "Incoming local TCP Connector on port 64892"        [_thread_in_native, id=9232, stack(0x00000053a5800000,0x00000053a5900000) (1024K)]
  0x0000023e636e23c0 JavaThread "Daemon periodic checks"            [_thread_blocked, id=11720, stack(0x00000053a5900000,0x00000053a5a00000) (1024K)]
  0x0000023e638ce4c0 JavaThread "Daemon"                            [_thread_blocked, id=10772, stack(0x00000053a5a00000,0x00000053a5b00000) (1024K)]
  0x0000023e638ceb20 JavaThread "Handler for socket connection from /127.0.0.1:64892 to /127.0.0.1:64893"        [_thread_in_native, id=13432, stack(0x00000053a5b00000,0x00000053a5c00000) (1024K)]
  0x0000023e636de220 JavaThread "Cancel handler"                    [_thread_blocked, id=10552, stack(0x00000053a5c00000,0x00000053a5d00000) (1024K)]
  0x0000023e6365c6e0 JavaThread "Daemon worker"                     [_thread_blocked, id=20340, stack(0x00000053a5d00000,0x00000053a5e00000) (1024K)]
  0x0000023e63957f00 JavaThread "Asynchronous log dispatcher for DefaultDaemonConnection: socket connection from /127.0.0.1:64892 to /127.0.0.1:64893"        [_thread_blocked, id=15560, stack(0x00000053a5e00000,0x00000053a5f00000) (1024K)]
  0x0000023e63958c20 JavaThread "Stdin handler"                     [_thread_blocked, id=22912, stack(0x00000053a5f00000,0x00000053a6000000) (1024K)]
  0x0000023e6395b380 JavaThread "Daemon client event forwarder"        [_thread_blocked, id=19820, stack(0x00000053a6000000,0x00000053a6100000) (1024K)]
  0x0000023e63958590 JavaThread "Cache worker for journal cache (C:\Users\Seusyn\.gradle\caches\journal-1)"        [_thread_blocked, id=23128, stack(0x00000053a6100000,0x00000053a6200000) (1024K)]
  0x0000023e6395acf0 JavaThread "File lock request listener"        [_thread_in_native, id=23408, stack(0x00000053a6200000,0x00000053a6300000) (1024K)]
  0x0000023e6395a660 JavaThread "Cache worker for file hash cache (C:\Users\Seusyn\.gradle\caches\8.8\fileHashes)"        [_thread_blocked, id=11584, stack(0x00000053a6300000,0x00000053a6400000) (1024K)]
  0x0000023e639592b0 JavaThread "Cache worker for file hash cache (C:\Users\Seusyn\Documents\Magius World\.gradle\8.8\fileHashes)"        [_thread_blocked, id=17872, stack(0x00000053a6400000,0x00000053a6500000) (1024K)]
  0x0000023e63959940 JavaThread "File watcher server"        daemon [_thread_blocked, id=22004, stack(0x00000053a6500000,0x00000053a6600000) (1024K)]
  0x0000023e63959fd0 JavaThread "File watcher consumer"      daemon [_thread_blocked, id=10532, stack(0x00000053a6600000,0x00000053a6700000) (1024K)]
  0x0000023e645177a0 JavaThread "Cache worker for checksums cache (C:\Users\Seusyn\Documents\Magius World\.gradle\8.8\checksums)"        [_thread_blocked, id=116, stack(0x00000053a6700000,0x00000053a6800000) (1024K)]
  0x0000023e64517e30 JavaThread "Cache worker for file content cache (C:\Users\Seusyn\.gradle\caches\8.8\fileContent)"        [_thread_blocked, id=22352, stack(0x00000053a6800000,0x00000053a6900000) (1024K)]
  0x0000023e6451e0a0 JavaThread "Cache worker for cache directory md-rule (C:\Users\Seusyn\.gradle\caches\8.8\md-rule)"        [_thread_blocked, id=6256, stack(0x00000053a6900000,0x00000053a6a00000) (1024K)]
  0x0000023e6451a590 JavaThread "Cache worker for cache directory md-supplier (C:\Users\Seusyn\.gradle\caches\8.8\md-supplier)"        [_thread_blocked, id=18300, stack(0x00000053a6a00000,0x00000053a6b00000) (1024K)]
  0x0000023e6451bfd0 JavaThread "jar transforms"                    [_thread_blocked, id=5920, stack(0x00000053a6b00000,0x00000053a6c00000) (1024K)]
  0x0000023e6451ac20 JavaThread "jar transforms Thread 2"           [_thread_blocked, id=21732, stack(0x00000053a6c00000,0x00000053a6d00000) (1024K)]
  0x0000023e645191e0 JavaThread "Unconstrained build operations"        [_thread_blocked, id=21452, stack(0x00000053a6d00000,0x00000053a6e00000) (1024K)]
  0x0000023e64519870 JavaThread "Unconstrained build operations Thread 2"        [_thread_blocked, id=23432, stack(0x00000053a6e00000,0x00000053a6f00000) (1024K)]
  0x0000023e645184c0 JavaThread "Unconstrained build operations Thread 3"        [_thread_blocked, id=15128, stack(0x00000053a6f00000,0x00000053a7000000) (1024K)]
  0x0000023e6451d380 JavaThread "Cache worker for Build Output Cleanup Cache (C:\Users\Seusyn\Documents\Magius World\.gradle\buildOutputCleanup)"        [_thread_blocked, id=12584, stack(0x00000053a7000000,0x00000053a7100000) (1024K)]
  0x0000023e6451b2b0 JavaThread "Unconstrained build operations Thread 4"        [_thread_blocked, id=8484, stack(0x00000053a7100000,0x00000053a7200000) (1024K)]
  0x0000023e64519f00 JavaThread "Unconstrained build operations Thread 5"        [_thread_blocked, id=22888, stack(0x00000053a7200000,0x00000053a7300000) (1024K)]
  0x0000023e6451e730 JavaThread "Unconstrained build operations Thread 6"        [_thread_blocked, id=9608, stack(0x00000053a7300000,0x00000053a7400000) (1024K)]
  0x0000023e64518b50 JavaThread "Keep-Alive-Timer"           daemon [_thread_blocked, id=9452, stack(0x00000053a7400000,0x00000053a7500000) (1024K)]
  0x0000023e6451b940 JavaThread "Memory manager"                    [_thread_blocked, id=8272, stack(0x00000053a7500000,0x00000053a7600000) (1024K)]
  0x0000023e6451da10 JavaThread "Unconstrained build operations Thread 7"        [_thread_blocked, id=17196, stack(0x00000053a7600000,0x00000053a7700000) (1024K)]
  0x0000023e6451edc0 JavaThread "Unconstrained build operations Thread 8"        [_thread_blocked, id=14904, stack(0x00000053a7700000,0x00000053a7800000) (1024K)]
  0x0000023e63e0a9a0 JavaThread "Unconstrained build operations Thread 9"        [_thread_blocked, id=22668, stack(0x00000053a7800000,0x00000053a7900000) (1024K)]
  0x0000023e63e08240 JavaThread "ForkJoinPool.commonPool-worker-1" daemon [_thread_blocked, id=12692, stack(0x00000053a7900000,0x00000053a7a00000) (1024K)]
  0x0000023e63e0d790 JavaThread "Exec process"                      [_thread_blocked, id=904, stack(0x00000053a7a00000,0x00000053a7b00000) (1024K)]
  0x0000023e63e088d0 JavaThread "Exec process Thread 2"             [_thread_blocked, id=20700, stack(0x00000053a7b00000,0x00000053a7c00000) (1024K)]
  0x0000023e63e0bd50 JavaThread "Exec process Thread 3"             [_thread_blocked, id=9420, stack(0x00000053a7c00000,0x00000053a7d00000) (1024K)]
  0x0000023e63e0b030 JavaThread "ForkJoinPool.commonPool-worker-2" daemon [_thread_blocked, id=10584, stack(0x00000053a7d00000,0x00000053a7e00000) (1024K)]
  0x0000023e63e0b6c0 JavaThread "included builds"                   [_thread_blocked, id=17468, stack(0x00000053a7e00000,0x00000053a7f00000) (1024K)]
  0x0000023e63e0eb40 JavaThread "Execution worker"                  [_thread_blocked, id=20596, stack(0x00000053a7f00000,0x00000053a8000000) (1024K)]
  0x0000023e63e0de20 JavaThread "Cache worker for execution history cache (C:\Users\Seusyn\Documents\Magius World\.gradle\8.8\executionHistory)"        [_thread_blocked, id=18404, stack(0x00000053a8000000,0x00000053a8100000) (1024K)]
Total: 53

Other Threads:
=>0x0000023e7ff35dd0 VMThread "VM Thread"                           [id=20972, stack(0x00000053a4b00000,0x00000053a4c00000) (1024K)]
  0x0000023e7ff23c20 WatcherThread "VM Periodic Task Thread"        [id=8244, stack(0x00000053a4a00000,0x00000053a4b00000) (1024K)]
  0x0000023e7f1682b0 WorkerThread "GC Thread#0"                     [id=20620, stack(0x00000053a4500000,0x00000053a4600000) (1024K)]
  0x0000023e1c8cd560 WorkerThread "GC Thread#1"                     [id=5556, stack(0x00000053a5600000,0x00000053a5700000) (1024K)]
  0x0000023e7f175350 ConcurrentGCThread "G1 Main Marker"            [id=22548, stack(0x00000053a4600000,0x00000053a4700000) (1024K)]
  0x0000023e7f175d60 WorkerThread "G1 Conc#0"                       [id=22156, stack(0x00000053a4700000,0x00000053a4800000) (1024K)]
  0x0000023e7fdf30b0 ConcurrentGCThread "G1 Refine#0"               [id=23148, stack(0x00000053a4800000,0x00000053a4900000) (1024K)]
  0x0000023e7fdf7a50 ConcurrentGCThread "G1 Service"                [id=5508, stack(0x00000053a4900000,0x00000053a4a00000) (1024K)]
Total: 8

Threads with active compile tasks:
Total: 0

VM state: at safepoint (normal execution)

VM Mutex/Monitor currently owned by a thread:  ([mutex/lock_event])
[0x00007ffb4aacd570] Threads_lock - owner thread: 0x0000023e7ff35dd0
[0x00007ffb4aacd670] Heap_lock - owner thread: 0x0000023e63e0eb40

Heap address: 0x0000000740000000, size: 3072 MB, Compressed Oops mode: Zero based, Oop shift amount: 3

CDS archive(s) mapped at: [0x0000023e1d000000-0x0000023e1dc80000-0x0000023e1dc80000), size 13107200, SharedBaseAddress: 0x0000023e1d000000, ArchiveRelocationMode: 1.
Compressed class space mapped at: 0x0000023e1e000000-0x0000023e5e000000, reserved size: 1073741824
Narrow klass base: 0x0000023e1d000000, Narrow klass shift: 0, Narrow klass range: 0x100000000

GC Precious Log:
 CardTable entry size: 512
 Card Set container configuration: InlinePtr #cards 4 size 8 Array Of Cards #cards 16 size 48 Howl #buckets 8 coarsen threshold 3686 Howl Bitmap #cards 512 size 80 coarsen threshold 460 Card regions per heap region 1 cards per card region 4096
 CPUs: 2 total, 2 available
 Memory: 16251M
 Large Page Support: Disabled
 NUMA Support: Disabled
 Compressed Oops: Enabled (Zero based)
 Heap Region Size: 2M
 Heap Min Capacity: 8M
 Heap Initial Capacity: 254M
 Heap Max Capacity: 3G
 Pre-touch: Disabled
 Parallel Workers: 2
 Concurrent Workers: 1
 Concurrent Refinement Workers: 2
 Periodic GC: Disabled

Heap:
 garbage-first heap   total 724992K, used 427008K [0x0000000740000000, 0x0000000800000000)
  region size 2048K, 10 young (20480K), 10 survivors (20480K)
 Metaspace       used 73258K, committed 75456K, reserved 1114112K
  class space    used 10461K, committed 11520K, reserved 1048576K

Heap Regions: E=young(eden), S=young(survivor), O=old, HS=humongous(starts), HC=humongous(continues), CS=collection set, F=free, TAMS=top-at-mark-start, PB=parsable bottom
|   0|0x0000000740000000, 0x0000000740200000, 0x0000000740200000|100%|HS|  |TAMS 0x0000000740000000| PB 0x0000000740000000| Complete 
|   1|0x0000000740200000, 0x0000000740400000, 0x0000000740400000|100%|HC|  |TAMS 0x0000000740200000| PB 0x0000000740200000| Complete 
|   2|0x0000000740400000, 0x0000000740600000, 0x0000000740600000|100%| O|  |TAMS 0x0000000740400000| PB 0x0000000740400000| Untracked 
|   3|0x0000000740600000, 0x0000000740800000, 0x0000000740800000|100%| O|  |TAMS 0x0000000740600000| PB 0x0000000740600000| Untracked 
|   4|0x0000000740800000, 0x0000000740a00000, 0x0000000740a00000|100%| O|  |TAMS 0x0000000740800000| PB 0x0000000740800000| Untracked 
|   5|0x0000000740a00000, 0x0000000740c00000, 0x0000000740c00000|100%| O|  |TAMS 0x0000000740a00000| PB 0x0000000740a00000| Untracked 
|   6|0x0000000740c00000, 0x0000000740e00000, 0x0000000740e00000|100%| O|  |TAMS 0x0000000740c00000| PB 0x0000000740c00000| Untracked 
|   7|0x0000000740e00000, 0x0000000741000000, 0x0000000741000000|100%| O|  |TAMS 0x0000000740e00000| PB 0x0000000740e00000| Untracked 
|   8|0x0000000741000000, 0x0000000741200000, 0x0000000741200000|100%| O|  |TAMS 0x0000000741000000| PB 0x0000000741000000| Untracked 
|   9|0x0000000741200000, 0x0000000741400000, 0x0000000741400000|100%| O|  |TAMS 0x0000000741200000| PB 0x0000000741200000| Untracked 
|  10|0x0000000741400000, 0x0000000741600000, 0x0000000741600000|100%| O|  |TAMS 0x0000000741400000| PB 0x0000000741400000| Untracked 
|  11|0x0000000741600000, 0x0000000741800000, 0x0000000741800000|100%| O|  |TAMS 0x0000000741600000| PB 0x0000000741600000| Untracked 
|  12|0x0000000741800000, 0x0000000741a00000, 0x0000000741a00000|100%| O|  |TAMS 0x0000000741800000| PB 0x0000000741800000| Untracked 
|  13|0x0000000741a00000, 0x0000000741c00000, 0x0000000741c00000|100%| O|  |TAMS 0x0000000741a00000| PB 0x0000000741a00000| Untracked 
|  14|0x0000000741c00000, 0x0000000741e00000, 0x0000000741e00000|100%| O|  |TAMS 0x0000000741c00000| PB 0x0000000741c00000| Untracked 
|  15|0x0000000741e00000, 0x0000000742000000, 0x0000000742000000|100%| O|  |TAMS 0x0000000741e00000| PB 0x0000000741e00000| Untracked 
|  16|0x0000000742000000, 0x0000000742200000, 0x0000000742200000|100%| O|  |TAMS 0x0000000742000000| PB 0x0000000742000000| Untracked 
|  17|0x0000000742200000, 0x0000000742400000, 0x0000000742400000|100%| O|  |TAMS 0x0000000742200000| PB 0x0000000742200000| Untracked 
|  18|0x0000000742400000, 0x0000000742600000, 0x0000000742600000|100%| O|  |TAMS 0x0000000742400000| PB 0x0000000742400000| Untracked 
|  19|0x0000000742600000, 0x0000000742800000, 0x0000000742800000|100%| O|  |TAMS 0x0000000742600000| PB 0x0000000742600000| Untracked 
|  20|0x0000000742800000, 0x0000000742a00000, 0x0000000742a00000|100%|HS|  |TAMS 0x0000000742800000| PB 0x0000000742800000| Complete 
|  21|0x0000000742a00000, 0x0000000742c00000, 0x0000000742c00000|100%| O|  |TAMS 0x0000000742a00000| PB 0x0000000742a00000| Untracked 
|  22|0x0000000742c00000, 0x0000000742e00000, 0x0000000742e00000|100%| O|  |TAMS 0x0000000742c00000| PB 0x0000000742c00000| Untracked 
|  23|0x0000000742e00000, 0x0000000743000000, 0x0000000743000000|100%| O|  |TAMS 0x0000000742e00000| PB 0x0000000742e00000| Untracked 
|  24|0x0000000743000000, 0x0000000743200000, 0x0000000743200000|100%| O|  |TAMS 0x0000000743000000| PB 0x0000000743000000| Untracked 
|  25|0x0000000743200000, 0x0000000743400000, 0x0000000743400000|100%| O|  |TAMS 0x0000000743200000| PB 0x0000000743200000| Untracked 
|  26|0x0000000743400000, 0x0000000743600000, 0x0000000743600000|100%| O|  |TAMS 0x0000000743400000| PB 0x0000000743400000| Untracked 
|  27|0x0000000743600000, 0x0000000743800000, 0x0000000743800000|100%| O|  |TAMS 0x0000000743600000| PB 0x0000000743600000| Untracked 
|  28|0x0000000743800000, 0x0000000743a00000, 0x0000000743a00000|100%| O|  |TAMS 0x0000000743800000| PB 0x0000000743800000| Untracked 
|  29|0x0000000743a00000, 0x0000000743c00000, 0x0000000743c00000|100%| O|  |TAMS 0x0000000743a00000| PB 0x0000000743a00000| Untracked 
|  30|0x0000000743c00000, 0x0000000743e00000, 0x0000000743e00000|100%| O|  |TAMS 0x0000000743c00000| PB 0x0000000743c00000| Untracked 
|  31|0x0000000743e00000, 0x0000000744000000, 0x0000000744000000|100%| O|  |TAMS 0x0000000743e00000| PB 0x0000000743e00000| Untracked 
|  32|0x0000000744000000, 0x0000000744200000, 0x0000000744200000|100%| O|  |TAMS 0x0000000744000000| PB 0x0000000744000000| Untracked 
|  33|0x0000000744200000, 0x0000000744400000, 0x0000000744400000|100%| O|  |TAMS 0x0000000744200000| PB 0x0000000744200000| Untracked 
|  34|0x0000000744400000, 0x0000000744400000, 0x0000000744600000|  0%| F|  |TAMS 0x0000000744400000| PB 0x0000000744400000| Untracked 
|  35|0x0000000744600000, 0x0000000744800000, 0x0000000744800000|100%| O|  |TAMS 0x0000000744600000| PB 0x0000000744600000| Untracked 
|  36|0x0000000744800000, 0x0000000744a00000, 0x0000000744a00000|100%| O|  |TAMS 0x0000000744800000| PB 0x0000000744800000| Untracked 
|  37|0x0000000744a00000, 0x0000000744c00000, 0x0000000744c00000|100%| O|  |TAMS 0x0000000744a00000| PB 0x0000000744a00000| Untracked 
|  38|0x0000000744c00000, 0x0000000744e00000, 0x0000000744e00000|100%| O|  |TAMS 0x0000000744c00000| PB 0x0000000744c00000| Untracked 
|  39|0x0000000744e00000, 0x0000000745000000, 0x0000000745000000|100%| O|  |TAMS 0x0000000744e00000| PB 0x0000000744e00000| Untracked 
|  40|0x0000000745000000, 0x0000000745200000, 0x0000000745200000|100%| O|  |TAMS 0x0000000745000000| PB 0x0000000745000000| Untracked 
|  41|0x0000000745200000, 0x0000000745400000, 0x0000000745400000|100%| O|  |TAMS 0x0000000745200000| PB 0x0000000745200000| Untracked 
|  42|0x0000000745400000, 0x0000000745600000, 0x0000000745600000|100%| O|  |TAMS 0x0000000745400000| PB 0x0000000745400000| Untracked 
|  43|0x0000000745600000, 0x0000000745800000, 0x0000000745800000|100%| O|  |TAMS 0x0000000745600000| PB 0x0000000745600000| Untracked 
|  44|0x0000000745800000, 0x0000000745a00000, 0x0000000745a00000|100%| O|  |TAMS 0x0000000745800000| PB 0x0000000745800000| Untracked 
|  45|0x0000000745a00000, 0x0000000745c00000, 0x0000000745c00000|100%| O|  |TAMS 0x0000000745a00000| PB 0x0000000745a00000| Untracked 
|  46|0x0000000745c00000, 0x0000000745e00000, 0x0000000745e00000|100%| O|  |TAMS 0x0000000745c00000| PB 0x0000000745c00000| Untracked 
|  47|0x0000000745e00000, 0x0000000746000000, 0x0000000746000000|100%| O|  |TAMS 0x0000000745e00000| PB 0x0000000745e00000| Untracked 
|  48|0x0000000746000000, 0x0000000746200000, 0x0000000746200000|100%| O|  |TAMS 0x0000000746000000| PB 0x0000000746000000| Untracked 
|  49|0x0000000746200000, 0x0000000746400000, 0x0000000746400000|100%| O|  |TAMS 0x0000000746200000| PB 0x0000000746200000| Untracked 
|  50|0x0000000746400000, 0x0000000746600000, 0x0000000746600000|100%| O|  |TAMS 0x0000000746400000| PB 0x0000000746400000| Untracked 
|  51|0x0000000746600000, 0x0000000746800000, 0x0000000746800000|100%| O|  |TAMS 0x0000000746600000| PB 0x0000000746600000| Untracked 
|  52|0x0000000746800000, 0x0000000746a00000, 0x0000000746a00000|100%| O|  |TAMS 0x0000000746800000| PB 0x0000000746800000| Untracked 
|  53|0x0000000746a00000, 0x0000000746a00000, 0x0000000746c00000|  0%| F|  |TAMS 0x0000000746a00000| PB 0x0000000746a00000| Untracked 
|  54|0x0000000746c00000, 0x0000000746e00000, 0x0000000746e00000|100%| O|  |TAMS 0x0000000746c00000| PB 0x0000000746c00000| Untracked 
|  55|0x0000000746e00000, 0x0000000747000000, 0x0000000747000000|100%| O|  |TAMS 0x0000000746e00000| PB 0x0000000746e00000| Untracked 
|  56|0x0000000747000000, 0x0000000747200000, 0x0000000747200000|100%| O|  |TAMS 0x0000000747000000| PB 0x0000000747000000| Untracked 
|  57|0x0000000747200000, 0x0000000747400000, 0x0000000747400000|100%| O|  |TAMS 0x0000000747200000| PB 0x0000000747200000| Untracked 
|  58|0x0000000747400000, 0x0000000747600000, 0x0000000747600000|100%| O|  |TAMS 0x0000000747400000| PB 0x0000000747400000| Untracked 
|  59|0x0000000747600000, 0x0000000747800000, 0x0000000747800000|100%| O|  |TAMS 0x0000000747600000| PB 0x0000000747600000| Untracked 
|  60|0x0000000747800000, 0x0000000747a00000, 0x0000000747a00000|100%| O|  |TAMS 0x0000000747800000| PB 0x0000000747800000| Untracked 
|  61|0x0000000747a00000, 0x0000000747c00000, 0x0000000747c00000|100%| O|  |TAMS 0x0000000747a00000| PB 0x0000000747a00000| Untracked 
|  62|0x0000000747c00000, 0x0000000747e00000, 0x0000000747e00000|100%| O|  |TAMS 0x0000000747c00000| PB 0x0000000747c00000| Untracked 
|  63|0x0000000747e00000, 0x0000000748000000, 0x0000000748000000|100%| O|  |TAMS 0x0000000747e00000| PB 0x0000000747e00000| Untracked 
|  64|0x0000000748000000, 0x0000000748200000, 0x0000000748200000|100%| O|  |TAMS 0x0000000748000000| PB 0x0000000748000000| Untracked 
|  65|0x0000000748200000, 0x0000000748400000, 0x0000000748400000|100%| O|  |TAMS 0x0000000748200000| PB 0x0000000748200000| Untracked 
|  66|0x0000000748400000, 0x0000000748500000, 0x0000000748600000| 50%| O|  |TAMS 0x0000000748400000| PB 0x0000000748400000| Untracked 
|  67|0x0000000748600000, 0x0000000748800000, 0x0000000748800000|100%| O|  |TAMS 0x0000000748600000| PB 0x0000000748600000| Untracked 
|  68|0x0000000748800000, 0x0000000748a00000, 0x0000000748a00000|100%| O|  |TAMS 0x0000000748800000| PB 0x0000000748800000| Untracked 
|  69|0x0000000748a00000, 0x0000000748a00000, 0x0000000748c00000|  0%| F|  |TAMS 0x0000000748a00000| PB 0x0000000748a00000| Untracked 
|  70|0x0000000748c00000, 0x0000000748c00000, 0x0000000748e00000|  0%| F|  |TAMS 0x0000000748c00000| PB 0x0000000748c00000| Untracked 
|  71|0x0000000748e00000, 0x0000000748e00000, 0x0000000749000000|  0%| F|  |TAMS 0x0000000748e00000| PB 0x0000000748e00000| Untracked 
|  72|0x0000000749000000, 0x0000000749000000, 0x0000000749200000|  0%| F|  |TAMS 0x0000000749000000| PB 0x0000000749000000| Untracked 
|  73|0x0000000749200000, 0x0000000749200000, 0x0000000749400000|  0%| F|  |TAMS 0x0000000749200000| PB 0x0000000749200000| Untracked 
|  74|0x0000000749400000, 0x0000000749600000, 0x0000000749600000|100%| O|  |TAMS 0x0000000749400000| PB 0x0000000749400000| Untracked 
|  75|0x0000000749600000, 0x0000000749800000, 0x0000000749800000|100%| O|  |TAMS 0x0000000749600000| PB 0x0000000749600000| Untracked 
|  76|0x0000000749800000, 0x0000000749a00000, 0x0000000749a00000|100%| O|  |TAMS 0x0000000749800000| PB 0x0000000749800000| Untracked 
|  77|0x0000000749a00000, 0x0000000749a00000, 0x0000000749c00000|  0%| F|  |TAMS 0x0000000749a00000| PB 0x0000000749a00000| Untracked 
|  78|0x0000000749c00000, 0x0000000749c00000, 0x0000000749e00000|  0%| F|  |TAMS 0x0000000749c00000| PB 0x0000000749c00000| Untracked 
|  79|0x0000000749e00000, 0x0000000749e00000, 0x000000074a000000|  0%| F|  |TAMS 0x0000000749e00000| PB 0x0000000749e00000| Untracked 
|  80|0x000000074a000000, 0x000000074a200000, 0x000000074a200000|100%| O|  |TAMS 0x000000074a000000| PB 0x000000074a000000| Untracked 
|  81|0x000000074a200000, 0x000000074a200000, 0x000000074a400000|  0%| F|  |TAMS 0x000000074a200000| PB 0x000000074a200000| Untracked 
|  82|0x000000074a400000, 0x000000074a400000, 0x000000074a600000|  0%| F|  |TAMS 0x000000074a400000| PB 0x000000074a400000| Untracked 
|  83|0x000000074a600000, 0x000000074a800000, 0x000000074a800000|100%| O|  |TAMS 0x000000074a600000| PB 0x000000074a600000| Untracked 
|  84|0x000000074a800000, 0x000000074a800000, 0x000000074aa00000|  0%| F|  |TAMS 0x000000074a800000| PB 0x000000074a800000| Untracked 
|  85|0x000000074aa00000, 0x000000074aa00000, 0x000000074ac00000|  0%| F|  |TAMS 0x000000074aa00000| PB 0x000000074aa00000| Untracked 
|  86|0x000000074ac00000, 0x000000074ae00000, 0x000000074ae00000|100%| O|  |TAMS 0x000000074ac00000| PB 0x000000074ac00000| Untracked 
|  87|0x000000074ae00000, 0x000000074b000000, 0x000000074b000000|100%| O|  |TAMS 0x000000074ae00000| PB 0x000000074ae00000| Untracked 
|  88|0x000000074b000000, 0x000000074b200000, 0x000000074b200000|100%| O|  |TAMS 0x000000074b000000| PB 0x000000074b000000| Untracked 
|  89|0x000000074b200000, 0x000000074b400000, 0x000000074b400000|100%| O|  |TAMS 0x000000074b200000| PB 0x000000074b200000| Untracked 
|  90|0x000000074b400000, 0x000000074b600000, 0x000000074b600000|100%| O|  |TAMS 0x000000074b400000| PB 0x000000074b400000| Untracked 
|  91|0x000000074b600000, 0x000000074b800000, 0x000000074b800000|100%| O|  |TAMS 0x000000074b600000| PB 0x000000074b600000| Untracked 
|  92|0x000000074b800000, 0x000000074ba00000, 0x000000074ba00000|100%| O|  |TAMS 0x000000074b800000| PB 0x000000074b800000| Untracked 
|  93|0x000000074ba00000, 0x000000074bc00000, 0x000000074bc00000|100%| O|  |TAMS 0x000000074ba00000| PB 0x000000074ba00000| Untracked 
|  94|0x000000074bc00000, 0x000000074be00000, 0x000000074be00000|100%| O|  |TAMS 0x000000074bc00000| PB 0x000000074bc00000| Untracked 
|  95|0x000000074be00000, 0x000000074c000000, 0x000000074c000000|100%| O|  |TAMS 0x000000074be00000| PB 0x000000074be00000| Untracked 
|  96|0x000000074c000000, 0x000000074c200000, 0x000000074c200000|100%| O|  |TAMS 0x000000074c000000| PB 0x000000074c000000| Untracked 
|  97|0x000000074c200000, 0x000000074c400000, 0x000000074c400000|100%| O|  |TAMS 0x000000074c200000| PB 0x000000074c200000| Untracked 
|  98|0x000000074c400000, 0x000000074c600000, 0x000000074c600000|100%| O|  |TAMS 0x000000074c400000| PB 0x000000074c400000| Untracked 
|  99|0x000000074c600000, 0x000000074c800000, 0x000000074c800000|100%| O|  |TAMS 0x000000074c600000| PB 0x000000074c600000| Untracked 
| 100|0x000000074c800000, 0x000000074ca00000, 0x000000074ca00000|100%| O|  |TAMS 0x000000074c800000| PB 0x000000074c800000| Untracked 
| 101|0x000000074ca00000, 0x000000074cc00000, 0x000000074cc00000|100%| O|  |TAMS 0x000000074ca00000| PB 0x000000074ca00000| Untracked 
| 102|0x000000074cc00000, 0x000000074ce00000, 0x000000074ce00000|100%| O|  |TAMS 0x000000074cc00000| PB 0x000000074cc00000| Untracked 
| 103|0x000000074ce00000, 0x000000074d000000, 0x000000074d000000|100%| O|  |TAMS 0x000000074ce00000| PB 0x000000074ce00000| Untracked 
| 104|0x000000074d000000, 0x000000074d200000, 0x000000074d200000|100%| O|  |TAMS 0x000000074d000000| PB 0x000000074d000000| Untracked 
| 105|0x000000074d200000, 0x000000074d400000, 0x000000074d400000|100%| O|  |TAMS 0x000000074d200000| PB 0x000000074d200000| Untracked 
| 106|0x000000074d400000, 0x000000074d600000, 0x000000074d600000|100%| O|  |TAMS 0x000000074d400000| PB 0x000000074d400000| Untracked 
| 107|0x000000074d600000, 0x000000074d800000, 0x000000074d800000|100%| O|  |TAMS 0x000000074d600000| PB 0x000000074d600000| Untracked 
| 108|0x000000074d800000, 0x000000074da00000, 0x000000074da00000|100%| O|  |TAMS 0x000000074d800000| PB 0x000000074d800000| Untracked 
| 109|0x000000074da00000, 0x000000074dc00000, 0x000000074dc00000|100%| O|  |TAMS 0x000000074da00000| PB 0x000000074da00000| Untracked 
| 110|0x000000074dc00000, 0x000000074de00000, 0x000000074de00000|100%| O|  |TAMS 0x000000074dc00000| PB 0x000000074dc00000| Untracked 
| 111|0x000000074de00000, 0x000000074e000000, 0x000000074e000000|100%| O|  |TAMS 0x000000074de00000| PB 0x000000074de00000| Untracked 
| 112|0x000000074e000000, 0x000000074e200000, 0x000000074e200000|100%| O|  |TAMS 0x000000074e000000| PB 0x000000074e000000| Untracked 
| 113|0x000000074e200000, 0x000000074e400000, 0x000000074e400000|100%| O|  |TAMS 0x000000074e200000| PB 0x000000074e200000| Untracked 
| 114|0x000000074e400000, 0x000000074e600000, 0x000000074e600000|100%| O|  |TAMS 0x000000074e400000| PB 0x000000074e400000| Untracked 
| 115|0x000000074e600000, 0x000000074e800000, 0x000000074e800000|100%| O|  |TAMS 0x000000074e600000| PB 0x000000074e600000| Untracked 
| 116|0x000000074e800000, 0x000000074ea00000, 0x000000074ea00000|100%| O|  |TAMS 0x000000074e800000| PB 0x000000074e800000| Untracked 
| 117|0x000000074ea00000, 0x000000074ec00000, 0x000000074ec00000|100%| O|  |TAMS 0x000000074ea00000| PB 0x000000074ea00000| Untracked 
| 118|0x000000074ec00000, 0x000000074ee00000, 0x000000074ee00000|100%| O|  |TAMS 0x000000074ec00000| PB 0x000000074ec00000| Untracked 
| 119|0x000000074ee00000, 0x000000074f000000, 0x000000074f000000|100%| O|  |TAMS 0x000000074ee00000| PB 0x000000074ee00000| Untracked 
| 120|0x000000074f000000, 0x000000074f200000, 0x000000074f200000|100%| O|  |TAMS 0x000000074f000000| PB 0x000000074f000000| Untracked 
| 121|0x000000074f200000, 0x000000074f400000, 0x000000074f400000|100%| O|  |TAMS 0x000000074f200000| PB 0x000000074f200000| Untracked 
| 122|0x000000074f400000, 0x000000074f600000, 0x000000074f600000|100%| O|  |TAMS 0x000000074f400000| PB 0x000000074f400000| Untracked 
| 123|0x000000074f600000, 0x000000074f800000, 0x000000074f800000|100%| O|  |TAMS 0x000000074f600000| PB 0x000000074f600000| Untracked 
| 124|0x000000074f800000, 0x000000074fa00000, 0x000000074fa00000|100%| O|  |TAMS 0x000000074f800000| PB 0x000000074f800000| Untracked 
| 125|0x000000074fa00000, 0x000000074fc00000, 0x000000074fc00000|100%| O|  |TAMS 0x000000074fa00000| PB 0x000000074fa00000| Untracked 
| 126|0x000000074fc00000, 0x000000074fe00000, 0x000000074fe00000|100%| O|  |TAMS 0x000000074fc00000| PB 0x000000074fc00000| Untracked 
| 127|0x000000074fe00000, 0x0000000750000000, 0x0000000750000000|100%| O|  |TAMS 0x000000074fe00000| PB 0x000000074fe00000| Untracked 
| 128|0x0000000750000000, 0x0000000750200000, 0x0000000750200000|100%| O|  |TAMS 0x0000000750000000| PB 0x0000000750000000| Untracked 
| 129|0x0000000750200000, 0x0000000750400000, 0x0000000750400000|100%| O|  |TAMS 0x0000000750200000| PB 0x0000000750200000| Untracked 
| 130|0x0000000750400000, 0x0000000750600000, 0x0000000750600000|100%| O|  |TAMS 0x0000000750400000| PB 0x0000000750400000| Untracked 
| 131|0x0000000750600000, 0x0000000750800000, 0x0000000750800000|100%| O|  |TAMS 0x0000000750600000| PB 0x0000000750600000| Untracked 
| 132|0x0000000750800000, 0x0000000750a00000, 0x0000000750a00000|100%| O|  |TAMS 0x0000000750800000| PB 0x0000000750800000| Untracked 
| 133|0x0000000750a00000, 0x0000000750c00000, 0x0000000750c00000|100%| O|  |TAMS 0x0000000750a00000| PB 0x0000000750a00000| Untracked 
| 134|0x0000000750c00000, 0x0000000750e00000, 0x0000000750e00000|100%| O|  |TAMS 0x0000000750c00000| PB 0x0000000750c00000| Untracked 
| 135|0x0000000750e00000, 0x0000000751000000, 0x0000000751000000|100%| O|  |TAMS 0x0000000750e00000| PB 0x0000000750e00000| Untracked 
| 136|0x0000000751000000, 0x0000000751200000, 0x0000000751200000|100%| O|  |TAMS 0x0000000751000000| PB 0x0000000751000000| Untracked 
| 137|0x0000000751200000, 0x0000000751400000, 0x0000000751400000|100%| O|  |TAMS 0x0000000751200000| PB 0x0000000751200000| Untracked 
| 138|0x0000000751400000, 0x0000000751600000, 0x0000000751600000|100%| O|  |TAMS 0x0000000751400000| PB 0x0000000751400000| Untracked 
| 139|0x0000000751600000, 0x0000000751800000, 0x0000000751800000|100%| O|  |TAMS 0x0000000751600000| PB 0x0000000751600000| Untracked 
| 140|0x0000000751800000, 0x0000000751a00000, 0x0000000751a00000|100%| O|  |TAMS 0x0000000751800000| PB 0x0000000751800000| Untracked 
| 141|0x0000000751a00000, 0x0000000751c00000, 0x0000000751c00000|100%| O|  |TAMS 0x0000000751a00000| PB 0x0000000751a00000| Untracked 
| 142|0x0000000751c00000, 0x0000000751e00000, 0x0000000751e00000|100%| O|  |TAMS 0x0000000751c00000| PB 0x0000000751c00000| Untracked 
| 143|0x0000000751e00000, 0x0000000752000000, 0x0000000752000000|100%| O|  |TAMS 0x0000000751e00000| PB 0x0000000751e00000| Untracked 
| 144|0x0000000752000000, 0x0000000752200000, 0x0000000752200000|100%| O|  |TAMS 0x0000000752000000| PB 0x0000000752000000| Untracked 
| 145|0x0000000752200000, 0x0000000752400000, 0x0000000752400000|100%| O|  |TAMS 0x0000000752200000| PB 0x0000000752200000| Untracked 
| 146|0x0000000752400000, 0x0000000752600000, 0x0000000752600000|100%| O|  |TAMS 0x0000000752400000| PB 0x0000000752400000| Untracked 
| 147|0x0000000752600000, 0x0000000752800000, 0x0000000752800000|100%| O|  |TAMS 0x0000000752600000| PB 0x0000000752600000| Untracked 
| 148|0x0000000752800000, 0x0000000752a00000, 0x0000000752a00000|100%| O|  |TAMS 0x0000000752800000| PB 0x0000000752800000| Untracked 
| 149|0x0000000752a00000, 0x0000000752c00000, 0x0000000752c00000|100%| O|  |TAMS 0x0000000752a00000| PB 0x0000000752a00000| Untracked 
| 150|0x0000000752c00000, 0x0000000752e00000, 0x0000000752e00000|100%| O|  |TAMS 0x0000000752c00000| PB 0x0000000752c00000| Untracked 
| 151|0x0000000752e00000, 0x0000000753000000, 0x0000000753000000|100%| O|  |TAMS 0x0000000752e00000| PB 0x0000000752e00000| Untracked 
| 152|0x0000000753000000, 0x0000000753200000, 0x0000000753200000|100%| O|  |TAMS 0x0000000753000000| PB 0x0000000753000000| Untracked 
| 153|0x0000000753200000, 0x0000000753400000, 0x0000000753400000|100%| O|  |TAMS 0x0000000753200000| PB 0x0000000753200000| Untracked 
| 154|0x0000000753400000, 0x0000000753600000, 0x0000000753600000|100%| O|  |TAMS 0x0000000753400000| PB 0x0000000753400000| Untracked 
| 155|0x0000000753600000, 0x0000000753800000, 0x0000000753800000|100%| O|  |TAMS 0x0000000753600000| PB 0x0000000753600000| Untracked 
| 156|0x0000000753800000, 0x0000000753a00000, 0x0000000753a00000|100%| O|  |TAMS 0x0000000753800000| PB 0x0000000753800000| Untracked 
| 157|0x0000000753a00000, 0x0000000753c00000, 0x0000000753c00000|100%| O|  |TAMS 0x0000000753a00000| PB 0x0000000753a00000| Untracked 
| 158|0x0000000753c00000, 0x0000000753e00000, 0x0000000753e00000|100%| O|  |TAMS 0x0000000753c00000| PB 0x0000000753c00000| Untracked 
| 159|0x0000000753e00000, 0x0000000754000000, 0x0000000754000000|100%| O|  |TAMS 0x0000000753e00000| PB 0x0000000753e00000| Untracked 
| 160|0x0000000754000000, 0x0000000754200000, 0x0000000754200000|100%| O|  |TAMS 0x0000000754000000| PB 0x0000000754000000| Untracked 
| 161|0x0000000754200000, 0x0000000754400000, 0x0000000754400000|100%| O|  |TAMS 0x0000000754200000| PB 0x0000000754200000| Untracked 
| 162|0x0000000754400000, 0x0000000754600000, 0x0000000754600000|100%| O|  |TAMS 0x0000000754400000| PB 0x0000000754400000| Untracked 
| 163|0x0000000754600000, 0x0000000754800000, 0x0000000754800000|100%| O|  |TAMS 0x0000000754600000| PB 0x0000000754600000| Untracked 
| 164|0x0000000754800000, 0x0000000754a00000, 0x0000000754a00000|100%| O|  |TAMS 0x0000000754800000| PB 0x0000000754800000| Untracked 
| 165|0x0000000754a00000, 0x0000000754c00000, 0x0000000754c00000|100%| O|  |TAMS 0x0000000754a00000| PB 0x0000000754a00000| Untracked 
| 166|0x0000000754c00000, 0x0000000754e00000, 0x0000000754e00000|100%| O|  |TAMS 0x0000000754c00000| PB 0x0000000754c00000| Untracked 
| 167|0x0000000754e00000, 0x0000000755000000, 0x0000000755000000|100%| O|  |TAMS 0x0000000754e00000| PB 0x0000000754e00000| Untracked 
| 168|0x0000000755000000, 0x0000000755200000, 0x0000000755200000|100%| O|  |TAMS 0x0000000755000000| PB 0x0000000755000000| Untracked 
| 169|0x0000000755200000, 0x0000000755400000, 0x0000000755400000|100%| O|  |TAMS 0x0000000755200000| PB 0x0000000755200000| Untracked 
| 170|0x0000000755400000, 0x0000000755600000, 0x0000000755600000|100%| O|  |TAMS 0x0000000755400000| PB 0x0000000755400000| Untracked 
| 171|0x0000000755600000, 0x0000000755800000, 0x0000000755800000|100%| O|  |TAMS 0x0000000755600000| PB 0x0000000755600000| Untracked 
| 172|0x0000000755800000, 0x0000000755a00000, 0x0000000755a00000|100%| O|  |TAMS 0x0000000755800000| PB 0x0000000755800000| Untracked 
| 173|0x0000000755a00000, 0x0000000755c00000, 0x0000000755c00000|100%| O|  |TAMS 0x0000000755a00000| PB 0x0000000755a00000| Untracked 
| 174|0x0000000755c00000, 0x0000000755e00000, 0x0000000755e00000|100%| O|  |TAMS 0x0000000755c00000| PB 0x0000000755c00000| Untracked 
| 175|0x0000000755e00000, 0x0000000756000000, 0x0000000756000000|100%| O|  |TAMS 0x0000000755e00000| PB 0x0000000755e00000| Untracked 
| 176|0x0000000756000000, 0x0000000756200000, 0x0000000756200000|100%| O|  |TAMS 0x0000000756000000| PB 0x0000000756000000| Untracked 
| 177|0x0000000756200000, 0x0000000756400000, 0x0000000756400000|100%| O|  |TAMS 0x0000000756200000| PB 0x0000000756200000| Untracked 
| 178|0x0000000756400000, 0x0000000756600000, 0x0000000756600000|100%| O|  |TAMS 0x0000000756400000| PB 0x0000000756400000| Untracked 
| 179|0x0000000756600000, 0x0000000756800000, 0x0000000756800000|100%| O|  |TAMS 0x0000000756600000| PB 0x0000000756600000| Untracked 
| 180|0x0000000756800000, 0x0000000756a00000, 0x0000000756a00000|100%| O|  |TAMS 0x0000000756800000| PB 0x0000000756800000| Untracked 
| 181|0x0000000756a00000, 0x0000000756c00000, 0x0000000756c00000|100%| O|  |TAMS 0x0000000756a00000| PB 0x0000000756a00000| Untracked 
| 182|0x0000000756c00000, 0x0000000756e00000, 0x0000000756e00000|100%| O|  |TAMS 0x0000000756c00000| PB 0x0000000756c00000| Untracked 
| 183|0x0000000756e00000, 0x0000000757000000, 0x0000000757000000|100%| O|  |TAMS 0x0000000756e00000| PB 0x0000000756e00000| Untracked 
| 184|0x0000000757000000, 0x0000000757200000, 0x0000000757200000|100%| O|  |TAMS 0x0000000757000000| PB 0x0000000757000000| Untracked 
| 185|0x0000000757200000, 0x0000000757400000, 0x0000000757400000|100%| O|  |TAMS 0x0000000757200000| PB 0x0000000757200000| Untracked 
| 186|0x0000000757400000, 0x0000000757600000, 0x0000000757600000|100%| O|  |TAMS 0x0000000757400000| PB 0x0000000757400000| Untracked 
| 187|0x0000000757600000, 0x0000000757800000, 0x0000000757800000|100%| O|  |TAMS 0x0000000757600000| PB 0x0000000757600000| Untracked 
| 188|0x0000000757800000, 0x0000000757a00000, 0x0000000757a00000|100%| O|  |TAMS 0x0000000757800000| PB 0x0000000757800000| Untracked 
| 189|0x0000000757a00000, 0x0000000757c00000, 0x0000000757c00000|100%| O|  |TAMS 0x0000000757a00000| PB 0x0000000757a00000| Untracked 
| 190|0x0000000757c00000, 0x0000000757e00000, 0x0000000757e00000|100%| O|  |TAMS 0x0000000757c00000| PB 0x0000000757c00000| Untracked 
| 191|0x0000000757e00000, 0x0000000758000000, 0x0000000758000000|100%| O|  |TAMS 0x0000000757e00000| PB 0x0000000757e00000| Untracked 
| 192|0x0000000758000000, 0x0000000758200000, 0x0000000758200000|100%| O|  |TAMS 0x0000000758000000| PB 0x0000000758000000| Untracked 
| 193|0x0000000758200000, 0x0000000758400000, 0x0000000758400000|100%| O|  |TAMS 0x0000000758200000| PB 0x0000000758200000| Untracked 
| 194|0x0000000758400000, 0x0000000758600000, 0x0000000758600000|100%| O|  |TAMS 0x0000000758400000| PB 0x0000000758400000| Untracked 
| 195|0x0000000758600000, 0x0000000758800000, 0x0000000758800000|100%| O|  |TAMS 0x0000000758600000| PB 0x0000000758600000| Untracked 
| 196|0x0000000758800000, 0x0000000758a00000, 0x0000000758a00000|100%| O|  |TAMS 0x0000000758800000| PB 0x0000000758800000| Untracked 
| 197|0x0000000758a00000, 0x0000000758c00000, 0x0000000758c00000|100%| O|  |TAMS 0x0000000758a00000| PB 0x0000000758a00000| Untracked 
| 198|0x0000000758c00000, 0x0000000758e00000, 0x0000000758e00000|100%| O|  |TAMS 0x0000000758c00000| PB 0x0000000758c00000| Untracked 
| 199|0x0000000758e00000, 0x0000000759000000, 0x0000000759000000|100%| O|  |TAMS 0x0000000758e00000| PB 0x0000000758e00000| Untracked 
| 200|0x0000000759000000, 0x0000000759200000, 0x0000000759200000|100%| O|  |TAMS 0x0000000759000000| PB 0x0000000759000000| Untracked 
| 201|0x0000000759200000, 0x0000000759400000, 0x0000000759400000|100%| O|  |TAMS 0x0000000759200000| PB 0x0000000759200000| Untracked 
| 202|0x0000000759400000, 0x0000000759600000, 0x0000000759600000|100%| O|  |TAMS 0x0000000759400000| PB 0x0000000759400000| Untracked 
| 203|0x0000000759600000, 0x0000000759800000, 0x0000000759800000|100%| O|  |TAMS 0x0000000759600000| PB 0x0000000759600000| Untracked 
| 204|0x0000000759800000, 0x0000000759a00000, 0x0000000759a00000|100%| O|  |TAMS 0x0000000759800000| PB 0x0000000759800000| Untracked 
| 205|0x0000000759a00000, 0x0000000759a00000, 0x0000000759c00000|  0%| F|  |TAMS 0x0000000759a00000| PB 0x0000000759a00000| Untracked 
| 206|0x0000000759c00000, 0x0000000759c00000, 0x0000000759e00000|  0%| F|  |TAMS 0x0000000759c00000| PB 0x0000000759c00000| Untracked 
| 207|0x0000000759e00000, 0x0000000759e00000, 0x000000075a000000|  0%| F|  |TAMS 0x0000000759e00000| PB 0x0000000759e00000| Untracked 
| 208|0x000000075a000000, 0x000000075a000000, 0x000000075a200000|  0%| F|  |TAMS 0x000000075a000000| PB 0x000000075a000000| Untracked 
| 209|0x000000075a200000, 0x000000075a200000, 0x000000075a400000|  0%| F|  |TAMS 0x000000075a200000| PB 0x000000075a200000| Untracked 
| 210|0x000000075a400000, 0x000000075a400000, 0x000000075a600000|  0%| F|  |TAMS 0x000000075a400000| PB 0x000000075a400000| Untracked 
| 211|0x000000075a600000, 0x000000075a600000, 0x000000075a800000|  0%| F|  |TAMS 0x000000075a600000| PB 0x000000075a600000| Untracked 
| 212|0x000000075a800000, 0x000000075a800000, 0x000000075aa00000|  0%| F|  |TAMS 0x000000075a800000| PB 0x000000075a800000| Untracked 
| 213|0x000000075aa00000, 0x000000075aa00000, 0x000000075ac00000|  0%| F|  |TAMS 0x000000075aa00000| PB 0x000000075aa00000| Untracked 
| 214|0x000000075ac00000, 0x000000075ac00000, 0x000000075ae00000|  0%| F|  |TAMS 0x000000075ac00000| PB 0x000000075ac00000| Untracked 
| 215|0x000000075ae00000, 0x000000075ae00000, 0x000000075b000000|  0%| F|  |TAMS 0x000000075ae00000| PB 0x000000075ae00000| Untracked 
| 216|0x000000075b000000, 0x000000075b000000, 0x000000075b200000|  0%| F|  |TAMS 0x000000075b000000| PB 0x000000075b000000| Untracked 
| 217|0x000000075b200000, 0x000000075b200000, 0x000000075b400000|  0%| F|  |TAMS 0x000000075b200000| PB 0x000000075b200000| Untracked 
| 218|0x000000075b400000, 0x000000075b400000, 0x000000075b600000|  0%| F|  |TAMS 0x000000075b400000| PB 0x000000075b400000| Untracked 
| 219|0x000000075b600000, 0x000000075b600000, 0x000000075b800000|  0%| F|  |TAMS 0x000000075b600000| PB 0x000000075b600000| Untracked 
| 220|0x000000075b800000, 0x000000075b800000, 0x000000075ba00000|  0%| F|  |TAMS 0x000000075b800000| PB 0x000000075b800000| Untracked 
| 221|0x000000075ba00000, 0x000000075ba00000, 0x000000075bc00000|  0%| F|  |TAMS 0x000000075ba00000| PB 0x000000075ba00000| Untracked 
| 222|0x000000075bc00000, 0x000000075bc00000, 0x000000075be00000|  0%| F|  |TAMS 0x000000075bc00000| PB 0x000000075bc00000| Untracked 
| 223|0x000000075be00000, 0x000000075be00000, 0x000000075c000000|  0%| F|  |TAMS 0x000000075be00000| PB 0x000000075be00000| Untracked 
| 224|0x000000075c000000, 0x000000075c000000, 0x000000075c200000|  0%| F|  |TAMS 0x000000075c000000| PB 0x000000075c000000| Untracked 
| 225|0x000000075c200000, 0x000000075c200000, 0x000000075c400000|  0%| F|  |TAMS 0x000000075c200000| PB 0x000000075c200000| Untracked 
| 226|0x000000075c400000, 0x000000075c400000, 0x000000075c600000|  0%| F|  |TAMS 0x000000075c400000| PB 0x000000075c400000| Untracked 
| 227|0x000000075c600000, 0x000000075c600000, 0x000000075c800000|  0%| F|  |TAMS 0x000000075c600000| PB 0x000000075c600000| Untracked 
| 228|0x000000075c800000, 0x000000075c800000, 0x000000075ca00000|  0%| F|  |TAMS 0x000000075c800000| PB 0x000000075c800000| Untracked 
| 229|0x000000075ca00000, 0x000000075ca00000, 0x000000075cc00000|  0%| F|  |TAMS 0x000000075ca00000| PB 0x000000075ca00000| Untracked 
| 230|0x000000075cc00000, 0x000000075cc00000, 0x000000075ce00000|  0%| F|  |TAMS 0x000000075cc00000| PB 0x000000075cc00000| Untracked 
| 231|0x000000075ce00000, 0x000000075ce00000, 0x000000075d000000|  0%| F|  |TAMS 0x000000075ce00000| PB 0x000000075ce00000| Untracked 
| 232|0x000000075d000000, 0x000000075d000000, 0x000000075d200000|  0%| F|  |TAMS 0x000000075d000000| PB 0x000000075d000000| Untracked 
| 233|0x000000075d200000, 0x000000075d200000, 0x000000075d400000|  0%| F|  |TAMS 0x000000075d200000| PB 0x000000075d200000| Untracked 
| 234|0x000000075d400000, 0x000000075d400000, 0x000000075d600000|  0%| F|  |TAMS 0x000000075d400000| PB 0x000000075d400000| Untracked 
| 235|0x000000075d600000, 0x000000075d600000, 0x000000075d800000|  0%| F|  |TAMS 0x000000075d600000| PB 0x000000075d600000| Untracked 
| 236|0x000000075d800000, 0x000000075d800000, 0x000000075da00000|  0%| F|  |TAMS 0x000000075d800000| PB 0x000000075d800000| Untracked 
| 237|0x000000075da00000, 0x000000075da00000, 0x000000075dc00000|  0%| F|  |TAMS 0x000000075da00000| PB 0x000000075da00000| Untracked 
| 238|0x000000075dc00000, 0x000000075dc00000, 0x000000075de00000|  0%| F|  |TAMS 0x000000075dc00000| PB 0x000000075dc00000| Untracked 
| 239|0x000000075de00000, 0x000000075de00000, 0x000000075e000000|  0%| F|  |TAMS 0x000000075de00000| PB 0x000000075de00000| Untracked 
| 240|0x000000075e000000, 0x000000075e000000, 0x000000075e200000|  0%| F|  |TAMS 0x000000075e000000| PB 0x000000075e000000| Untracked 
| 241|0x000000075e200000, 0x000000075e200000, 0x000000075e400000|  0%| F|  |TAMS 0x000000075e200000| PB 0x000000075e200000| Untracked 
| 242|0x000000075e400000, 0x000000075e400000, 0x000000075e600000|  0%| F|  |TAMS 0x000000075e400000| PB 0x000000075e400000| Untracked 
| 243|0x000000075e600000, 0x000000075e600000, 0x000000075e800000|  0%| F|  |TAMS 0x000000075e600000| PB 0x000000075e600000| Untracked 
| 244|0x000000075e800000, 0x000000075e800000, 0x000000075ea00000|  0%| F|  |TAMS 0x000000075e800000| PB 0x000000075e800000| Untracked 
| 245|0x000000075ea00000, 0x000000075ea00000, 0x000000075ec00000|  0%| F|  |TAMS 0x000000075ea00000| PB 0x000000075ea00000| Untracked 
| 246|0x000000075ec00000, 0x000000075ec00000, 0x000000075ee00000|  0%| F|  |TAMS 0x000000075ec00000| PB 0x000000075ec00000| Untracked 
| 247|0x000000075ee00000, 0x000000075ee00000, 0x000000075f000000|  0%| F|  |TAMS 0x000000075ee00000| PB 0x000000075ee00000| Untracked 
| 248|0x000000075f000000, 0x000000075f000000, 0x000000075f200000|  0%| F|  |TAMS 0x000000075f000000| PB 0x000000075f000000| Untracked 
| 249|0x000000075f200000, 0x000000075f200000, 0x000000075f400000|  0%| F|  |TAMS 0x000000075f200000| PB 0x000000075f200000| Untracked 
| 250|0x000000075f400000, 0x000000075f400000, 0x000000075f600000|  0%| F|  |TAMS 0x000000075f400000| PB 0x000000075f400000| Untracked 
| 251|0x000000075f600000, 0x000000075f600000, 0x000000075f800000|  0%| F|  |TAMS 0x000000075f600000| PB 0x000000075f600000| Untracked 
| 252|0x000000075f800000, 0x000000075f800000, 0x000000075fa00000|  0%| F|  |TAMS 0x000000075f800000| PB 0x000000075f800000| Untracked 
| 253|0x000000075fa00000, 0x000000075fa00000, 0x000000075fc00000|  0%| F|  |TAMS 0x000000075fa00000| PB 0x000000075fa00000| Untracked 
| 254|0x000000075fc00000, 0x000000075fc00000, 0x000000075fe00000|  0%| F|  |TAMS 0x000000075fc00000| PB 0x000000075fc00000| Untracked 
| 255|0x000000075fe00000, 0x000000075fe00000, 0x0000000760000000|  0%| F|  |TAMS 0x000000075fe00000| PB 0x000000075fe00000| Untracked 
| 256|0x0000000760000000, 0x0000000760000000, 0x0000000760200000|  0%| F|  |TAMS 0x0000000760000000| PB 0x0000000760000000| Untracked 
| 257|0x0000000760200000, 0x0000000760200000, 0x0000000760400000|  0%| F|  |TAMS 0x0000000760200000| PB 0x0000000760200000| Untracked 
| 258|0x0000000760400000, 0x0000000760400000, 0x0000000760600000|  0%| F|  |TAMS 0x0000000760400000| PB 0x0000000760400000| Untracked 
| 259|0x0000000760600000, 0x0000000760600000, 0x0000000760800000|  0%| F|  |TAMS 0x0000000760600000| PB 0x0000000760600000| Untracked 
| 260|0x0000000760800000, 0x0000000760800000, 0x0000000760a00000|  0%| F|  |TAMS 0x0000000760800000| PB 0x0000000760800000| Untracked 
| 261|0x0000000760a00000, 0x0000000760a00000, 0x0000000760c00000|  0%| F|  |TAMS 0x0000000760a00000| PB 0x0000000760a00000| Untracked 
| 262|0x0000000760c00000, 0x0000000760c00000, 0x0000000760e00000|  0%| F|  |TAMS 0x0000000760c00000| PB 0x0000000760c00000| Untracked 
| 263|0x0000000760e00000, 0x0000000760e00000, 0x0000000761000000|  0%| F|  |TAMS 0x0000000760e00000| PB 0x0000000760e00000| Untracked 
| 264|0x0000000761000000, 0x0000000761000000, 0x0000000761200000|  0%| F|  |TAMS 0x0000000761000000| PB 0x0000000761000000| Untracked 
| 265|0x0000000761200000, 0x0000000761200000, 0x0000000761400000|  0%| F|  |TAMS 0x0000000761200000| PB 0x0000000761200000| Untracked 
| 266|0x0000000761400000, 0x0000000761400000, 0x0000000761600000|  0%| F|  |TAMS 0x0000000761400000| PB 0x0000000761400000| Untracked 
| 267|0x0000000761600000, 0x0000000761600000, 0x0000000761800000|  0%| F|  |TAMS 0x0000000761600000| PB 0x0000000761600000| Untracked 
| 268|0x0000000761800000, 0x0000000761800000, 0x0000000761a00000|  0%| F|  |TAMS 0x0000000761800000| PB 0x0000000761800000| Untracked 
| 269|0x0000000761a00000, 0x0000000761a00000, 0x0000000761c00000|  0%| F|  |TAMS 0x0000000761a00000| PB 0x0000000761a00000| Untracked 
| 270|0x0000000761c00000, 0x0000000761c00000, 0x0000000761e00000|  0%| F|  |TAMS 0x0000000761c00000| PB 0x0000000761c00000| Untracked 
| 271|0x0000000761e00000, 0x0000000761e00000, 0x0000000762000000|  0%| F|  |TAMS 0x0000000761e00000| PB 0x0000000761e00000| Untracked 
| 272|0x0000000762000000, 0x0000000762000000, 0x0000000762200000|  0%| F|  |TAMS 0x0000000762000000| PB 0x0000000762000000| Untracked 
| 273|0x0000000762200000, 0x0000000762400000, 0x0000000762400000|100%| S|CS|TAMS 0x0000000762200000| PB 0x0000000762200000| Complete 
| 274|0x0000000762400000, 0x0000000762600000, 0x0000000762600000|100%| S|CS|TAMS 0x0000000762400000| PB 0x0000000762400000| Complete 
| 275|0x0000000762600000, 0x0000000762800000, 0x0000000762800000|100%| S|CS|TAMS 0x0000000762600000| PB 0x0000000762600000| Complete 
| 276|0x0000000762800000, 0x0000000762a00000, 0x0000000762a00000|100%| S|CS|TAMS 0x0000000762800000| PB 0x0000000762800000| Complete 
| 277|0x0000000762a00000, 0x0000000762c00000, 0x0000000762c00000|100%| S|CS|TAMS 0x0000000762a00000| PB 0x0000000762a00000| Complete 
| 278|0x0000000762c00000, 0x0000000762e00000, 0x0000000762e00000|100%| S|CS|TAMS 0x0000000762c00000| PB 0x0000000762c00000| Complete 
| 279|0x0000000762e00000, 0x0000000763000000, 0x0000000763000000|100%| S|CS|TAMS 0x0000000762e00000| PB 0x0000000762e00000| Complete 
| 280|0x0000000763000000, 0x0000000763200000, 0x0000000763200000|100%| S|CS|TAMS 0x0000000763000000| PB 0x0000000763000000| Complete 
| 281|0x0000000763200000, 0x0000000763400000, 0x0000000763400000|100%| S|CS|TAMS 0x0000000763200000| PB 0x0000000763200000| Complete 
| 282|0x0000000763400000, 0x0000000763600000, 0x0000000763600000|100%| S|CS|TAMS 0x0000000763400000| PB 0x0000000763400000| Complete 
| 283|0x0000000763600000, 0x0000000763600000, 0x0000000763800000|  0%| F|  |TAMS 0x0000000763600000| PB 0x0000000763600000| Untracked 
| 284|0x0000000763800000, 0x0000000763800000, 0x0000000763a00000|  0%| F|  |TAMS 0x0000000763800000| PB 0x0000000763800000| Untracked 
| 285|0x0000000763a00000, 0x0000000763a00000, 0x0000000763c00000|  0%| F|  |TAMS 0x0000000763a00000| PB 0x0000000763a00000| Untracked 
| 286|0x0000000763c00000, 0x0000000763c00000, 0x0000000763e00000|  0%| F|  |TAMS 0x0000000763c00000| PB 0x0000000763c00000| Untracked 
| 287|0x0000000763e00000, 0x0000000763e00000, 0x0000000764000000|  0%| F|  |TAMS 0x0000000763e00000| PB 0x0000000763e00000| Untracked 
| 288|0x0000000764000000, 0x0000000764000000, 0x0000000764200000|  0%| F|  |TAMS 0x0000000764000000| PB 0x0000000764000000| Untracked 
| 289|0x0000000764200000, 0x0000000764200000, 0x0000000764400000|  0%| F|  |TAMS 0x0000000764200000| PB 0x0000000764200000| Untracked 
| 290|0x0000000764400000, 0x0000000764400000, 0x0000000764600000|  0%| F|  |TAMS 0x0000000764400000| PB 0x0000000764400000| Untracked 
| 291|0x0000000764600000, 0x0000000764600000, 0x0000000764800000|  0%| F|  |TAMS 0x0000000764600000| PB 0x0000000764600000| Untracked 
| 292|0x0000000764800000, 0x0000000764800000, 0x0000000764a00000|  0%| F|  |TAMS 0x0000000764800000| PB 0x0000000764800000| Untracked 
| 293|0x0000000764a00000, 0x0000000764a00000, 0x0000000764c00000|  0%| F|  |TAMS 0x0000000764a00000| PB 0x0000000764a00000| Untracked 
| 294|0x0000000764c00000, 0x0000000764c00000, 0x0000000764e00000|  0%| F|  |TAMS 0x0000000764c00000| PB 0x0000000764c00000| Untracked 
| 295|0x0000000764e00000, 0x0000000764e00000, 0x0000000765000000|  0%| F|  |TAMS 0x0000000764e00000| PB 0x0000000764e00000| Untracked 
| 296|0x0000000765000000, 0x0000000765000000, 0x0000000765200000|  0%| F|  |TAMS 0x0000000765000000| PB 0x0000000765000000| Untracked 
| 297|0x0000000765200000, 0x0000000765200000, 0x0000000765400000|  0%| F|  |TAMS 0x0000000765200000| PB 0x0000000765200000| Untracked 
| 298|0x0000000765400000, 0x0000000765400000, 0x0000000765600000|  0%| F|  |TAMS 0x0000000765400000| PB 0x0000000765400000| Untracked 
| 299|0x0000000765600000, 0x0000000765600000, 0x0000000765800000|  0%| F|  |TAMS 0x0000000765600000| PB 0x0000000765600000| Untracked 
| 300|0x0000000765800000, 0x0000000765800000, 0x0000000765a00000|  0%| F|  |TAMS 0x0000000765800000| PB 0x0000000765800000| Untracked 
| 301|0x0000000765a00000, 0x0000000765a00000, 0x0000000765c00000|  0%| F|  |TAMS 0x0000000765a00000| PB 0x0000000765a00000| Untracked 
| 302|0x0000000765c00000, 0x0000000765c00000, 0x0000000765e00000|  0%| F|  |TAMS 0x0000000765c00000| PB 0x0000000765c00000| Untracked 
| 303|0x0000000765e00000, 0x0000000765e00000, 0x0000000766000000|  0%| F|  |TAMS 0x0000000765e00000| PB 0x0000000765e00000| Untracked 
| 304|0x0000000766000000, 0x0000000766000000, 0x0000000766200000|  0%| F|  |TAMS 0x0000000766000000| PB 0x0000000766000000| Untracked 
| 305|0x0000000766200000, 0x0000000766200000, 0x0000000766400000|  0%| F|  |TAMS 0x0000000766200000| PB 0x0000000766200000| Untracked 
| 306|0x0000000766400000, 0x0000000766400000, 0x0000000766600000|  0%| F|  |TAMS 0x0000000766400000| PB 0x0000000766400000| Untracked 
| 307|0x0000000766600000, 0x0000000766600000, 0x0000000766800000|  0%| F|  |TAMS 0x0000000766600000| PB 0x0000000766600000| Untracked 
| 308|0x0000000766800000, 0x0000000766800000, 0x0000000766a00000|  0%| F|  |TAMS 0x0000000766800000| PB 0x0000000766800000| Untracked 
| 309|0x0000000766a00000, 0x0000000766a00000, 0x0000000766c00000|  0%| F|  |TAMS 0x0000000766a00000| PB 0x0000000766a00000| Untracked 
| 310|0x0000000766c00000, 0x0000000766c00000, 0x0000000766e00000|  0%| F|  |TAMS 0x0000000766c00000| PB 0x0000000766c00000| Untracked 
| 311|0x0000000766e00000, 0x0000000766e00000, 0x0000000767000000|  0%| F|  |TAMS 0x0000000766e00000| PB 0x0000000766e00000| Untracked 
| 312|0x0000000767000000, 0x0000000767000000, 0x0000000767200000|  0%| F|  |TAMS 0x0000000767000000| PB 0x0000000767000000| Untracked 
| 313|0x0000000767200000, 0x0000000767200000, 0x0000000767400000|  0%| F|  |TAMS 0x0000000767200000| PB 0x0000000767200000| Untracked 
| 314|0x0000000767400000, 0x0000000767400000, 0x0000000767600000|  0%| F|  |TAMS 0x0000000767400000| PB 0x0000000767400000| Untracked 
| 315|0x0000000767600000, 0x0000000767600000, 0x0000000767800000|  0%| F|  |TAMS 0x0000000767600000| PB 0x0000000767600000| Untracked 
| 316|0x0000000767800000, 0x0000000767800000, 0x0000000767a00000|  0%| F|  |TAMS 0x0000000767800000| PB 0x0000000767800000| Untracked 
| 317|0x0000000767a00000, 0x0000000767a00000, 0x0000000767c00000|  0%| F|  |TAMS 0x0000000767a00000| PB 0x0000000767a00000| Untracked 
| 318|0x0000000767c00000, 0x0000000767c00000, 0x0000000767e00000|  0%| F|  |TAMS 0x0000000767c00000| PB 0x0000000767c00000| Untracked 
| 319|0x0000000767e00000, 0x0000000767e00000, 0x0000000768000000|  0%| F|  |TAMS 0x0000000767e00000| PB 0x0000000767e00000| Untracked 
| 320|0x0000000768000000, 0x0000000768000000, 0x0000000768200000|  0%| F|  |TAMS 0x0000000768000000| PB 0x0000000768000000| Untracked 
| 321|0x0000000768200000, 0x0000000768200000, 0x0000000768400000|  0%| F|  |TAMS 0x0000000768200000| PB 0x0000000768200000| Untracked 
| 322|0x0000000768400000, 0x0000000768400000, 0x0000000768600000|  0%| F|  |TAMS 0x0000000768400000| PB 0x0000000768400000| Untracked 
| 323|0x0000000768600000, 0x0000000768600000, 0x0000000768800000|  0%| F|  |TAMS 0x0000000768600000| PB 0x0000000768600000| Untracked 
| 324|0x0000000768800000, 0x0000000768800000, 0x0000000768a00000|  0%| F|  |TAMS 0x0000000768800000| PB 0x0000000768800000| Untracked 
| 325|0x0000000768a00000, 0x0000000768a00000, 0x0000000768c00000|  0%| F|  |TAMS 0x0000000768a00000| PB 0x0000000768a00000| Untracked 
| 326|0x0000000768c00000, 0x0000000768c00000, 0x0000000768e00000|  0%| F|  |TAMS 0x0000000768c00000| PB 0x0000000768c00000| Untracked 
| 327|0x0000000768e00000, 0x0000000768e00000, 0x0000000769000000|  0%| F|  |TAMS 0x0000000768e00000| PB 0x0000000768e00000| Untracked 
| 328|0x0000000769000000, 0x0000000769000000, 0x0000000769200000|  0%| F|  |TAMS 0x0000000769000000| PB 0x0000000769000000| Untracked 
| 329|0x0000000769200000, 0x0000000769200000, 0x0000000769400000|  0%| F|  |TAMS 0x0000000769200000| PB 0x0000000769200000| Untracked 
| 330|0x0000000769400000, 0x0000000769400000, 0x0000000769600000|  0%| F|  |TAMS 0x0000000769400000| PB 0x0000000769400000| Untracked 
| 331|0x0000000769600000, 0x0000000769600000, 0x0000000769800000|  0%| F|  |TAMS 0x0000000769600000| PB 0x0000000769600000| Untracked 
| 332|0x0000000769800000, 0x0000000769800000, 0x0000000769a00000|  0%| F|  |TAMS 0x0000000769800000| PB 0x0000000769800000| Untracked 
| 333|0x0000000769a00000, 0x0000000769a00000, 0x0000000769c00000|  0%| F|  |TAMS 0x0000000769a00000| PB 0x0000000769a00000| Untracked 
| 334|0x0000000769c00000, 0x0000000769c00000, 0x0000000769e00000|  0%| F|  |TAMS 0x0000000769c00000| PB 0x0000000769c00000| Untracked 
| 335|0x0000000769e00000, 0x0000000769e00000, 0x000000076a000000|  0%| F|  |TAMS 0x0000000769e00000| PB 0x0000000769e00000| Untracked 
|1517|0x00000007fda00000, 0x00000007fdc00000, 0x00000007fdc00000|100%| O|  |TAMS 0x00000007fda00000| PB 0x00000007fda00000| Untracked 
|1518|0x00000007fdc00000, 0x00000007fdc00000, 0x00000007fde00000|  0%| F|  |TAMS 0x00000007fdc00000| PB 0x00000007fdc00000| Untracked 
|1519|0x00000007fde00000, 0x00000007fde00000, 0x00000007fe000000|  0%| F|  |TAMS 0x00000007fde00000| PB 0x00000007fde00000| Untracked 
|1520|0x00000007fe000000, 0x00000007fe000000, 0x00000007fe200000|  0%| F|  |TAMS 0x00000007fe000000| PB 0x00000007fe000000| Untracked 
|1521|0x00000007fe200000, 0x00000007fe400000, 0x00000007fe400000|100%| O|  |TAMS 0x00000007fe200000| PB 0x00000007fe200000| Untracked 
|1522|0x00000007fe400000, 0x00000007fe400000, 0x00000007fe600000|  0%| F|  |TAMS 0x00000007fe400000| PB 0x00000007fe400000| Untracked 
|1523|0x00000007fe600000, 0x00000007fe800000, 0x00000007fe800000|100%| O|  |TAMS 0x00000007fe600000| PB 0x00000007fe600000| Untracked 
|1524|0x00000007fe800000, 0x00000007fea00000, 0x00000007fea00000|100%| O|  |TAMS 0x00000007fe800000| PB 0x00000007fe800000| Untracked 
|1525|0x00000007fea00000, 0x00000007fec00000, 0x00000007fec00000|100%| O|  |TAMS 0x00000007fea00000| PB 0x00000007fea00000| Untracked 
|1526|0x00000007fec00000, 0x00000007fec00000, 0x00000007fee00000|  0%| F|  |TAMS 0x00000007fec00000| PB 0x00000007fec00000| Untracked 
|1527|0x00000007fee00000, 0x00000007ff000000, 0x00000007ff000000|100%| O|  |TAMS 0x00000007fee00000| PB 0x00000007fee00000| Untracked 
|1528|0x00000007ff000000, 0x00000007ff200000, 0x00000007ff200000|100%| O|  |TAMS 0x00000007ff000000| PB 0x00000007ff000000| Untracked 
|1529|0x00000007ff200000, 0x00000007ff200000, 0x00000007ff400000|  0%| F|  |TAMS 0x00000007ff200000| PB 0x00000007ff200000| Untracked 
|1530|0x00000007ff400000, 0x00000007ff400000, 0x00000007ff600000|  0%| F|  |TAMS 0x00000007ff400000| PB 0x00000007ff400000| Untracked 
|1531|0x00000007ff600000, 0x00000007ff600000, 0x00000007ff800000|  0%| F|  |TAMS 0x00000007ff600000| PB 0x00000007ff600000| Untracked 
|1533|0x00000007ffa00000, 0x00000007ffa00000, 0x00000007ffc00000|  0%| F|  |TAMS 0x00000007ffa00000| PB 0x00000007ffa00000| Untracked 
|1534|0x00000007ffc00000, 0x00000007ffe00000, 0x00000007ffe00000|100%| O|  |TAMS 0x00000007ffc00000| PB 0x00000007ffc00000| Untracked 
|1535|0x00000007ffe00000, 0x00000007ffe00000, 0x0000000800000000|  0%| F|  |TAMS 0x00000007ffe00000| PB 0x00000007ffe00000| Untracked 

Card table byte_map: [0x0000023e7f7e0000,0x0000023e7fde0000] _byte_map_base: 0x0000023e7bde0000

Marking Bits: (CMBitMap*) 0x0000023e7f1688c0
 Bits: [0x0000023e17650000, 0x0000023e1a650000)

Polling page: 0x0000023e7e8e0000

Metaspace:

Usage:
  Non-class:     61.33 MB used.
      Class:     10.22 MB used.
       Both:     71.54 MB used.

Virtual space:
  Non-class space:       64.00 MB reserved,      62.44 MB ( 98%) committed,  1 nodes.
      Class space:        1.00 GB reserved,      11.25 MB (  1%) committed,  1 nodes.
             Both:        1.06 GB reserved,      73.69 MB (  7%) committed. 

Chunk freelists:
   Non-Class:  1008.00 KB
       Class:  4.66 MB
        Both:  5.64 MB

MaxMetaspaceSize: unlimited
CompressedClassSpaceSize: 1.00 GB
Initial GC threshold: 21.00 MB
Current GC threshold: 122.75 MB
CDS: on
 - commit_granule_bytes: 65536.
 - commit_granule_words: 8192.
 - virtual_space_node_default_size: 8388608.
 - enlarge_chunks_in_place: 1.
 - use_allocation_guard: 0.


Internal statistics:

num_allocs_failed_limit: 9.
num_arena_births: 3684.
num_arena_deaths: 0.
num_vsnodes_births: 2.
num_vsnodes_deaths: 0.
num_space_committed: 1179.
num_space_uncommitted: 0.
num_chunks_returned_to_freelist: 9.
num_chunks_taken_from_freelist: 7016.
num_chunk_merges: 9.
num_chunk_splits: 4449.
num_chunks_enlarged: 2645.
num_inconsistent_stats: 0.

CodeHeap 'non-profiled nmethods': size=120064Kb used=5329Kb max_used=5329Kb free=114734Kb
 bounds [0x0000023e10110000, 0x0000023e10650000, 0x0000023e17650000]
CodeHeap 'profiled nmethods': size=120000Kb used=15317Kb max_used=16628Kb free=104683Kb
 bounds [0x0000023e08650000, 0x0000023e09690000, 0x0000023e0fb80000]
CodeHeap 'non-nmethods': size=5696Kb used=2666Kb max_used=2744Kb free=3030Kb
 bounds [0x0000023e0fb80000, 0x0000023e0fe40000, 0x0000023e10110000]
CodeCache: size=245760Kb, used=23312Kb, max_used=24701Kb, free=222447Kb
 total_blobs=9327, nmethods=8396, adapters=836, full_count=0
Compilation: enabled, stopped_count=0, restarted_count=0

Compilation events (20 events):
Event: 29.088 Thread 0x0000023e7ff5d440 10428       4       net.minecraftforge.srgutils.MappingFile::lambda$null$22 (41 bytes)
Event: 29.097 Thread 0x0000023e7ff5d440 nmethod 10428 0x0000023e10636a90 code [0x0000023e10636ce0, 0x0000023e106375c8]
Event: 29.097 Thread 0x0000023e7ff5d440 10442       4       net.minecraftforge.srgutils.MappingFile$$Lambda/0x0000023e1eb52f70::accept (16 bytes)
Event: 29.108 Thread 0x0000023e7ff5d440 nmethod 10442 0x0000023e10637e10 code [0x0000023e106380a0, 0x0000023e10638ba8]
Event: 29.108 Thread 0x0000023e7ff5d440 10443       4       net.minecraftforge.srgutils.MappingFile::lambda$null$20 (25 bytes)
Event: 29.118 Thread 0x0000023e7ff5d440 nmethod 10443 0x0000023e10639490 code [0x0000023e10639700, 0x0000023e1063a158]
Event: 29.118 Thread 0x0000023e7ff5d440 10448       4       net.minecraftforge.srgutils.MappingFile::getClass (14 bytes)
Event: 29.123 Thread 0x0000023e7ff5d440 nmethod 10448 0x0000023e1063aa10 code [0x0000023e1063ac00, 0x0000023e1063afb8]
Event: 29.123 Thread 0x0000023e7ff5d440 10449       4       net.minecraftforge.srgutils.MappingFile$Cls::getMethod (7 bytes)
Event: 29.131 Thread 0x0000023e7ff5d440 nmethod 10449 0x0000023e1063b290 code [0x0000023e1063b4a0, 0x0000023e1063bb98]
Event: 29.131 Thread 0x0000023e7ff5d440 10450       4       net.minecraftforge.srgutils.MappingFile$Cls$Method::remapParameter (30 bytes)
Event: 29.136 Thread 0x0000023e7ff5d440 nmethod 10450 0x0000023e1063bf90 code [0x0000023e1063c160, 0x0000023e1063c4f8]
Event: 29.136 Thread 0x0000023e7ff5d440 10451       4       net.minecraftforge.srgutils.MappingFile$Cls::remapMethod (44 bytes)
Event: 29.144 Thread 0x0000023e7ff5d440 nmethod 10451 0x0000023e1063c810 code [0x0000023e1063ca20, 0x0000023e1063d148]
Event: 29.145 Thread 0x0000023e7ff5d440 10441       4       net.minecraftforge.srgutils.MappingFile$Cls$Method::getMappedDescriptor (15 bytes)
Event: 29.145 Thread 0x0000023e7ff5d440 nmethod 10441 0x0000023e1063d510 code [0x0000023e1063d6a0, 0x0000023e1063d798]
Event: 29.151 Thread 0x0000023e7ff5d440 10452       4       net.minecraftforge.srgutils.MappingFile$$Lambda/0x0000023e1eb52d38::accept (16 bytes)
Event: 29.179 Thread 0x0000023e7ff5d440 nmethod 10452 0x0000023e1063d890 code [0x0000023e1063dcc0, 0x0000023e1063fb10]
Event: 29.180 Thread 0x0000023e7ff5d440 10453       4       net.minecraftforge.srgutils.MappingFile::lambda$rename$23 (53 bytes)
Event: 29.208 Thread 0x0000023e7ff5d440 nmethod 10453 0x0000023e10640f90 code [0x0000023e106413c0, 0x0000023e10643090]

GC Heap History (20 events):
Event: 23.090 GC heap after
{Heap after GC invocations=26 (full 0):
 garbage-first heap   total 227328K, used 154624K [0x0000000740000000, 0x0000000800000000)
  region size 2048K, 4 young (8192K), 4 survivors (8192K)
 Metaspace       used 72945K, committed 75008K, reserved 1114112K
  class space    used 10431K, committed 11456K, reserved 1048576K
}
Event: 23.152 GC heap before
{Heap before GC invocations=26 (full 0):
 garbage-first heap   total 227328K, used 185344K [0x0000000740000000, 0x0000000800000000)
  region size 2048K, 19 young (38912K), 4 survivors (8192K)
 Metaspace       used 73057K, committed 75200K, reserved 1114112K
  class space    used 10442K, committed 11520K, reserved 1048576K
}
Event: 23.188 GC heap after
{Heap after GC invocations=27 (full 0):
 garbage-first heap   total 227328K, used 176128K [0x0000000740000000, 0x0000000800000000)
  region size 2048K, 3 young (6144K), 3 survivors (6144K)
 Metaspace       used 73057K, committed 75200K, reserved 1114112K
  class space    used 10442K, committed 11520K, reserved 1048576K
}
Event: 23.668 GC heap before
{Heap before GC invocations=28 (full 0):
 garbage-first heap   total 286720K, used 192512K [0x0000000740000000, 0x0000000800000000)
  region size 2048K, 13 young (26624K), 3 survivors (6144K)
 Metaspace       used 73060K, committed 75200K, reserved 1114112K
  class space    used 10443K, committed 11520K, reserved 1048576K
}
Event: 23.707 GC heap after
{Heap after GC invocations=29 (full 0):
 garbage-first heap   total 286720K, used 188416K [0x0000000740000000, 0x0000000800000000)
  region size 2048K, 2 young (4096K), 2 survivors (4096K)
 Metaspace       used 73060K, committed 75200K, reserved 1114112K
  class space    used 10443K, committed 11520K, reserved 1048576K
}
Event: 23.936 GC heap before
{Heap before GC invocations=29 (full 0):
 garbage-first heap   total 286720K, used 233472K [0x0000000740000000, 0x0000000800000000)
  region size 2048K, 20 young (40960K), 2 survivors (4096K)
 Metaspace       used 73083K, committed 75328K, reserved 1114112K
  class space    used 10443K, committed 11520K, reserved 1048576K
}
Event: 23.980 GC heap after
{Heap after GC invocations=30 (full 0):
 garbage-first heap   total 286720K, used 208896K [0x0000000740000000, 0x0000000800000000)
  region size 2048K, 3 young (6144K), 3 survivors (6144K)
 Metaspace       used 73083K, committed 75328K, reserved 1114112K
  class space    used 10443K, committed 11520K, reserved 1048576K
}
Event: 24.145 GC heap before
{Heap before GC invocations=30 (full 0):
 garbage-first heap   total 286720K, used 237568K [0x0000000740000000, 0x0000000800000000)
  region size 2048K, 17 young (34816K), 3 survivors (6144K)
 Metaspace       used 73083K, committed 75328K, reserved 1114112K
  class space    used 10443K, committed 11520K, reserved 1048576K
}
Event: 24.165 GC heap after
{Heap after GC invocations=31 (full 0):
 garbage-first heap   total 835584K, used 216064K [0x0000000740000000, 0x0000000800000000)
  region size 2048K, 3 young (6144K), 3 survivors (6144K)
 Metaspace       used 73083K, committed 75328K, reserved 1114112K
  class space    used 10443K, committed 11520K, reserved 1048576K
}
Event: 25.010 GC heap before
{Heap before GC invocations=32 (full 0):
 garbage-first heap   total 724992K, used 427008K [0x0000000740000000, 0x0000000800000000)
  region size 2048K, 106 young (217088K), 3 survivors (6144K)
 Metaspace       used 73087K, committed 75328K, reserved 1114112K
  class space    used 10443K, committed 11520K, reserved 1048576K
}
Event: 25.086 GC heap after
{Heap after GC invocations=33 (full 0):
 garbage-first heap   total 724992K, used 264192K [0x0000000740000000, 0x0000000800000000)
  region size 2048K, 14 young (28672K), 14 survivors (28672K)
 Metaspace       used 73087K, committed 75328K, reserved 1114112K
  class space    used 10443K, committed 11520K, reserved 1048576K
}
Event: 26.060 GC heap before
{Heap before GC invocations=33 (full 0):
 garbage-first heap   total 724992K, used 485376K [0x0000000740000000, 0x0000000800000000)
  region size 2048K, 122 young (249856K), 14 survivors (28672K)
 Metaspace       used 73210K, committed 75392K, reserved 1114112K
  class space    used 10459K, committed 11520K, reserved 1048576K
}
Event: 26.210 GC heap after
{Heap after GC invocations=34 (full 0):
 garbage-first heap   total 724992K, used 326656K [0x0000000740000000, 0x0000000800000000)
  region size 2048K, 16 young (32768K), 16 survivors (32768K)
 Metaspace       used 73210K, committed 75392K, reserved 1114112K
  class space    used 10459K, committed 11520K, reserved 1048576K
}
Event: 26.773 GC heap before
{Heap before GC invocations=34 (full 0):
 garbage-first heap   total 724992K, used 414720K [0x0000000740000000, 0x0000000800000000)
  region size 2048K, 60 young (122880K), 16 survivors (32768K)
 Metaspace       used 73239K, committed 75392K, reserved 1114112K
  class space    used 10461K, committed 11520K, reserved 1048576K
}
Event: 26.884 GC heap after
{Heap after GC invocations=35 (full 0):
 garbage-first heap   total 724992K, used 339968K [0x0000000740000000, 0x0000000800000000)
  region size 2048K, 6 young (12288K), 6 survivors (12288K)
 Metaspace       used 73239K, committed 75392K, reserved 1114112K
  class space    used 10461K, committed 11520K, reserved 1048576K
}
Event: 27.944 GC heap before
{Heap before GC invocations=36 (full 0):
 garbage-first heap   total 724992K, used 565248K [0x0000000740000000, 0x0000000800000000)
  region size 2048K, 109 young (223232K), 6 survivors (12288K)
 Metaspace       used 73248K, committed 75392K, reserved 1114112K
  class space    used 10461K, committed 11520K, reserved 1048576K
}
Event: 27.991 GC heap after
{Heap after GC invocations=37 (full 0):
 garbage-first heap   total 724992K, used 358400K [0x0000000740000000, 0x0000000800000000)
  region size 2048K, 14 young (28672K), 14 survivors (28672K)
 Metaspace       used 73248K, committed 75392K, reserved 1114112K
  class space    used 10461K, committed 11520K, reserved 1048576K
}
Event: 28.284 GC heap before
{Heap before GC invocations=37 (full 0):
 garbage-first heap   total 724992K, used 573440K [0x0000000740000000, 0x0000000800000000)
  region size 2048K, 119 young (243712K), 14 survivors (28672K)
 Metaspace       used 73249K, committed 75392K, reserved 1114112K
  class space    used 10461K, committed 11520K, reserved 1048576K
}
Event: 28.589 GC heap after
{Heap after GC invocations=38 (full 0):
 garbage-first heap   total 724992K, used 406528K [0x0000000740000000, 0x0000000800000000)
  region size 2048K, 15 young (30720K), 15 survivors (30720K)
 Metaspace       used 73249K, committed 75392K, reserved 1114112K
  class space    used 10461K, committed 11520K, reserved 1048576K
}
Event: 29.281 GC heap before
{Heap before GC invocations=38 (full 0):
 garbage-first heap   total 724992K, used 529408K [0x0000000740000000, 0x0000000800000000)
  region size 2048K, 75 young (153600K), 15 survivors (30720K)
 Metaspace       used 73258K, committed 75456K, reserved 1114112K
  class space    used 10461K, committed 11520K, reserved 1048576K
}

Dll operation events (15 events):
Event: 0.009 Loaded shared library C:\Program Files\Eclipse Adoptium\jdk-21.0.9.10-hotspot\bin\java.dll
Event: 0.043 Loaded shared library C:\Program Files\Eclipse Adoptium\jdk-21.0.9.10-hotspot\bin\jsvml.dll
Event: 0.111 Loaded shared library C:\Program Files\Eclipse Adoptium\jdk-21.0.9.10-hotspot\bin\zip.dll
Event: 0.115 Loaded shared library C:\Program Files\Eclipse Adoptium\jdk-21.0.9.10-hotspot\bin\instrument.dll
Event: 0.120 Loaded shared library C:\Program Files\Eclipse Adoptium\jdk-21.0.9.10-hotspot\bin\net.dll
Event: 0.123 Loaded shared library C:\Program Files\Eclipse Adoptium\jdk-21.0.9.10-hotspot\bin\nio.dll
Event: 0.129 Loaded shared library C:\Program Files\Eclipse Adoptium\jdk-21.0.9.10-hotspot\bin\zip.dll
Event: 0.483 Loaded shared library C:\Program Files\Eclipse Adoptium\jdk-21.0.9.10-hotspot\bin\jimage.dll
Event: 0.657 Loaded shared library C:\Program Files\Eclipse Adoptium\jdk-21.0.9.10-hotspot\bin\verify.dll
Event: 0.918 Loaded shared library C:\Users\Seusyn\.gradle\native\c067742578af261105cb4f569cf0c3c89f3d7b1fecec35dd04571415982c5e48\windows-amd64\native-platform.dll
Event: 0.935 Loaded shared library C:\Users\Seusyn\.gradle\native\100fb08df4bc3b14c8652ba06237920a3bd2aa13389f12d3474272988ae205f9\windows-amd64\native-platform-file-events.dll
Event: 2.493 Loaded shared library C:\Program Files\Eclipse Adoptium\jdk-21.0.9.10-hotspot\bin\management.dll
Event: 2.499 Loaded shared library C:\Program Files\Eclipse Adoptium\jdk-21.0.9.10-hotspot\bin\management_ext.dll
Event: 2.774 Loaded shared library C:\Program Files\Eclipse Adoptium\jdk-21.0.9.10-hotspot\bin\extnet.dll
Event: 2.953 Loaded shared library C:\Program Files\Eclipse Adoptium\jdk-21.0.9.10-hotspot\bin\sunmscapi.dll

Deoptimization events (20 events):
Event: 29.047 Thread 0x0000023e63e0eb40 Uncommon trap: trap_request=0xffffffde fr.pc=0x0000023e1053af10 relative=0x00000000000000d0
Event: 29.047 Thread 0x0000023e63e0eb40 Uncommon trap: reason=class_check action=maybe_recompile pc=0x0000023e1053af10 method=net.minecraftforge.srgutils.MappingFile.lambda$null$21(Lnet/minecraftforge/srgutils/MappingFile$Cls$Method;Lnet/minecraftforge/srgutils/IRenamer;Lnet/minecraftforge/srgu
Event: 29.047 Thread 0x0000023e63e0eb40 DEOPT PACKING pc=0x0000023e1053af10 sp=0x00000053a7ffafa0
Event: 29.047 Thread 0x0000023e63e0eb40 DEOPT UNPACKING pc=0x0000023e0fbd439c sp=0x00000053a7ffaeb0 mode 2
Event: 29.047 Thread 0x0000023e63e0eb40 Uncommon trap: trap_request=0xffffffde fr.pc=0x0000023e1053af10 relative=0x00000000000000d0
Event: 29.047 Thread 0x0000023e63e0eb40 Uncommon trap: reason=class_check action=maybe_recompile pc=0x0000023e1053af10 method=net.minecraftforge.srgutils.MappingFile.lambda$null$21(Lnet/minecraftforge/srgutils/MappingFile$Cls$Method;Lnet/minecraftforge/srgutils/IRenamer;Lnet/minecraftforge/srgu
Event: 29.047 Thread 0x0000023e63e0eb40 DEOPT PACKING pc=0x0000023e1053af10 sp=0x00000053a7ffafa0
Event: 29.047 Thread 0x0000023e63e0eb40 DEOPT UNPACKING pc=0x0000023e0fbd439c sp=0x00000053a7ffaeb0 mode 2
Event: 29.047 Thread 0x0000023e63e0eb40 Uncommon trap: trap_request=0xffffffde fr.pc=0x0000023e1053aab4 relative=0x0000000000000094
Event: 29.047 Thread 0x0000023e63e0eb40 Uncommon trap: reason=class_check action=maybe_recompile pc=0x0000023e1053aab4 method=net.minecraftforge.srgutils.MappingFile.lambda$null$21(Lnet/minecraftforge/srgutils/MappingFile$Cls$Method;Lnet/minecraftforge/srgutils/IRenamer;Lnet/minecraftforge/srgu
Event: 29.047 Thread 0x0000023e63e0eb40 DEOPT PACKING pc=0x0000023e1053aab4 sp=0x00000053a7ffaf10
Event: 29.047 Thread 0x0000023e63e0eb40 DEOPT UNPACKING pc=0x0000023e0fbd439c sp=0x00000053a7ffaeb0 mode 2
Event: 29.047 Thread 0x0000023e63e0eb40 Uncommon trap: trap_request=0xffffffde fr.pc=0x0000023e10537730 relative=0x00000000000001d0
Event: 29.047 Thread 0x0000023e63e0eb40 Uncommon trap: reason=class_check action=maybe_recompile pc=0x0000023e10537730 method=net.minecraftforge.srgutils.MappingFile.lambda$null$22(Lnet/minecraftforge/srgutils/MappingFile$Cls;Lnet/minecraftforge/srgutils/IRenamer;Lnet/minecraftforge/srgutils/Ma
Event: 29.047 Thread 0x0000023e63e0eb40 DEOPT PACKING pc=0x0000023e10537730 sp=0x00000053a7ffb100
Event: 29.047 Thread 0x0000023e63e0eb40 DEOPT UNPACKING pc=0x0000023e0fbd439c sp=0x00000053a7ffb008 mode 2
Event: 29.047 Thread 0x0000023e63e0eb40 Uncommon trap: trap_request=0xffffffde fr.pc=0x0000023e10536fcc relative=0x000000000000018c
Event: 29.047 Thread 0x0000023e63e0eb40 Uncommon trap: reason=class_check action=maybe_recompile pc=0x0000023e10536fcc method=net.minecraftforge.srgutils.MappingFile.lambda$null$22(Lnet/minecraftforge/srgutils/MappingFile$Cls;Lnet/minecraftforge/srgutils/IRenamer;Lnet/minecraftforge/srgutils/Ma
Event: 29.047 Thread 0x0000023e63e0eb40 DEOPT PACKING pc=0x0000023e10536fcc sp=0x00000053a7ffb070
Event: 29.047 Thread 0x0000023e63e0eb40 DEOPT UNPACKING pc=0x0000023e0fbd439c sp=0x00000053a7ffb008 mode 2

Classes loaded (20 events):
Event: 22.093 Loading class java/io/ObjectStreamClass$MemberSignature
Event: 22.093 Loading class java/io/ObjectStreamClass$MemberSignature done
Event: 22.093 Loading class java/io/ObjectStreamClass$3
Event: 22.093 Loading class java/io/ObjectStreamClass$3 done
Event: 22.093 Loading class java/io/ObjectStreamClass$4
Event: 22.093 Loading class java/io/ObjectStreamClass$4 done
Event: 22.093 Loading class java/io/ObjectStreamClass$5
Event: 22.093 Loading class java/io/ObjectStreamClass$5 done
Event: 22.094 Loading class java/io/ObjectStreamClass$ClassDataSlot
Event: 22.094 Loading class java/io/ObjectStreamClass$ClassDataSlot done
Event: 22.099 Loading class jdk/internal/reflect/MethodHandleLongFieldAccessorImpl
Event: 22.099 Loading class jdk/internal/reflect/MethodHandleLongFieldAccessorImpl done
Event: 22.102 Loading class java/io/SerialCallbackContext
Event: 22.102 Loading class java/io/SerialCallbackContext done
Event: 22.255 Loading class java/io/ObjectStreamClass$ExceptionInfo
Event: 22.255 Loading class java/io/ObjectStreamClass$ExceptionInfo done
Event: 22.329 Loading class java/io/BufferedReader$1
Event: 22.329 Loading class java/io/BufferedReader$1 done
Event: 22.431 Loading class java/lang/foreign/MemorySegment
Event: 22.432 Loading class java/lang/foreign/MemorySegment done

Classes unloaded (0 events):
No events

Classes redefined (0 events):
No events

Internal exceptions (20 events):
Event: 21.954 Thread 0x0000023e6365c6e0 Exception <a 'java/lang/ClassNotFoundException'{0x00000007456e0cf8}: ijresolvers1_6vs291x7faj6i2uobv0bxtvsc$1Customizer> (0x00000007456e0cf8) 
thrown [s\src\hotspot\share\classfile\systemDictionary.cpp, line 312]
Event: 22.064 Thread 0x0000023e63e0b6c0 Exception <a 'java/lang/NoSuchMethodError'{0x00000007452f5f90}: 'java.lang.Object java.lang.invoke.DirectMethodHandle$Holder.invokeVirtual(java.lang.Object, java.lang.Object, java.lang.Object, java.lang.Object, java.lang.Object, java.lang.Object, java.lang.Object, java.lang.Object, java.lang.Object, java.lang.Object, java.lang.Object, java.lang.Object, java.lang.Object, java.lang.Object, java.lang.Object, java.lang.Object, java.lang.Object, java.lang.Object, java.lang.Object)'> (0x00000007452f5f90) 
thrown
Event: 22.093 Thread 0x0000023e6395b380 Exception <a 'java/lang/NoSuchMethodError'{0x000000074504f858}: static Lorg/gradle/internal/build/event/types/DefaultTaskStartedProgressEvent;.<clinit>()V> (0x000000074504f858) 
thrown [s\src\hotspot\share\prims\jni.cpp, line 1111]
Event: 22.094 Thread 0x0000023e6395b380 Exception <a 'java/lang/NoSuchMethodError'{0x0000000745052eb8}: static Lorg/gradle/internal/build/event/types/AbstractProgressEvent;.<clinit>()V> (0x0000000745052eb8) 
thrown [s\src\hotspot\share\prims\jni.cpp, line 1111]
Event: 22.099 Thread 0x0000023e6395b380 Exception <a 'java/lang/NoSuchMethodError'{0x000000074509a950}: static Lorg/gradle/internal/build/event/types/DefaultTaskDescriptor;.<clinit>()V> (0x000000074509a950) 
thrown [s\src\hotspot\share\prims\jni.cpp, line 1111]
Event: 22.100 Thread 0x0000023e6395b380 Exception <a 'java/lang/NoSuchMethodError'{0x00000007450a2070}: 'long java.lang.invoke.DirectMethodHandle$Holder.invokeSpecial(java.lang.Object, java.lang.Object)'> (0x00000007450a2070) 
thrown [s\src\hotspot\share\interpreter\linkResolver.cpp, line 773]
Event: 22.101 Thread 0x0000023e6395b380 Exception <a 'java/lang/NoSuchMethodError'{0x00000007450a6258}: 'long java.lang.invoke.Invokers$Holder.invokeExact_MT(java.lang.Object, java.lang.Object)'> (0x00000007450a6258) 
thrown [s\src\hotspot\share\interpreter\linkResolver.cpp, line 773]
Event: 22.104 Thread 0x0000023e6395b380 Exception <a 'java/lang/NoSuchMethodError'{0x00000007450d0bc0}: static Lorg/gradle/internal/operations/OperationIdentifier;.<clinit>()V> (0x00000007450d0bc0) 
thrown [s\src\hotspot\share\prims\jni.cpp, line 1111]
Event: 22.105 Thread 0x0000023e6395b380 Exception <a 'java/lang/NoSuchMethodError'{0x000000074510bee8}: static Lorg/gradle/internal/build/event/types/DefaultBinaryPluginIdentifier;.<clinit>()V> (0x000000074510bee8) 
thrown [s\src\hotspot\share\prims\jni.cpp, line 1111]
Event: 22.137 Thread 0x0000023e63e0b6c0 Exception <a 'java/lang/IncompatibleClassChangeError'{0x00000007451c2038}: Found class java.lang.Object, but interface was expected> (0x00000007451c2038) 
thrown [s\src\hotspot\share\interpreter\linkResolver.cpp, line 840]
Event: 22.244 Thread 0x0000023e6395b380 Exception <a 'java/lang/NoSuchMethodError'{0x0000000744cdce78}: static Lorg/gradle/internal/build/event/types/DefaultTaskFinishedProgressEvent;.<clinit>()V> (0x0000000744cdce78) 
thrown [s\src\hotspot\share\prims\jni.cpp, line 1111]
Event: 22.247 Thread 0x0000023e6395b380 Exception <a 'java/lang/NoSuchMethodError'{0x0000000744d2bba8}: static Lorg/gradle/internal/build/event/types/DefaultTaskSuccessResult;.<clinit>()V> (0x0000000744d2bba8) 
thrown [s\src\hotspot\share\prims\jni.cpp, line 1111]
Event: 22.247 Thread 0x0000023e6395b380 Exception <a 'java/lang/NoSuchMethodError'{0x0000000744d2d2e8}: static Lorg/gradle/internal/build/event/types/AbstractTaskResult;.<clinit>()V> (0x0000000744d2d2e8) 
thrown [s\src\hotspot\share\prims\jni.cpp, line 1111]
Event: 22.247 Thread 0x0000023e6395b380 Exception <a 'java/lang/NoSuchMethodError'{0x0000000744d2ece0}: static Lorg/gradle/internal/build/event/types/AbstractResult;.<clinit>()V> (0x0000000744d2ece0) 
thrown [s\src\hotspot\share\prims\jni.cpp, line 1111]
Event: 22.258 Thread 0x0000023e6395b380 Exception <a 'java/lang/NoSuchMethodError'{0x0000000744db2c70}: static [Ljava/lang/Object;.<clinit>()V> (0x0000000744db2c70) 
thrown [s\src\hotspot\share\prims\jni.cpp, line 1111]
Event: 22.277 Thread 0x0000023e63e0b6c0 Exception <a 'java/lang/NoSuchMethodError'{0x0000000744d968c8}: 'int java.lang.invoke.DirectMethodHandle$Holder.invokeStaticInit(java.lang.Object, java.lang.Object, java.lang.Object, java.lang.Object, java.lang.Object)'> (0x0000000744d968c8) 
thrown [s\src\hotspot\share\interpreter\linkResolver.cpp, line 773]
Event: 23.122 Thread 0x0000023e63e0b6c0 Exception <a 'java/lang/NoSuchMethodError'{0x000000074a53f898}: 'void java.lang.invoke.DirectMethodHandle$Holder.invokeStatic(java.lang.Object, java.lang.Object, int, int, java.lang.Object)'> (0x000000074a53f898) 
thrown [s\src\hotspot\share\interpreter\linkResolver.cpp, line 773]
Event: 25.868 Thread 0x0000023e63e0b6c0 Exception <a 'java/lang/NoSuchMethodError'{0x000000075ea1eab8}: 'java.lang.Object java.lang.invoke.DirectMethodHandle$Holder.newInvokeSpecial(java.lang.Object, java.lang.Object, java.lang.Object, int, java.lang.Object)'> (0x000000075ea1eab8) 
thrown [s\src\hotspot\share\interpreter\linkResolver.cpp, line 773]
Event: 25.869 Thread 0x0000023e63e0b6c0 Exception <a 'java/lang/NoSuchMethodError'{0x000000075ea22f40}: 'java.lang.Object java.lang.invoke.Invokers$Holder.linkToTargetMethod(java.lang.Object, java.lang.Object, int, java.lang.Object, java.lang.Object)'> (0x000000075ea22f40) 
thrown [s\src\hotspot\share\interpreter\linkResolver.cpp, line 773]
Event: 26.656 Thread 0x0000023e63e0b6c0 Exception <a 'sun/nio/fs/WindowsException'{0x00000007650e4040}> (0x00000007650e4040) 
thrown [s\src\hotspot\share\prims\jni.cpp, line 520]

ZGC Phase Switch (0 events):
No events

VM Operations (20 events):
Event: 24.165 Executing VM operation: G1CollectForAllocation (G1 Evacuation Pause) done
Event: 24.560 Executing VM operation: G1PauseRemark
Event: 24.569 Executing VM operation: G1PauseRemark done
Event: 24.701 Executing VM operation: G1PauseCleanup
Event: 24.702 Executing VM operation: G1PauseCleanup done
Event: 25.010 Executing VM operation: G1CollectForAllocation (G1 Evacuation Pause)
Event: 25.086 Executing VM operation: G1CollectForAllocation (G1 Evacuation Pause) done
Event: 26.060 Executing VM operation: G1CollectForAllocation (G1 Evacuation Pause)
Event: 26.210 Executing VM operation: G1CollectForAllocation (G1 Evacuation Pause) done
Event: 26.773 Executing VM operation: G1TryInitiateConcMark (G1 Humongous Allocation)
Event: 26.885 Executing VM operation: G1TryInitiateConcMark (G1 Humongous Allocation) done
Event: 27.499 Executing VM operation: G1PauseRemark
Event: 27.510 Executing VM operation: G1PauseRemark done
Event: 27.733 Executing VM operation: G1PauseCleanup
Event: 27.735 Executing VM operation: G1PauseCleanup done
Event: 27.944 Executing VM operation: G1CollectForAllocation (G1 Evacuation Pause)
Event: 27.992 Executing VM operation: G1CollectForAllocation (G1 Evacuation Pause) done
Event: 28.284 Executing VM operation: G1CollectForAllocation (G1 Evacuation Pause)
Event: 28.589 Executing VM operation: G1CollectForAllocation (G1 Evacuation Pause) done
Event: 29.281 Executing VM operation: G1CollectForAllocation (G1 Evacuation Pause)

Memory protections (0 events):
No events

Nmethod flushes (20 events):
Event: 27.508 Thread 0x0000023e7ff35dd0 flushing  nmethod 0x0000023e087b0510
Event: 27.508 Thread 0x0000023e7ff35dd0 flushing  nmethod 0x0000023e0881cf90
Event: 27.508 Thread 0x0000023e7ff35dd0 flushing  nmethod 0x0000023e08877190
Event: 27.508 Thread 0x0000023e7ff35dd0 flushing  nmethod 0x0000023e0889c690
Event: 27.508 Thread 0x0000023e7ff35dd0 flushing  nmethod 0x0000023e0889f310
Event: 27.508 Thread 0x0000023e7ff35dd0 flushing  nmethod 0x0000023e088ba290
Event: 27.508 Thread 0x0000023e7ff35dd0 flushing  nmethod 0x0000023e0897f490
Event: 27.508 Thread 0x0000023e7ff35dd0 flushing  nmethod 0x0000023e089a0910
Event: 27.508 Thread 0x0000023e7ff35dd0 flushing  nmethod 0x0000023e089a2f10
Event: 27.508 Thread 0x0000023e7ff35dd0 flushing  nmethod 0x0000023e089f9e10
Event: 27.508 Thread 0x0000023e7ff35dd0 flushing  nmethod 0x0000023e08b00590
Event: 27.508 Thread 0x0000023e7ff35dd0 flushing  nmethod 0x0000023e08b23f90
Event: 27.508 Thread 0x0000023e7ff35dd0 flushing  nmethod 0x0000023e08f26d90
Event: 27.508 Thread 0x0000023e7ff35dd0 flushing  nmethod 0x0000023e0938c710
Event: 27.508 Thread 0x0000023e7ff35dd0 flushing  nmethod 0x0000023e093aca10
Event: 27.508 Thread 0x0000023e7ff35dd0 flushing  nmethod 0x0000023e093b0890
Event: 27.508 Thread 0x0000023e7ff35dd0 flushing  nmethod 0x0000023e09659310
Event: 27.508 Thread 0x0000023e7ff35dd0 flushing  nmethod 0x0000023e0965e590
Event: 27.508 Thread 0x0000023e7ff35dd0 flushing  nmethod 0x0000023e09660790
Event: 27.508 Thread 0x0000023e7ff35dd0 flushing  nmethod 0x0000023e09662310

Events (20 events):
Event: 12.171 Thread 0x0000023e6365c6e0 Thread added: 0x0000023e6451b2b0
Event: 12.241 Thread 0x0000023e6365c6e0 Thread added: 0x0000023e64519f00
Event: 12.524 Thread 0x0000023e6365c6e0 Thread added: 0x0000023e6451e730
Event: 14.435 Thread 0x0000023e6365c6e0 Thread added: 0x0000023e6451edc0
Event: 14.438 Thread 0x0000023e6451edc0 Thread exited: 0x0000023e6451edc0
Event: 14.562 Thread 0x0000023e6365c6e0 Thread added: 0x0000023e64518b50
Event: 14.655 Thread 0x0000023e6365c6e0 Thread added: 0x0000023e6451c660
Event: 14.661 Thread 0x0000023e6451c660 Thread exited: 0x0000023e6451c660
Event: 15.532 Thread 0x0000023e6365c6e0 Thread added: 0x0000023e6451b940
Event: 18.929 Thread 0x0000023e6365c6e0 Thread added: 0x0000023e6451da10
Event: 19.776 Thread 0x0000023e6365c6e0 Thread added: 0x0000023e6451edc0
Event: 20.249 Thread 0x0000023e6365c6e0 Thread added: 0x0000023e63e0a9a0
Event: 20.883 Thread 0x0000023e6365c6e0 Thread added: 0x0000023e63e08240
Event: 20.938 Thread 0x0000023e6365c6e0 Thread added: 0x0000023e63e0d790
Event: 20.968 Thread 0x0000023e63e0d790 Thread added: 0x0000023e63e088d0
Event: 20.968 Thread 0x0000023e63e0d790 Thread added: 0x0000023e63e0bd50
Event: 21.180 Thread 0x0000023e63e08240 Thread added: 0x0000023e63e0b030
Event: 21.966 Thread 0x0000023e6365c6e0 Thread added: 0x0000023e63e0b6c0
Event: 21.977 Thread 0x0000023e63e0b6c0 Thread added: 0x0000023e63e0eb40
Event: 22.031 Thread 0x0000023e63e0b6c0 Thread added: 0x0000023e63e0de20


Dynamic libraries:
0x00007ff61fad0000 - 0x00007ff61fade000 	C:\Program Files\Eclipse Adoptium\jdk-21.0.9.10-hotspot\bin\java.exe
0x00007ffb861d0000 - 0x00007ffb863c8000 	C:\Windows\SYSTEM32\ntdll.dll
0x00007ffb84f30000 - 0x00007ffb84ff2000 	C:\Windows\System32\KERNEL32.DLL
0x00007ffb83860000 - 0x00007ffb83b56000 	C:\Windows\System32\KERNELBASE.dll
0x00007ffb83e60000 - 0x00007ffb83f60000 	C:\Windows\System32\ucrtbase.dll
0x00007ffb63800000 - 0x00007ffb63818000 	C:\Program Files\Eclipse Adoptium\jdk-21.0.9.10-hotspot\bin\jli.dll
0x00007ffb5b410000 - 0x00007ffb5b42e000 	C:\Program Files\Eclipse Adoptium\jdk-21.0.9.10-hotspot\bin\VCRUNTIME140.dll
0x00007ffb85e90000 - 0x00007ffb86031000 	C:\Windows\System32\USER32.dll
0x00007ffb84090000 - 0x00007ffb840b2000 	C:\Windows\System32\win32u.dll
0x00007ffb86160000 - 0x00007ffb8618b000 	C:\Windows\System32\GDI32.dll
0x00007ffb5db30000 - 0x00007ffb5ddcb000 	C:\Windows\WinSxS\amd64_microsoft.windows.common-controls_6595b64144ccf1df_6.0.19041.6456_none_60b8a6cb71f64256\COMCTL32.dll
0x00007ffb83cc0000 - 0x00007ffb83dd9000 	C:\Windows\System32\gdi32full.dll
0x00007ffb840c0000 - 0x00007ffb8415d000 	C:\Windows\System32\msvcp_win.dll
0x00007ffb846b0000 - 0x00007ffb8474e000 	C:\Windows\System32\msvcrt.dll
0x00007ffb84490000 - 0x00007ffb844bf000 	C:\Windows\System32\IMM32.DLL
0x00007ffb80260000 - 0x00007ffb8026c000 	C:\Program Files\Eclipse Adoptium\jdk-21.0.9.10-hotspot\bin\vcruntime140_1.dll
0x00007ffb55a30000 - 0x00007ffb55abd000 	C:\Program Files\Eclipse Adoptium\jdk-21.0.9.10-hotspot\bin\msvcp140.dll
0x00007ffb49e10000 - 0x00007ffb4abb0000 	C:\Program Files\Eclipse Adoptium\jdk-21.0.9.10-hotspot\bin\server\jvm.dll
0x00007ffb845e0000 - 0x00007ffb84691000 	C:\Windows\System32\ADVAPI32.dll
0x00007ffb86040000 - 0x00007ffb860df000 	C:\Windows\System32\sechost.dll
0x00007ffb84c60000 - 0x00007ffb84d80000 	C:\Windows\System32\RPCRT4.dll
0x00007ffb83de0000 - 0x00007ffb83e07000 	C:\Windows\System32\bcrypt.dll
0x00007ffb84750000 - 0x00007ffb847bb000 	C:\Windows\System32\WS2_32.dll
0x00007ffb836c0000 - 0x00007ffb8370b000 	C:\Windows\SYSTEM32\POWRPROF.dll
0x00007ffb7ed50000 - 0x00007ffb7ed5a000 	C:\Windows\SYSTEM32\VERSION.dll
0x00007ffb74780000 - 0x00007ffb747a7000 	C:\Windows\SYSTEM32\WINMM.dll
0x00007ffb836a0000 - 0x00007ffb836b2000 	C:\Windows\SYSTEM32\UMPDC.dll
0x00007ffb816f0000 - 0x00007ffb81702000 	C:\Windows\SYSTEM32\kernel.appcore.dll
0x00007ffb7f060000 - 0x00007ffb7f06a000 	C:\Program Files\Eclipse Adoptium\jdk-21.0.9.10-hotspot\bin\jimage.dll
0x00007ffb669a0000 - 0x00007ffb66ba1000 	C:\Windows\SYSTEM32\DBGHELP.DLL
0x00007ffb67460000 - 0x00007ffb67494000 	C:\Windows\SYSTEM32\dbgcore.DLL
0x00007ffb84160000 - 0x00007ffb841e2000 	C:\Windows\System32\bcryptPrimitives.dll
0x00007ffb68cb0000 - 0x00007ffb68cbf000 	C:\Program Files\Eclipse Adoptium\jdk-21.0.9.10-hotspot\bin\instrument.dll
0x00007ffb59d50000 - 0x00007ffb59d70000 	C:\Program Files\Eclipse Adoptium\jdk-21.0.9.10-hotspot\bin\java.dll
0x00007ffb85000000 - 0x00007ffb85770000 	C:\Windows\System32\SHELL32.dll
0x00007ffb818f0000 - 0x00007ffb82095000 	C:\Windows\SYSTEM32\windows.storage.dll
0x00007ffb848f0000 - 0x00007ffb84c44000 	C:\Windows\System32\combase.dll
0x00007ffb831b0000 - 0x00007ffb831db000 	C:\Windows\SYSTEM32\Wldp.dll
0x00007ffb84340000 - 0x00007ffb8440d000 	C:\Windows\System32\OLEAUT32.dll
0x00007ffb85770000 - 0x00007ffb8581d000 	C:\Windows\System32\SHCORE.dll
0x00007ffb842e0000 - 0x00007ffb8433b000 	C:\Windows\System32\shlwapi.dll
0x00007ffb83790000 - 0x00007ffb837b4000 	C:\Windows\SYSTEM32\profapi.dll
0x00007ffb50cd0000 - 0x00007ffb50da7000 	C:\Program Files\Eclipse Adoptium\jdk-21.0.9.10-hotspot\bin\jsvml.dll
0x00007ffb5ab20000 - 0x00007ffb5ab38000 	C:\Program Files\Eclipse Adoptium\jdk-21.0.9.10-hotspot\bin\zip.dll
0x00007ffb68b50000 - 0x00007ffb68b60000 	C:\Program Files\Eclipse Adoptium\jdk-21.0.9.10-hotspot\bin\net.dll
0x00007ffb76740000 - 0x00007ffb7684a000 	C:\Windows\SYSTEM32\WINHTTP.dll
0x00007ffb82f10000 - 0x00007ffb82f7a000 	C:\Windows\system32\mswsock.dll
0x00007ffb5a7d0000 - 0x00007ffb5a7e6000 	C:\Program Files\Eclipse Adoptium\jdk-21.0.9.10-hotspot\bin\nio.dll
0x00007ffb68bd0000 - 0x00007ffb68be0000 	C:\Program Files\Eclipse Adoptium\jdk-21.0.9.10-hotspot\bin\verify.dll
0x00007ffb68b60000 - 0x00007ffb68b87000 	C:\Users\Seusyn\.gradle\native\c067742578af261105cb4f569cf0c3c89f3d7b1fecec35dd04571415982c5e48\windows-amd64\native-platform.dll
0x00007ffb4e7b0000 - 0x00007ffb4e8f4000 	C:\Users\Seusyn\.gradle\native\100fb08df4bc3b14c8652ba06237920a3bd2aa13389f12d3474272988ae205f9\windows-amd64\native-platform-file-events.dll
0x00007ffb68c00000 - 0x00007ffb68c0a000 	C:\Program Files\Eclipse Adoptium\jdk-21.0.9.10-hotspot\bin\management.dll
0x00007ffb68bf0000 - 0x00007ffb68bfc000 	C:\Program Files\Eclipse Adoptium\jdk-21.0.9.10-hotspot\bin\management_ext.dll
0x00007ffb846a0000 - 0x00007ffb846a8000 	C:\Windows\System32\PSAPI.DLL
0x00007ffb83100000 - 0x00007ffb83118000 	C:\Windows\SYSTEM32\CRYPTSP.dll
0x00007ffb82830000 - 0x00007ffb82868000 	C:\Windows\system32\rsaenh.dll
0x00007ffb83710000 - 0x00007ffb8373e000 	C:\Windows\SYSTEM32\USERENV.dll
0x00007ffb83120000 - 0x00007ffb8312c000 	C:\Windows\SYSTEM32\CRYPTBASE.dll
0x00007ffb82bf0000 - 0x00007ffb82c2b000 	C:\Windows\SYSTEM32\IPHLPAPI.DLL
0x00007ffb85960000 - 0x00007ffb85968000 	C:\Windows\System32\NSI.dll
0x00007ffb68be0000 - 0x00007ffb68be9000 	C:\Program Files\Eclipse Adoptium\jdk-21.0.9.10-hotspot\bin\extnet.dll
0x00007ffb68bc0000 - 0x00007ffb68bce000 	C:\Program Files\Eclipse Adoptium\jdk-21.0.9.10-hotspot\bin\sunmscapi.dll
0x00007ffb83b60000 - 0x00007ffb83cbd000 	C:\Windows\System32\CRYPT32.dll
0x00007ffb83220000 - 0x00007ffb83247000 	C:\Windows\SYSTEM32\ncrypt.dll
0x00007ffb831e0000 - 0x00007ffb8321b000 	C:\Windows\SYSTEM32\NTASN1.dll
0x00007ffb2b610000 - 0x00007ffb2b617000 	C:\Windows\system32\wshunix.dll
0x00007ffb82c30000 - 0x00007ffb82cfa000 	C:\Windows\SYSTEM32\DNSAPI.dll
0x00007ffb762d0000 - 0x00007ffb762da000 	C:\Windows\System32\rasadhlp.dll
0x00007ffb765f0000 - 0x00007ffb76670000 	C:\Windows\System32\fwpuclnt.dll
0x00007ffb80e50000 - 0x00007ffb80ee4000 	C:\Windows\system32\apphelp.dll

JVMTI agents:
C:\Users\Seusyn\.gradle\wrapper\dists\gradle-8.8-bin\dl7vupf4psengwqhwktix4v1\gradle-8.8\lib\agents\gradle-instrumentation-agent-8.8.jar path:C:\Program Files\Eclipse Adoptium\jdk-21.0.9.10-hotspot\bin\instrument.dll, loaded, initialized, instrumentlib options:none

dbghelp: loaded successfully - version: 4.0.5 - missing functions: none
symbol engine: initialized successfully - sym options: 0x614 - pdb path: .;C:\Program Files\Eclipse Adoptium\jdk-21.0.9.10-hotspot\bin;C:\Windows\SYSTEM32;C:\Windows\WinSxS\amd64_microsoft.windows.common-controls_6595b64144ccf1df_6.0.19041.6456_none_60b8a6cb71f64256;C:\Program Files\Eclipse Adoptium\jdk-21.0.9.10-hotspot\bin\server;C:\Users\Seusyn\.gradle\native\c067742578af261105cb4f569cf0c3c89f3d7b1fecec35dd04571415982c5e48\windows-amd64;C:\Users\Seusyn\.gradle\native\100fb08df4bc3b14c8652ba06237920a3bd2aa13389f12d3474272988ae205f9\windows-amd64

VM Arguments:
jvm_args: --add-opens=java.base/java.util=ALL-UNNAMED --add-opens=java.base/java.lang=ALL-UNNAMED --add-opens=java.base/java.lang.invoke=ALL-UNNAMED --add-opens=java.prefs/java.util.prefs=ALL-UNNAMED --add-opens=java.base/java.nio.charset=ALL-UNNAMED --add-opens=java.base/java.net=ALL-UNNAMED --add-opens=java.base/java.util.concurrent.atomic=ALL-UNNAMED -Xmx3G -Dfile.encoding=UTF-8 -Duser.country=FR -Duser.language=fr -Duser.variant -javaagent:C:\Users\Seusyn\.gradle\wrapper\dists\gradle-8.8-bin\dl7vupf4psengwqhwktix4v1\gradle-8.8\lib\agents\gradle-instrumentation-agent-8.8.jar 
java_command: org.gradle.launcher.daemon.bootstrap.GradleDaemon 8.8
java_class_path (initial): C:\Users\Seusyn\.gradle\wrapper\dists\gradle-8.8-bin\dl7vupf4psengwqhwktix4v1\gradle-8.8\lib\gradle-launcher-8.8.jar
Launcher Type: SUN_STANDARD

[Global flags]
     intx CICompilerCount                          = 2                                         {product} {ergonomic}
     uint ConcGCThreads                            = 1                                         {product} {ergonomic}
     uint G1ConcRefinementThreads                  = 2                                         {product} {ergonomic}
   size_t G1HeapRegionSize                         = 2097152                                   {product} {ergonomic}
    uintx GCDrainStackTargetSize                   = 64                                        {product} {ergonomic}
   size_t InitialHeapSize                          = 266338304                                 {product} {ergonomic}
   size_t MarkStackSize                            = 4194304                                   {product} {ergonomic}
   size_t MaxHeapSize                              = 3221225472                                {product} {command line}
   size_t MaxNewSize                               = 1931476992                                {product} {ergonomic}
   size_t MinHeapDeltaBytes                        = 2097152                                   {product} {ergonomic}
   size_t MinHeapSize                              = 8388608                                   {product} {ergonomic}
    uintx NonNMethodCodeHeapSize                   = 5826188                                {pd product} {ergonomic}
    uintx NonProfiledCodeHeapSize                  = 122916026                              {pd product} {ergonomic}
    uintx ProfiledCodeHeapSize                     = 122916026                              {pd product} {ergonomic}
    uintx ReservedCodeCacheSize                    = 251658240                              {pd product} {ergonomic}
     bool SegmentedCodeCache                       = true                                      {product} {ergonomic}
   size_t SoftMaxHeapSize                          = 3221225472                             {manageable} {ergonomic}
     bool UseCompressedOops                        = true                           {product lp64_product} {ergonomic}
     bool UseG1GC                                  = true                                      {product} {ergonomic}
     bool UseLargePagesIndividualAllocation        = false                                  {pd product} {ergonomic}

Logging:
Log output configuration:
 #0: stdout all=warning uptime,level,tags foldmultilines=false
 #1: stderr all=off uptime,level,tags foldmultilines=false

Release file:
IMPLEMENTOR="Eclipse Adoptium" 
IMPLEMENTOR_VERSION="Temurin-21.0.9+10" 
JAVA_RUNTIME_VERSION="21.0.9+10-LTS" 
JAVA_VERSION="21.0.9" 
JAVA_VERSION_DATE="2025-10-21" 
LIBC="default" 
MODULES="java.base java.compiler java.datatransfer java.xml java.prefs java.desktop java.instrument java.logging java.management java.security.sasl java.naming java.rmi java.management.rmi java.net.http java.scripting java.security.jgss java.transaction.xa java.sql java.sql.rowset java.xml.crypto java.se java.smartcardio jdk.accessibility jdk.internal.jvmstat jdk.attach jdk.charsets jdk.internal.opt jdk.zipfs jdk.compiler jdk.crypto.ec jdk.crypto.cryptoki jdk.crypto.mscapi jdk.dynalink jdk.internal.ed jdk.editpad jdk.hotspot.agent jdk.httpserver jdk.incubator.vector jdk.internal.le jdk.internal.vm.ci jdk.internal.vm.compiler jdk.internal.vm.compiler.management jdk.jartool jdk.javadoc jdk.jcmd jdk.management jdk.management.agent jdk.jconsole jdk.jdeps jdk.jdwp.agent jdk.jdi jdk.jfr jdk.jlink jdk.jpackage jdk.jshell jdk.jsobject jdk.jstatd jdk.localedata jdk.management.jfr jdk.naming.dns jdk.naming.rmi jdk.net jdk.nio.mapmode jdk.random jdk.sctp jdk.security.auth jdk.security.jgss jdk.unsupported jdk.unsupported.desktop jdk.xml.dom" 
OS_ARCH="x86_64" 
OS_NAME="Windows" 
SOURCE=".:git:759062135b07" 
BUILD_SOURCE="git:839fa0b45d809157cffd3dc8515aad262a4a1776"
BUILD_SOURCE_REPO="https://github.com/adoptium/temurin-build.git"
SOURCE_REPO="https://github.com/adoptium/jdk21u.git"
FULL_VERSION="21.0.9+10-LTS"
SEMANTIC_VERSION="21.0.9+10"
BUILD_INFO="OS: Windows Server 2022 Version: 10.0"
JVM_VARIANT="Hotspot"
JVM_VERSION="21.0.9+10-LTS"
IMAGE_TYPE="JDK"

Environment Variables:
JAVA_HOME=C:\Program Files\Eclipse Adoptium\jdk-21.0.9.10-hotspot\
PATH=C:\Program Files\Eclipse Adoptium\jdk-21.0.9.10-hotspot\bin;C:\Program Files (x86)\Common Files\Oracle\Java\java8path;C:\Program Files (x86)\Common Files\Oracle\Java\javapath;C:\WINDOWS\system32;C:\WINDOWS;C:\WINDOWS\System32\Wbem;C:\WINDOWS\System32\WindowsPowerShell\v1.0\;C:\Program Files (x86)\NVIDIA Corporation\PhysX\Common;C:\Program Files\dotnet\;C:\Program Files\Git\cmd;C:\Ruby34-x64\bin;C:\Users\Seusyn\AppData\Local\Microsoft\WindowsApps;C:\Users\Seusyn\AppData\Local\Programs\Microsoft VS Code\bin;C:\Users\Seusyn\AppData\Local\GitHubDesktop\bin
USERNAME=Seusyn
OS=Windows_NT
PROCESSOR_IDENTIFIER=Intel64 Family 6 Model 158 Stepping 11, GenuineIntel
TMP=C:\Users\Seusyn\AppData\Local\Temp
TEMP=C:\Users\Seusyn\AppData\Local\Temp




Periodic native trim disabled

---------------  S Y S T E M  ---------------

OS:
 Windows 10 , 64 bit Build 19041 (10.0.19041.5915)
OS uptime: 3 days 18:05 hours

CPU: total 2 (initial active 2) (2 cores per cpu, 1 threads per core) family 6 model 158 stepping 11 microcode 0xb4, cx8, cmov, fxsr, mmx, 3dnowpref, sse, sse2, sse3, ssse3, sse4.1, sse4.2, popcnt, lzcnt, tsc, tscinvbit, aes, erms, clmul, clflush, clflushopt, rdtscp
Processor Information for the first 2 processors :
  Max Mhz: 3096, Current Mhz: 3096, Mhz Limit: 3096

Memory: 4k page, system-wide physical 16251M (481M free)
TotalPageFile size 31251M (AvailPageFile size 494M)
current process WorkingSet (physical memory assigned to process): 809M, peak: 832M
current process commit charge ("private bytes"): 996M, peak: 1792M

vm_info: OpenJDK 64-Bit Server VM (21.0.9+10-LTS) for windows-amd64 JRE (21.0.9+10-LTS), built on 2025-10-21T00:00:00Z by "admin" with unknown MS VC++:1942

END.
