#
# There is insufficient memory for the Java Runtime Environment to continue.
# Native memory allocation (mmap) failed to map 694157312 bytes. Error detail: G1 virtual space
# Possible reasons:
#   The system is out of physical RAM or swap space
#   This process is running with CompressedOops enabled, and the Java Heap may be blocking the growth of the native heap
# Possible solutions:
#   Reduce memory load on the system
#   Increase physical memory or swap space
#   Check if swap backing store is full
#   Decrease Java heap size (-Xmx/-Xms)
#   Decrease number of Java threads
#   Decrease Java thread stack sizes (-Xss)
#   Set larger code cache with -XX:ReservedCodeCacheSize=
#   JVM is running with Zero Based Compressed Oops mode in which the Java heap is
#     placed in the first 32GB address space. The Java Heap base address is the
#     maximum limit for the native heap growth. Please use -XX:HeapBaseMinAddress
#     to set the Java Heap base and to place the Java Heap above 32GB virtual address.
# This output file may be truncated or incomplete.
#
#  Out of Memory Error (os_windows.cpp:3713), pid=22888, tid=1544
#
# JRE version: OpenJDK Runtime Environment Temurin-21.0.9+10 (21.0.9+10) (build 21.0.9+10-LTS)
# Java VM: OpenJDK 64-Bit Server VM Temurin-21.0.9+10 (21.0.9+10-LTS, mixed mode, sharing, tiered, compressed oops, compressed class ptrs, g1 gc, windows-amd64)
# No core dump will be written. Minidumps are not enabled by default on client versions of Windows
#

---------------  S U M M A R Y ------------

Command Line: --add-opens=java.base/java.util=ALL-UNNAMED --add-opens=java.base/java.lang=ALL-UNNAMED --add-opens=java.base/java.lang.invoke=ALL-UNNAMED --add-opens=java.prefs/java.util.prefs=ALL-UNNAMED --add-opens=java.base/java.nio.charset=ALL-UNNAMED --add-opens=java.base/java.net=ALL-UNNAMED --add-opens=java.base/java.util.concurrent.atomic=ALL-UNNAMED -Xmx3G -Dfile.encoding=UTF-8 -Duser.country=FR -Duser.language=fr -Duser.variant -javaagent:C:\Users\Seusyn\.gradle\wrapper\dists\gradle-8.8-bin\dl7vupf4psengwqhwktix4v1\gradle-8.8\lib\agents\gradle-instrumentation-agent-8.8.jar org.gradle.launcher.daemon.bootstrap.GradleDaemon 8.8

Host: Intel(R) Celeron(R) G4900 CPU @ 3.10GHz, 2 cores, 15G,  Windows 10 , 64 bit Build 19041 (10.0.19041.5915)
Time: Fri May  1 11:18:01 2026 elapsed time: 77.796633 seconds (0d 0h 1m 17s)

---------------  T H R E A D  ---------------

Current thread (0x00000194baec5bc0):  VMThread "VM Thread"          [id=1544, stack(0x0000006541800000,0x0000006541900000) (1024K)]

Stack: [0x0000006541800000,0x0000006541900000]
Native frames: (J=compiled Java code, j=interpreted, Vv=VM code, C=native code)
V  [jvm.dll+0x6d6e29]
V  [jvm.dll+0x8b4b76]
V  [jvm.dll+0x8b712e]
V  [jvm.dll+0x8b7813]
V  [jvm.dll+0x283d86]
V  [jvm.dll+0x6d3745]
V  [jvm.dll+0x6c747a]
V  [jvm.dll+0x35e7e8]
V  [jvm.dll+0x366426]
V  [jvm.dll+0x3b73fe]
V  [jvm.dll+0x3b76a8]
V  [jvm.dll+0x3329ec]
V  [jvm.dll+0x332a77]
V  [jvm.dll+0x37684c]
V  [jvm.dll+0x374fee]
V  [jvm.dll+0x332131]
V  [jvm.dll+0x37465a]
V  [jvm.dll+0x8bd500]
V  [jvm.dll+0x8be8a4]
V  [jvm.dll+0x8bede0]
V  [jvm.dll+0x8bf083]
V  [jvm.dll+0x85e9ad]
V  [jvm.dll+0x6d565d]
C  [ucrtbase.dll+0x21bb2]
C  [KERNEL32.DLL+0x17374]
C  [ntdll.dll+0x4cc91]

VM_Operation (0x0000006544cf9aa0): G1CollectForAllocation, mode: safepoint, requested by thread 0x00000194839b62a0


---------------  P R O C E S S  ---------------

Threads class SMR info:
_java_thread_list=0x0000019484bb50b0, length=56, elements={
0x000001949da52b30, 0x00000194baee2020, 0x00000194baee4ff0, 0x00000194baee6bb0,
0x00000194baee7600, 0x00000194baee8050, 0x00000194baee8aa0, 0x00000194baee9820,
0x00000194baf52c10, 0x00000194801626b0, 0x00000194800ebb90, 0x00000194811fc450,
0x0000019481bc5180, 0x00000194819f3ca0, 0x00000194819cd290, 0x0000019481a58810,
0x00000194819fb860, 0x0000019481a8f880, 0x0000019481bf96a0, 0x0000019481bf82f0,
0x0000019481bfaa50, 0x0000019481bfb0e0, 0x0000019481bf9d30, 0x0000019481bf8980,
0x0000019481bf9010, 0x0000019481bfa3c0, 0x0000019481bf7c60, 0x00000194840da9f0,
0x00000194840d9640, 0x00000194840d8920, 0x00000194840dbda0, 0x00000194840d9cd0,
0x00000194840dcac0, 0x00000194840de500, 0x00000194840db080, 0x00000194840deb90,
0x00000194840dc430, 0x00000194840d7c00, 0x00000194840dd150, 0x00000194840da360,
0x00000194840d8290, 0x00000194840dde70, 0x00000194839b4860, 0x00000194839b34b0,
0x00000194839b4ef0, 0x00000194839b1a70, 0x00000194839b2e20, 0x00000194839b2790,
0x00000194839b0d50, 0x00000194839b3b40, 0x00000194839b62a0, 0x00000194839b41d0,
0x00000194839af310, 0x00000194839b2100, 0x00000194839af9a0, 0x000001948292b2e0
}

Java Threads: ( => current thread )
  0x000001949da52b30 JavaThread "main"                              [_thread_blocked, id=21972, stack(0x0000006541100000,0x0000006541200000) (1024K)]
  0x00000194baee2020 JavaThread "Reference Handler"          daemon [_thread_blocked, id=22832, stack(0x0000006541900000,0x0000006541a00000) (1024K)]
  0x00000194baee4ff0 JavaThread "Finalizer"                  daemon [_thread_blocked, id=18316, stack(0x0000006541a00000,0x0000006541b00000) (1024K)]
  0x00000194baee6bb0 JavaThread "Signal Dispatcher"          daemon [_thread_blocked, id=10968, stack(0x0000006541b00000,0x0000006541c00000) (1024K)]
  0x00000194baee7600 JavaThread "Attach Listener"            daemon [_thread_blocked, id=3460, stack(0x0000006541c00000,0x0000006541d00000) (1024K)]
  0x00000194baee8050 JavaThread "Service Thread"             daemon [_thread_blocked, id=14536, stack(0x0000006541d00000,0x0000006541e00000) (1024K)]
  0x00000194baee8aa0 JavaThread "Monitor Deflation Thread"   daemon [_thread_blocked, id=5344, stack(0x0000006541e00000,0x0000006541f00000) (1024K)]
  0x00000194baee9820 JavaThread "C2 CompilerThread0"         daemon [_thread_blocked, id=17900, stack(0x0000006541f00000,0x0000006542000000) (1024K)]
  0x00000194baf52c10 JavaThread "C1 CompilerThread0"         daemon [_thread_blocked, id=12484, stack(0x0000006542000000,0x0000006542100000) (1024K)]
  0x00000194801626b0 JavaThread "Common-Cleaner"             daemon [_thread_blocked, id=7688, stack(0x0000006542100000,0x0000006542200000) (1024K)]
  0x00000194800ebb90 JavaThread "Notification Thread"        daemon [_thread_blocked, id=21752, stack(0x0000006542200000,0x0000006542300000) (1024K)]
  0x00000194811fc450 JavaThread "Daemon health stats"               [_thread_blocked, id=21484, stack(0x0000006542400000,0x0000006542500000) (1024K)]
  0x0000019481bc5180 JavaThread "Incoming local TCP Connector on port 64663"        [_thread_in_native, id=20852, stack(0x0000006542500000,0x0000006542600000) (1024K)]
  0x00000194819f3ca0 JavaThread "Daemon periodic checks"            [_thread_blocked, id=19464, stack(0x0000006542600000,0x0000006542700000) (1024K)]
  0x00000194819cd290 JavaThread "Daemon"                            [_thread_blocked, id=15448, stack(0x0000006542700000,0x0000006542800000) (1024K)]
  0x0000019481a58810 JavaThread "Handler for socket connection from /127.0.0.1:64663 to /127.0.0.1:64664"        [_thread_in_native, id=11372, stack(0x0000006542800000,0x0000006542900000) (1024K)]
  0x00000194819fb860 JavaThread "Cancel handler"                    [_thread_blocked, id=22196, stack(0x0000006542900000,0x0000006542a00000) (1024K)]
  0x0000019481a8f880 JavaThread "Daemon worker"                     [_thread_blocked, id=16172, stack(0x0000006542a00000,0x0000006542b00000) (1024K)]
  0x0000019481bf96a0 JavaThread "Asynchronous log dispatcher for DefaultDaemonConnection: socket connection from /127.0.0.1:64663 to /127.0.0.1:64664"        [_thread_blocked, id=21980, stack(0x0000006542b00000,0x0000006542c00000) (1024K)]
  0x0000019481bf82f0 JavaThread "Stdin handler"                     [_thread_blocked, id=1008, stack(0x0000006542c00000,0x0000006542d00000) (1024K)]
  0x0000019481bfaa50 JavaThread "Daemon client event forwarder"        [_thread_blocked, id=20596, stack(0x0000006542d00000,0x0000006542e00000) (1024K)]
  0x0000019481bfb0e0 JavaThread "Cache worker for journal cache (C:\Users\Seusyn\.gradle\caches\journal-1)"        [_thread_blocked, id=22920, stack(0x0000006542e00000,0x0000006542f00000) (1024K)]
  0x0000019481bf9d30 JavaThread "File lock request listener"        [_thread_in_native, id=12844, stack(0x0000006542f00000,0x0000006543000000) (1024K)]
  0x0000019481bf8980 JavaThread "Cache worker for file hash cache (C:\Users\Seusyn\.gradle\caches\8.8\fileHashes)"        [_thread_blocked, id=8764, stack(0x0000006543000000,0x0000006543100000) (1024K)]
  0x0000019481bf9010 JavaThread "Cache worker for file hash cache (C:\Users\Seusyn\Documents\Magius World\.gradle\8.8\fileHashes)"        [_thread_blocked, id=12972, stack(0x0000006543100000,0x0000006543200000) (1024K)]
  0x0000019481bfa3c0 JavaThread "File watcher server"        daemon [_thread_blocked, id=11656, stack(0x0000006543200000,0x0000006543300000) (1024K)]
  0x0000019481bf7c60 JavaThread "File watcher consumer"      daemon [_thread_blocked, id=12760, stack(0x0000006543300000,0x0000006543400000) (1024K)]
  0x00000194840da9f0 JavaThread "Cache worker for checksums cache (C:\Users\Seusyn\Documents\Magius World\.gradle\8.8\checksums)"        [_thread_blocked, id=19400, stack(0x0000006543400000,0x0000006543500000) (1024K)]
  0x00000194840d9640 JavaThread "Cache worker for file content cache (C:\Users\Seusyn\.gradle\caches\8.8\fileContent)"        [_thread_blocked, id=10512, stack(0x0000006543500000,0x0000006543600000) (1024K)]
  0x00000194840d8920 JavaThread "Cache worker for cache directory md-rule (C:\Users\Seusyn\.gradle\caches\8.8\md-rule)"        [_thread_blocked, id=17600, stack(0x0000006543600000,0x0000006543700000) (1024K)]
  0x00000194840dbda0 JavaThread "Cache worker for cache directory md-supplier (C:\Users\Seusyn\.gradle\caches\8.8\md-supplier)"        [_thread_blocked, id=8732, stack(0x0000006543700000,0x0000006543800000) (1024K)]
  0x00000194840d9cd0 JavaThread "jar transforms"                    [_thread_blocked, id=20864, stack(0x0000006543800000,0x0000006543900000) (1024K)]
  0x00000194840dcac0 JavaThread "jar transforms Thread 2"           [_thread_blocked, id=14812, stack(0x0000006543900000,0x0000006543a00000) (1024K)]
  0x00000194840de500 JavaThread "Unconstrained build operations"        [_thread_blocked, id=15440, stack(0x0000006543a00000,0x0000006543b00000) (1024K)]
  0x00000194840db080 JavaThread "Unconstrained build operations Thread 2"        [_thread_blocked, id=1248, stack(0x0000006543b00000,0x0000006543c00000) (1024K)]
  0x00000194840deb90 JavaThread "Unconstrained build operations Thread 3"        [_thread_blocked, id=8808, stack(0x0000006543c00000,0x0000006543d00000) (1024K)]
  0x00000194840dc430 JavaThread "Cache worker for Build Output Cleanup Cache (C:\Users\Seusyn\Documents\Magius World\.gradle\buildOutputCleanup)"        [_thread_blocked, id=13796, stack(0x0000006543d00000,0x0000006543e00000) (1024K)]
  0x00000194840d7c00 JavaThread "Unconstrained build operations Thread 4"        [_thread_blocked, id=22284, stack(0x0000006543e00000,0x0000006543f00000) (1024K)]
  0x00000194840dd150 JavaThread "Unconstrained build operations Thread 5"        [_thread_blocked, id=6064, stack(0x0000006543f00000,0x0000006544000000) (1024K)]
  0x00000194840da360 JavaThread "Unconstrained build operations Thread 6"        [_thread_blocked, id=16400, stack(0x0000006544000000,0x0000006544100000) (1024K)]
  0x00000194840d8290 JavaThread "Memory manager"                    [_thread_blocked, id=18760, stack(0x0000006544200000,0x0000006544300000) (1024K)]
  0x00000194840dde70 JavaThread "Unconstrained build operations Thread 7"        [_thread_blocked, id=4684, stack(0x0000006544300000,0x0000006544400000) (1024K)]
  0x00000194839b4860 JavaThread "Unconstrained build operations Thread 8"        [_thread_blocked, id=9960, stack(0x0000006544400000,0x0000006544500000) (1024K)]
  0x00000194839b34b0 JavaThread "Unconstrained build operations Thread 9"        [_thread_blocked, id=16880, stack(0x0000006544500000,0x0000006544600000) (1024K)]
  0x00000194839b4ef0 JavaThread "ForkJoinPool.commonPool-worker-1" daemon [_thread_blocked, id=23296, stack(0x0000006544600000,0x0000006544700000) (1024K)]
  0x00000194839b1a70 JavaThread "Exec process"                      [_thread_blocked, id=8164, stack(0x0000006544700000,0x0000006544800000) (1024K)]
  0x00000194839b2e20 JavaThread "Exec process Thread 2"             [_thread_blocked, id=20540, stack(0x0000006544800000,0x0000006544900000) (1024K)]
  0x00000194839b2790 JavaThread "Exec process Thread 3"             [_thread_blocked, id=8548, stack(0x0000006544900000,0x0000006544a00000) (1024K)]
  0x00000194839b0d50 JavaThread "ForkJoinPool.commonPool-worker-2" daemon [_thread_blocked, id=12580, stack(0x0000006544a00000,0x0000006544b00000) (1024K)]
  0x00000194839b3b40 JavaThread "included builds"                   [_thread_blocked, id=17044, stack(0x0000006544b00000,0x0000006544c00000) (1024K)]
  0x00000194839b62a0 JavaThread "Execution worker"                  [_thread_blocked, id=21644, stack(0x0000006544c00000,0x0000006544d00000) (1024K)]
  0x00000194839b41d0 JavaThread "Cache worker for execution history cache (C:\Users\Seusyn\Documents\Magius World\.gradle\8.8\executionHistory)"        [_thread_blocked, id=11492, stack(0x0000006544d00000,0x0000006544e00000) (1024K)]
  0x00000194839af310 JavaThread "Unconstrained build operations Thread 10"        [_thread_blocked, id=15108, stack(0x0000006540e00000,0x0000006540f00000) (1024K)]
  0x00000194839b2100 JavaThread "Cache worker for Java compile cache (C:\Users\Seusyn\.gradle\caches\8.8\javaCompile)"        [_thread_blocked, id=5148, stack(0x0000006544100000,0x0000006544200000) (1024K)]
  0x00000194839af9a0 JavaThread "Exec process Thread 4"             [_thread_blocked, id=2120, stack(0x0000006545200000,0x0000006545300000) (1024K)]
  0x000001948292b2e0 JavaThread "Build operations"                  [_thread_blocked, id=19820, stack(0x0000006540f00000,0x0000006541000000) (1024K)]
Total: 56

Other Threads:
=>0x00000194baec5bc0 VMThread "VM Thread"                           [id=1544, stack(0x0000006541800000,0x0000006541900000) (1024K)]
  0x00000194baeb52f0 WatcherThread "VM Periodic Task Thread"        [id=20984, stack(0x0000006541700000,0x0000006541800000) (1024K)]
  0x000001949daa4f10 WorkerThread "GC Thread#0"                     [id=684, stack(0x0000006541200000,0x0000006541300000) (1024K)]
  0x00000194803f84f0 WorkerThread "GC Thread#1"                     [id=22796, stack(0x0000006542300000,0x0000006542400000) (1024K)]
  0x000001949dab1fb0 ConcurrentGCThread "G1 Main Marker"            [id=21556, stack(0x0000006541300000,0x0000006541400000) (1024K)]
  0x000001949dab4170 WorkerThread "G1 Conc#0"                       [id=22968, stack(0x0000006541400000,0x0000006541500000) (1024K)]
  0x00000194bad884e0 ConcurrentGCThread "G1 Refine#0"               [id=7336, stack(0x0000006541500000,0x0000006541600000) (1024K)]
  0x00000194bad8ad10 ConcurrentGCThread "G1 Service"                [id=20700, stack(0x0000006541600000,0x0000006541700000) (1024K)]
Total: 8

Threads with active compile tasks:
Total: 0

VM state: at safepoint (normal execution)

VM Mutex/Monitor currently owned by a thread:  ([mutex/lock_event])
[0x00007ffb4aacd570] Threads_lock - owner thread: 0x00000194baec5bc0
[0x00007ffb4aacd670] Heap_lock - owner thread: 0x00000194839b62a0

Heap address: 0x0000000740000000, size: 3072 MB, Compressed Oops mode: Zero based, Oop shift amount: 3

CDS archive(s) mapped at: [0x00000194bb000000-0x00000194bbc80000-0x00000194bbc80000), size 13107200, SharedBaseAddress: 0x00000194bb000000, ArchiveRelocationMode: 1.
Compressed class space mapped at: 0x00000194bc000000-0x00000194fc000000, reserved size: 1073741824
Narrow klass base: 0x00000194bb000000, Narrow klass shift: 0, Narrow klass range: 0x100000000

GC Precious Log:
 CardTable entry size: 512
 Card Set container configuration: InlinePtr #cards 4 size 8 Array Of Cards #cards 16 size 48 Howl #buckets 8 coarsen threshold 3686 Howl Bitmap #cards 512 size 80 coarsen threshold 460 Card regions per heap region 1 cards per card region 4096
 CPUs: 2 total, 2 available
 Memory: 16251M
 Large Page Support: Disabled
 NUMA Support: Disabled
 Compressed Oops: Enabled (Zero based)
 Heap Region Size: 2M
 Heap Min Capacity: 8M
 Heap Initial Capacity: 254M
 Heap Max Capacity: 3G
 Pre-touch: Disabled
 Parallel Workers: 2
 Concurrent Workers: 1
 Concurrent Refinement Workers: 2
 Periodic GC: Disabled

Heap:
 garbage-first heap   total 1140736K, used 395264K [0x0000000740000000, 0x0000000800000000)
  region size 2048K, 1 young (2048K), 1 survivors (2048K)
 Metaspace       used 80403K, committed 82560K, reserved 1179648K
  class space    used 11481K, committed 12544K, reserved 1048576K

Heap Regions: E=young(eden), S=young(survivor), O=old, HS=humongous(starts), HC=humongous(continues), CS=collection set, F=free, TAMS=top-at-mark-start, PB=parsable bottom
|   0|0x0000000740000000, 0x0000000740200000, 0x0000000740200000|100%|HS|  |TAMS 0x0000000740000000| PB 0x0000000740000000| Complete 
|   1|0x0000000740200000, 0x0000000740400000, 0x0000000740400000|100%|HC|  |TAMS 0x0000000740200000| PB 0x0000000740200000| Complete 
|   2|0x0000000740400000, 0x0000000740600000, 0x0000000740600000|100%| O|  |TAMS 0x0000000740400000| PB 0x0000000740400000| Untracked 
|   3|0x0000000740600000, 0x0000000740800000, 0x0000000740800000|100%| O|  |TAMS 0x0000000740600000| PB 0x0000000740600000| Untracked 
|   4|0x0000000740800000, 0x0000000740a00000, 0x0000000740a00000|100%| O|  |TAMS 0x0000000740800000| PB 0x0000000740800000| Untracked 
|   5|0x0000000740a00000, 0x0000000740c00000, 0x0000000740c00000|100%| O|  |TAMS 0x0000000740a00000| PB 0x0000000740a00000| Untracked 
|   6|0x0000000740c00000, 0x0000000740e00000, 0x0000000740e00000|100%| O|  |TAMS 0x0000000740c00000| PB 0x0000000740c00000| Untracked 
|   7|0x0000000740e00000, 0x0000000741000000, 0x0000000741000000|100%| O|  |TAMS 0x0000000740e00000| PB 0x0000000740e00000| Untracked 
|   8|0x0000000741000000, 0x0000000741200000, 0x0000000741200000|100%| O|  |TAMS 0x0000000741000000| PB 0x0000000741000000| Untracked 
|   9|0x0000000741200000, 0x0000000741400000, 0x0000000741400000|100%| O|  |TAMS 0x0000000741200000| PB 0x0000000741200000| Untracked 
|  10|0x0000000741400000, 0x0000000741600000, 0x0000000741600000|100%| O|  |TAMS 0x0000000741400000| PB 0x0000000741400000| Untracked 
|  11|0x0000000741600000, 0x0000000741800000, 0x0000000741800000|100%| O|  |TAMS 0x0000000741600000| PB 0x0000000741600000| Untracked 
|  12|0x0000000741800000, 0x0000000741a00000, 0x0000000741a00000|100%| O|  |TAMS 0x0000000741800000| PB 0x0000000741800000| Untracked 
|  13|0x0000000741a00000, 0x0000000741c00000, 0x0000000741c00000|100%| O|  |TAMS 0x0000000741a00000| PB 0x0000000741a00000| Untracked 
|  14|0x0000000741c00000, 0x0000000741e00000, 0x0000000741e00000|100%| O|  |TAMS 0x0000000741c00000| PB 0x0000000741c00000| Untracked 
|  15|0x0000000741e00000, 0x0000000742000000, 0x0000000742000000|100%| O|  |TAMS 0x0000000741e00000| PB 0x0000000741e00000| Untracked 
|  16|0x0000000742000000, 0x0000000742200000, 0x0000000742200000|100%| O|  |TAMS 0x0000000742000000| PB 0x0000000742000000| Untracked 
|  17|0x0000000742200000, 0x0000000742400000, 0x0000000742400000|100%| O|  |TAMS 0x0000000742200000| PB 0x0000000742200000| Untracked 
|  18|0x0000000742400000, 0x0000000742600000, 0x0000000742600000|100%| O|  |TAMS 0x0000000742400000| PB 0x0000000742400000| Untracked 
|  19|0x0000000742600000, 0x0000000742800000, 0x0000000742800000|100%| O|  |TAMS 0x0000000742600000| PB 0x0000000742600000| Untracked 
|  20|0x0000000742800000, 0x0000000742a00000, 0x0000000742a00000|100%|HS|  |TAMS 0x0000000742800000| PB 0x0000000742800000| Complete 
|  21|0x0000000742a00000, 0x0000000742c00000, 0x0000000742c00000|100%| O|  |TAMS 0x0000000742a00000| PB 0x0000000742a00000| Untracked 
|  22|0x0000000742c00000, 0x0000000742e00000, 0x0000000742e00000|100%| O|  |TAMS 0x0000000742c00000| PB 0x0000000742c00000| Untracked 
|  23|0x0000000742e00000, 0x0000000743000000, 0x0000000743000000|100%| O|  |TAMS 0x0000000742e00000| PB 0x0000000742e00000| Untracked 
|  24|0x0000000743000000, 0x0000000743200000, 0x0000000743200000|100%| O|  |TAMS 0x0000000743000000| PB 0x0000000743000000| Untracked 
|  25|0x0000000743200000, 0x0000000743400000, 0x0000000743400000|100%| O|  |TAMS 0x0000000743200000| PB 0x0000000743200000| Untracked 
|  26|0x0000000743400000, 0x0000000743600000, 0x0000000743600000|100%| O|  |TAMS 0x0000000743400000| PB 0x0000000743400000| Untracked 
|  27|0x0000000743600000, 0x0000000743800000, 0x0000000743800000|100%| O|  |TAMS 0x0000000743600000| PB 0x0000000743600000| Untracked 
|  28|0x0000000743800000, 0x0000000743a00000, 0x0000000743a00000|100%| O|  |TAMS 0x0000000743800000| PB 0x0000000743800000| Untracked 
|  29|0x0000000743a00000, 0x0000000743c00000, 0x0000000743c00000|100%| O|Cm|TAMS 0x0000000743a00000| PB 0x0000000743a00000| Complete 
|  30|0x0000000743c00000, 0x0000000743c00000, 0x0000000743e00000|  0%| F|  |TAMS 0x0000000743c00000| PB 0x0000000743c00000| Untracked 
|  31|0x0000000743e00000, 0x0000000744000000, 0x0000000744000000|100%|HS|  |TAMS 0x0000000743e00000| PB 0x0000000743e00000| Complete 
|  32|0x0000000744000000, 0x0000000744200000, 0x0000000744200000|100%| O|  |TAMS 0x0000000744000000| PB 0x0000000744000000| Untracked 
|  33|0x0000000744200000, 0x0000000744400000, 0x0000000744400000|100%| O|  |TAMS 0x0000000744200000| PB 0x0000000744200000| Untracked 
|  34|0x0000000744400000, 0x0000000744600000, 0x0000000744600000|100%| O|Cm|TAMS 0x0000000744400000| PB 0x0000000744400000| Complete 
|  35|0x0000000744600000, 0x0000000744800000, 0x0000000744800000|100%| O|  |TAMS 0x0000000744600000| PB 0x0000000744600000| Untracked 
|  36|0x0000000744800000, 0x0000000744a00000, 0x0000000744a00000|100%| O|  |TAMS 0x0000000744800000| PB 0x0000000744800000| Untracked 
|  37|0x0000000744a00000, 0x0000000744c00000, 0x0000000744c00000|100%| O|  |TAMS 0x0000000744a00000| PB 0x0000000744a00000| Untracked 
|  38|0x0000000744c00000, 0x0000000744e00000, 0x0000000744e00000|100%| O|  |TAMS 0x0000000744c00000| PB 0x0000000744c00000| Untracked 
|  39|0x0000000744e00000, 0x0000000745000000, 0x0000000745000000|100%| O|  |TAMS 0x0000000744e00000| PB 0x0000000744e00000| Untracked 
|  40|0x0000000745000000, 0x0000000745200000, 0x0000000745200000|100%| O|  |TAMS 0x0000000745000000| PB 0x0000000745000000| Untracked 
|  41|0x0000000745200000, 0x0000000745400000, 0x0000000745400000|100%| O|  |TAMS 0x0000000745200000| PB 0x0000000745200000| Untracked 
|  42|0x0000000745400000, 0x0000000745600000, 0x0000000745600000|100%| O|  |TAMS 0x0000000745400000| PB 0x0000000745400000| Untracked 
|  43|0x0000000745600000, 0x0000000745600000, 0x0000000745800000|  0%| F|  |TAMS 0x0000000745600000| PB 0x0000000745600000| Untracked 
|  44|0x0000000745800000, 0x0000000745a00000, 0x0000000745a00000|100%| O|  |TAMS 0x0000000745800000| PB 0x0000000745800000| Untracked 
|  45|0x0000000745a00000, 0x0000000745c00000, 0x0000000745c00000|100%| O|  |TAMS 0x0000000745a00000| PB 0x0000000745a00000| Untracked 
|  46|0x0000000745c00000, 0x0000000745e00000, 0x0000000745e00000|100%| O|  |TAMS 0x0000000745c00000| PB 0x0000000745c00000| Untracked 
|  47|0x0000000745e00000, 0x0000000746000000, 0x0000000746000000|100%| O|  |TAMS 0x0000000745e00000| PB 0x0000000745e00000| Untracked 
|  48|0x0000000746000000, 0x0000000746200000, 0x0000000746200000|100%| O|  |TAMS 0x0000000746000000| PB 0x0000000746000000| Untracked 
|  49|0x0000000746200000, 0x0000000746400000, 0x0000000746400000|100%| O|  |TAMS 0x0000000746200000| PB 0x0000000746200000| Untracked 
|  50|0x0000000746400000, 0x0000000746600000, 0x0000000746600000|100%| O|  |TAMS 0x0000000746400000| PB 0x0000000746400000| Untracked 
|  51|0x0000000746600000, 0x0000000746800000, 0x0000000746800000|100%| O|  |TAMS 0x0000000746600000| PB 0x0000000746600000| Untracked 
|  52|0x0000000746800000, 0x0000000746a00000, 0x0000000746a00000|100%| O|  |TAMS 0x0000000746800000| PB 0x0000000746800000| Untracked 
|  53|0x0000000746a00000, 0x0000000746c00000, 0x0000000746c00000|100%| O|  |TAMS 0x0000000746a00000| PB 0x0000000746a00000| Untracked 
|  54|0x0000000746c00000, 0x0000000746e00000, 0x0000000746e00000|100%| O|  |TAMS 0x0000000746c00000| PB 0x0000000746c00000| Untracked 
|  55|0x0000000746e00000, 0x0000000747000000, 0x0000000747000000|100%| O|  |TAMS 0x0000000746e00000| PB 0x0000000746e00000| Untracked 
|  56|0x0000000747000000, 0x0000000747200000, 0x0000000747200000|100%| O|  |TAMS 0x0000000747000000| PB 0x0000000747000000| Untracked 
|  57|0x0000000747200000, 0x0000000747400000, 0x0000000747400000|100%| O|  |TAMS 0x0000000747200000| PB 0x0000000747200000| Untracked 
|  58|0x0000000747400000, 0x0000000747600000, 0x0000000747600000|100%| O|  |TAMS 0x0000000747400000| PB 0x0000000747400000| Untracked 
|  59|0x0000000747600000, 0x0000000747800000, 0x0000000747800000|100%| O|  |TAMS 0x0000000747600000| PB 0x0000000747600000| Untracked 
|  60|0x0000000747800000, 0x0000000747a00000, 0x0000000747a00000|100%| O|  |TAMS 0x0000000747800000| PB 0x0000000747800000| Untracked 
|  61|0x0000000747a00000, 0x0000000747c00000, 0x0000000747c00000|100%| O|  |TAMS 0x0000000747a00000| PB 0x0000000747a00000| Untracked 
|  62|0x0000000747c00000, 0x0000000747e00000, 0x0000000747e00000|100%| O|  |TAMS 0x0000000747c00000| PB 0x0000000747c00000| Untracked 
|  63|0x0000000747e00000, 0x0000000748000000, 0x0000000748000000|100%| O|  |TAMS 0x0000000747e00000| PB 0x0000000747e00000| Untracked 
|  64|0x0000000748000000, 0x0000000748200000, 0x0000000748200000|100%| O|  |TAMS 0x0000000748000000| PB 0x0000000748000000| Untracked 
|  65|0x0000000748200000, 0x0000000748400000, 0x0000000748400000|100%| O|Cm|TAMS 0x0000000748200000| PB 0x0000000748200000| Complete 
|  66|0x0000000748400000, 0x0000000748600000, 0x0000000748600000|100%| O|  |TAMS 0x0000000748400000| PB 0x0000000748400000| Untracked 
|  67|0x0000000748600000, 0x0000000748800000, 0x0000000748800000|100%| O|  |TAMS 0x0000000748600000| PB 0x0000000748600000| Untracked 
|  68|0x0000000748800000, 0x0000000748a00000, 0x0000000748a00000|100%| O|  |TAMS 0x0000000748800000| PB 0x0000000748800000| Untracked 
|  69|0x0000000748a00000, 0x0000000748c00000, 0x0000000748c00000|100%| O|  |TAMS 0x0000000748a00000| PB 0x0000000748a00000| Untracked 
|  70|0x0000000748c00000, 0x0000000748e00000, 0x0000000748e00000|100%| O|  |TAMS 0x0000000748c00000| PB 0x0000000748c00000| Untracked 
|  71|0x0000000748e00000, 0x0000000749000000, 0x0000000749000000|100%| O|  |TAMS 0x0000000748e00000| PB 0x0000000748e00000| Untracked 
|  72|0x0000000749000000, 0x0000000749200000, 0x0000000749200000|100%| O|  |TAMS 0x0000000749000000| PB 0x0000000749000000| Untracked 
|  73|0x0000000749200000, 0x0000000749200000, 0x0000000749400000|  0%| F|  |TAMS 0x0000000749200000| PB 0x0000000749200000| Untracked 
|  74|0x0000000749400000, 0x0000000749600000, 0x0000000749600000|100%| O|  |TAMS 0x0000000749400000| PB 0x0000000749400000| Untracked 
|  75|0x0000000749600000, 0x0000000749800000, 0x0000000749800000|100%| O|  |TAMS 0x0000000749600000| PB 0x0000000749600000| Untracked 
|  76|0x0000000749800000, 0x0000000749a00000, 0x0000000749a00000|100%| O|  |TAMS 0x0000000749800000| PB 0x0000000749800000| Untracked 
|  77|0x0000000749a00000, 0x0000000749c00000, 0x0000000749c00000|100%| O|  |TAMS 0x0000000749a00000| PB 0x0000000749a00000| Untracked 
|  78|0x0000000749c00000, 0x0000000749e00000, 0x0000000749e00000|100%| O|Cm|TAMS 0x0000000749c00000| PB 0x0000000749c00000| Complete 
|  79|0x0000000749e00000, 0x000000074a000000, 0x000000074a000000|100%| O|  |TAMS 0x0000000749e00000| PB 0x0000000749e00000| Untracked 
|  80|0x000000074a000000, 0x000000074a200000, 0x000000074a200000|100%| O|Cm|TAMS 0x000000074a000000| PB 0x000000074a000000| Complete 
|  81|0x000000074a200000, 0x000000074a400000, 0x000000074a400000|100%| O|  |TAMS 0x000000074a200000| PB 0x000000074a200000| Untracked 
|  82|0x000000074a400000, 0x000000074a600000, 0x000000074a600000|100%| O|  |TAMS 0x000000074a400000| PB 0x000000074a400000| Untracked 
|  83|0x000000074a600000, 0x000000074a800000, 0x000000074a800000|100%| O|  |TAMS 0x000000074a600000| PB 0x000000074a600000| Untracked 
|  84|0x000000074a800000, 0x000000074aa00000, 0x000000074aa00000|100%| O|  |TAMS 0x000000074a800000| PB 0x000000074a800000| Untracked 
|  85|0x000000074aa00000, 0x000000074ac00000, 0x000000074ac00000|100%| O|  |TAMS 0x000000074aa00000| PB 0x000000074aa00000| Untracked 
|  86|0x000000074ac00000, 0x000000074ac00000, 0x000000074ae00000|  0%| F|  |TAMS 0x000000074ac00000| PB 0x000000074ac00000| Untracked 
|  87|0x000000074ae00000, 0x000000074ae00000, 0x000000074b000000|  0%| F|  |TAMS 0x000000074ae00000| PB 0x000000074ae00000| Untracked 
|  88|0x000000074b000000, 0x000000074b000000, 0x000000074b200000|  0%| F|  |TAMS 0x000000074b000000| PB 0x000000074b000000| Untracked 
|  89|0x000000074b200000, 0x000000074b200000, 0x000000074b400000|  0%| F|  |TAMS 0x000000074b200000| PB 0x000000074b200000| Untracked 
|  90|0x000000074b400000, 0x000000074b400000, 0x000000074b600000|  0%| F|  |TAMS 0x000000074b400000| PB 0x000000074b400000| Untracked 
|  91|0x000000074b600000, 0x000000074b600000, 0x000000074b800000|  0%| F|  |TAMS 0x000000074b600000| PB 0x000000074b600000| Untracked 
|  92|0x000000074b800000, 0x000000074ba00000, 0x000000074ba00000|100%| O|Cm|TAMS 0x000000074b800000| PB 0x000000074b800000| Complete 
|  93|0x000000074ba00000, 0x000000074bc00000, 0x000000074bc00000|100%| O|Cm|TAMS 0x000000074ba00000| PB 0x000000074ba00000| Complete 
|  94|0x000000074bc00000, 0x000000074be00000, 0x000000074be00000|100%| O|Cm|TAMS 0x000000074bc00000| PB 0x000000074bc00000| Complete 
|  95|0x000000074be00000, 0x000000074be00000, 0x000000074c000000|  0%| F|  |TAMS 0x000000074be00000| PB 0x000000074be00000| Untracked 
|  96|0x000000074c000000, 0x000000074c000000, 0x000000074c200000|  0%| F|  |TAMS 0x000000074c000000| PB 0x000000074c000000| Untracked 
|  97|0x000000074c200000, 0x000000074c200000, 0x000000074c400000|  0%| F|  |TAMS 0x000000074c200000| PB 0x000000074c200000| Untracked 
|  98|0x000000074c400000, 0x000000074c400000, 0x000000074c600000|  0%| F|  |TAMS 0x000000074c400000| PB 0x000000074c400000| Untracked 
|  99|0x000000074c600000, 0x000000074c600000, 0x000000074c800000|  0%| F|  |TAMS 0x000000074c600000| PB 0x000000074c600000| Untracked 
| 100|0x000000074c800000, 0x000000074c800000, 0x000000074ca00000|  0%| F|  |TAMS 0x000000074c800000| PB 0x000000074c800000| Untracked 
| 101|0x000000074ca00000, 0x000000074ca00000, 0x000000074cc00000|  0%| F|  |TAMS 0x000000074ca00000| PB 0x000000074ca00000| Untracked 
| 102|0x000000074cc00000, 0x000000074cc00000, 0x000000074ce00000|  0%| F|  |TAMS 0x000000074cc00000| PB 0x000000074cc00000| Untracked 
| 103|0x000000074ce00000, 0x000000074ce00000, 0x000000074d000000|  0%| F|  |TAMS 0x000000074ce00000| PB 0x000000074ce00000| Untracked 
| 104|0x000000074d000000, 0x000000074d000000, 0x000000074d200000|  0%| F|  |TAMS 0x000000074d000000| PB 0x000000074d000000| Untracked 
| 105|0x000000074d200000, 0x000000074d200000, 0x000000074d400000|  0%| F|  |TAMS 0x000000074d200000| PB 0x000000074d200000| Untracked 
| 106|0x000000074d400000, 0x000000074d400000, 0x000000074d600000|  0%| F|  |TAMS 0x000000074d400000| PB 0x000000074d400000| Untracked 
| 107|0x000000074d600000, 0x000000074d600000, 0x000000074d800000|  0%| F|  |TAMS 0x000000074d600000| PB 0x000000074d600000| Untracked 
| 108|0x000000074d800000, 0x000000074d800000, 0x000000074da00000|  0%| F|  |TAMS 0x000000074d800000| PB 0x000000074d800000| Untracked 
| 109|0x000000074da00000, 0x000000074da00000, 0x000000074dc00000|  0%| F|  |TAMS 0x000000074da00000| PB 0x000000074da00000| Untracked 
| 110|0x000000074dc00000, 0x000000074dc00000, 0x000000074de00000|  0%| F|  |TAMS 0x000000074dc00000| PB 0x000000074dc00000| Untracked 
| 111|0x000000074de00000, 0x000000074de00000, 0x000000074e000000|  0%| F|  |TAMS 0x000000074de00000| PB 0x000000074de00000| Untracked 
| 112|0x000000074e000000, 0x000000074e000000, 0x000000074e200000|  0%| F|  |TAMS 0x000000074e000000| PB 0x000000074e000000| Untracked 
| 113|0x000000074e200000, 0x000000074e200000, 0x000000074e400000|  0%| F|  |TAMS 0x000000074e200000| PB 0x000000074e200000| Untracked 
| 114|0x000000074e400000, 0x000000074e400000, 0x000000074e600000|  0%| F|  |TAMS 0x000000074e400000| PB 0x000000074e400000| Untracked 
| 115|0x000000074e600000, 0x000000074e600000, 0x000000074e800000|  0%| F|  |TAMS 0x000000074e600000| PB 0x000000074e600000| Untracked 
| 116|0x000000074e800000, 0x000000074e800000, 0x000000074ea00000|  0%| F|  |TAMS 0x000000074e800000| PB 0x000000074e800000| Untracked 
| 117|0x000000074ea00000, 0x000000074ec00000, 0x000000074ec00000|100%| O|Cm|TAMS 0x000000074ea00000| PB 0x000000074ea00000| Complete 
| 118|0x000000074ec00000, 0x000000074ec00000, 0x000000074ee00000|  0%| F|  |TAMS 0x000000074ec00000| PB 0x000000074ec00000| Untracked 
| 119|0x000000074ee00000, 0x000000074ee00000, 0x000000074f000000|  0%| F|  |TAMS 0x000000074ee00000| PB 0x000000074ee00000| Untracked 
| 120|0x000000074f000000, 0x000000074f000000, 0x000000074f200000|  0%| F|  |TAMS 0x000000074f000000| PB 0x000000074f000000| Untracked 
| 121|0x000000074f200000, 0x000000074f200000, 0x000000074f400000|  0%| F|  |TAMS 0x000000074f200000| PB 0x000000074f200000| Untracked 
| 122|0x000000074f400000, 0x000000074f400000, 0x000000074f600000|  0%| F|  |TAMS 0x000000074f400000| PB 0x000000074f400000| Untracked 
| 123|0x000000074f600000, 0x000000074f600000, 0x000000074f800000|  0%| F|  |TAMS 0x000000074f600000| PB 0x000000074f600000| Untracked 
| 124|0x000000074f800000, 0x000000074fa00000, 0x000000074fa00000|100%| O|Cm|TAMS 0x000000074f800000| PB 0x000000074f800000| Complete 
| 125|0x000000074fa00000, 0x000000074fa00000, 0x000000074fc00000|  0%| F|  |TAMS 0x000000074fa00000| PB 0x000000074fa00000| Untracked 
| 126|0x000000074fc00000, 0x000000074fc00000, 0x000000074fe00000|  0%| F|  |TAMS 0x000000074fc00000| PB 0x000000074fc00000| Untracked 
| 127|0x000000074fe00000, 0x000000074fe00000, 0x0000000750000000|  0%| F|  |TAMS 0x000000074fe00000| PB 0x000000074fe00000| Untracked 
| 128|0x0000000750000000, 0x0000000750000000, 0x0000000750200000|  0%| F|  |TAMS 0x0000000750000000| PB 0x0000000750000000| Untracked 
| 129|0x0000000750200000, 0x0000000750200000, 0x0000000750400000|  0%| F|  |TAMS 0x0000000750200000| PB 0x0000000750200000| Untracked 
| 130|0x0000000750400000, 0x0000000750400000, 0x0000000750600000|  0%| F|  |TAMS 0x0000000750400000| PB 0x0000000750400000| Untracked 
| 131|0x0000000750600000, 0x0000000750600000, 0x0000000750800000|  0%| F|  |TAMS 0x0000000750600000| PB 0x0000000750600000| Untracked 
| 132|0x0000000750800000, 0x0000000750800000, 0x0000000750a00000|  0%| F|  |TAMS 0x0000000750800000| PB 0x0000000750800000| Untracked 
| 133|0x0000000750a00000, 0x0000000750a00000, 0x0000000750c00000|  0%| F|  |TAMS 0x0000000750a00000| PB 0x0000000750a00000| Untracked 
| 134|0x0000000750c00000, 0x0000000750c00000, 0x0000000750e00000|  0%| F|  |TAMS 0x0000000750c00000| PB 0x0000000750c00000| Untracked 
| 135|0x0000000750e00000, 0x0000000751000000, 0x0000000751000000|100%| O|Cm|TAMS 0x0000000750e00000| PB 0x0000000750e00000| Complete 
| 136|0x0000000751000000, 0x0000000751200000, 0x0000000751200000|100%| O|Cm|TAMS 0x0000000751000000| PB 0x0000000751000000| Complete 
| 137|0x0000000751200000, 0x0000000751200000, 0x0000000751400000|  0%| F|  |TAMS 0x0000000751200000| PB 0x0000000751200000| Untracked 
| 138|0x0000000751400000, 0x0000000751600000, 0x0000000751600000|100%| O|Cm|TAMS 0x0000000751400000| PB 0x0000000751400000| Complete 
| 139|0x0000000751600000, 0x0000000751800000, 0x0000000751800000|100%| O|Cm|TAMS 0x0000000751600000| PB 0x0000000751600000| Complete 
| 140|0x0000000751800000, 0x0000000751a00000, 0x0000000751a00000|100%| O|Cm|TAMS 0x0000000751800000| PB 0x0000000751800000| Complete 
| 141|0x0000000751a00000, 0x0000000751c00000, 0x0000000751c00000|100%| O|Cm|TAMS 0x0000000751a00000| PB 0x0000000751a00000| Complete 
| 142|0x0000000751c00000, 0x0000000751e00000, 0x0000000751e00000|100%| O|Cm|TAMS 0x0000000751c00000| PB 0x0000000751c00000| Complete 
| 143|0x0000000751e00000, 0x0000000752000000, 0x0000000752000000|100%| O|Cm|TAMS 0x0000000751e00000| PB 0x0000000751e00000| Complete 
| 144|0x0000000752000000, 0x0000000752000000, 0x0000000752200000|  0%| F|  |TAMS 0x0000000752000000| PB 0x0000000752000000| Untracked 
| 145|0x0000000752200000, 0x0000000752200000, 0x0000000752400000|  0%| F|  |TAMS 0x0000000752200000| PB 0x0000000752200000| Untracked 
| 146|0x0000000752400000, 0x0000000752400000, 0x0000000752600000|  0%| F|  |TAMS 0x0000000752400000| PB 0x0000000752400000| Untracked 
| 147|0x0000000752600000, 0x0000000752600000, 0x0000000752800000|  0%| F|  |TAMS 0x0000000752600000| PB 0x0000000752600000| Untracked 
| 148|0x0000000752800000, 0x0000000752800000, 0x0000000752a00000|  0%| F|  |TAMS 0x0000000752800000| PB 0x0000000752800000| Untracked 
| 149|0x0000000752a00000, 0x0000000752a00000, 0x0000000752c00000|  0%| F|  |TAMS 0x0000000752a00000| PB 0x0000000752a00000| Untracked 
| 150|0x0000000752c00000, 0x0000000752c00000, 0x0000000752e00000|  0%| F|  |TAMS 0x0000000752c00000| PB 0x0000000752c00000| Untracked 
| 151|0x0000000752e00000, 0x0000000752e00000, 0x0000000753000000|  0%| F|  |TAMS 0x0000000752e00000| PB 0x0000000752e00000| Untracked 
| 152|0x0000000753000000, 0x0000000753000000, 0x0000000753200000|  0%| F|  |TAMS 0x0000000753000000| PB 0x0000000753000000| Untracked 
| 153|0x0000000753200000, 0x0000000753200000, 0x0000000753400000|  0%| F|  |TAMS 0x0000000753200000| PB 0x0000000753200000| Untracked 
| 154|0x0000000753400000, 0x0000000753400000, 0x0000000753600000|  0%| F|  |TAMS 0x0000000753400000| PB 0x0000000753400000| Untracked 
| 155|0x0000000753600000, 0x0000000753600000, 0x0000000753800000|  0%| F|  |TAMS 0x0000000753600000| PB 0x0000000753600000| Untracked 
| 156|0x0000000753800000, 0x0000000753800000, 0x0000000753a00000|  0%| F|  |TAMS 0x0000000753800000| PB 0x0000000753800000| Untracked 
| 157|0x0000000753a00000, 0x0000000753a00000, 0x0000000753c00000|  0%| F|  |TAMS 0x0000000753a00000| PB 0x0000000753a00000| Untracked 
| 158|0x0000000753c00000, 0x0000000753c00000, 0x0000000753e00000|  0%| F|  |TAMS 0x0000000753c00000| PB 0x0000000753c00000| Untracked 
| 159|0x0000000753e00000, 0x0000000753e00000, 0x0000000754000000|  0%| F|  |TAMS 0x0000000753e00000| PB 0x0000000753e00000| Untracked 
| 160|0x0000000754000000, 0x0000000754000000, 0x0000000754200000|  0%| F|  |TAMS 0x0000000754000000| PB 0x0000000754000000| Untracked 
| 161|0x0000000754200000, 0x0000000754200000, 0x0000000754400000|  0%| F|  |TAMS 0x0000000754200000| PB 0x0000000754200000| Untracked 
| 162|0x0000000754400000, 0x0000000754400000, 0x0000000754600000|  0%| F|  |TAMS 0x0000000754400000| PB 0x0000000754400000| Untracked 
| 163|0x0000000754600000, 0x0000000754600000, 0x0000000754800000|  0%| F|  |TAMS 0x0000000754600000| PB 0x0000000754600000| Untracked 
| 164|0x0000000754800000, 0x0000000754800000, 0x0000000754a00000|  0%| F|  |TAMS 0x0000000754800000| PB 0x0000000754800000| Untracked 
| 165|0x0000000754a00000, 0x0000000754a00000, 0x0000000754c00000|  0%| F|  |TAMS 0x0000000754a00000| PB 0x0000000754a00000| Untracked 
| 166|0x0000000754c00000, 0x0000000754c00000, 0x0000000754e00000|  0%| F|  |TAMS 0x0000000754c00000| PB 0x0000000754c00000| Untracked 
| 167|0x0000000754e00000, 0x0000000754e00000, 0x0000000755000000|  0%| F|  |TAMS 0x0000000754e00000| PB 0x0000000754e00000| Untracked 
| 168|0x0000000755000000, 0x0000000755000000, 0x0000000755200000|  0%| F|  |TAMS 0x0000000755000000| PB 0x0000000755000000| Untracked 
| 169|0x0000000755200000, 0x0000000755400000, 0x0000000755400000|100%| O|  |TAMS 0x0000000755200000| PB 0x0000000755200000| Untracked 
| 170|0x0000000755400000, 0x0000000755600000, 0x0000000755600000|100%| O|Cm|TAMS 0x0000000755400000| PB 0x0000000755400000| Complete 
| 171|0x0000000755600000, 0x0000000755800000, 0x0000000755800000|100%| O|  |TAMS 0x0000000755600000| PB 0x0000000755600000| Untracked 
| 172|0x0000000755800000, 0x0000000755a00000, 0x0000000755a00000|100%| O|Cm|TAMS 0x0000000755800000| PB 0x0000000755800000| Complete 
| 173|0x0000000755a00000, 0x0000000755c00000, 0x0000000755c00000|100%| O|Cm|TAMS 0x0000000755a00000| PB 0x0000000755a00000| Complete 
| 174|0x0000000755c00000, 0x0000000755e00000, 0x0000000755e00000|100%| O|  |TAMS 0x0000000755c00000| PB 0x0000000755c00000| Untracked 
| 175|0x0000000755e00000, 0x0000000756000000, 0x0000000756000000|100%| O|  |TAMS 0x0000000755e00000| PB 0x0000000755e00000| Untracked 
| 176|0x0000000756000000, 0x0000000756200000, 0x0000000756200000|100%| O|  |TAMS 0x0000000756000000| PB 0x0000000756000000| Untracked 
| 177|0x0000000756200000, 0x0000000756400000, 0x0000000756400000|100%| O|  |TAMS 0x0000000756200000| PB 0x0000000756200000| Untracked 
| 178|0x0000000756400000, 0x0000000756600000, 0x0000000756600000|100%| O|  |TAMS 0x0000000756400000| PB 0x0000000756400000| Untracked 
| 179|0x0000000756600000, 0x0000000756800000, 0x0000000756800000|100%| O|  |TAMS 0x0000000756600000| PB 0x0000000756600000| Untracked 
| 180|0x0000000756800000, 0x0000000756a00000, 0x0000000756a00000|100%| O|  |TAMS 0x0000000756800000| PB 0x0000000756800000| Untracked 
| 181|0x0000000756a00000, 0x0000000756c00000, 0x0000000756c00000|100%| O|  |TAMS 0x0000000756a00000| PB 0x0000000756a00000| Untracked 
| 182|0x0000000756c00000, 0x0000000756e00000, 0x0000000756e00000|100%| O|  |TAMS 0x0000000756c00000| PB 0x0000000756c00000| Untracked 
| 183|0x0000000756e00000, 0x0000000757000000, 0x0000000757000000|100%| O|  |TAMS 0x0000000756e00000| PB 0x0000000756e00000| Untracked 
| 184|0x0000000757000000, 0x0000000757200000, 0x0000000757200000|100%| O|  |TAMS 0x0000000757000000| PB 0x0000000757000000| Untracked 
| 185|0x0000000757200000, 0x0000000757400000, 0x0000000757400000|100%| O|  |TAMS 0x0000000757200000| PB 0x0000000757200000| Untracked 
| 186|0x0000000757400000, 0x0000000757600000, 0x0000000757600000|100%| O|  |TAMS 0x0000000757400000| PB 0x0000000757400000| Untracked 
| 187|0x0000000757600000, 0x0000000757800000, 0x0000000757800000|100%| O|  |TAMS 0x0000000757600000| PB 0x0000000757600000| Untracked 
| 188|0x0000000757800000, 0x0000000757a00000, 0x0000000757a00000|100%| O|  |TAMS 0x0000000757800000| PB 0x0000000757800000| Untracked 
| 189|0x0000000757a00000, 0x0000000757c00000, 0x0000000757c00000|100%| O|  |TAMS 0x0000000757a00000| PB 0x0000000757a00000| Untracked 
| 190|0x0000000757c00000, 0x0000000757e00000, 0x0000000757e00000|100%| O|  |TAMS 0x0000000757c00000| PB 0x0000000757c00000| Untracked 
| 191|0x0000000757e00000, 0x0000000758000000, 0x0000000758000000|100%| O|  |TAMS 0x0000000757e00000| PB 0x0000000757e00000| Untracked 
| 192|0x0000000758000000, 0x0000000758200000, 0x0000000758200000|100%| O|  |TAMS 0x0000000758000000| PB 0x0000000758000000| Untracked 
| 193|0x0000000758200000, 0x0000000758400000, 0x0000000758400000|100%| O|  |TAMS 0x0000000758200000| PB 0x0000000758200000| Untracked 
| 194|0x0000000758400000, 0x0000000758600000, 0x0000000758600000|100%| O|  |TAMS 0x0000000758400000| PB 0x0000000758400000| Untracked 
| 195|0x0000000758600000, 0x0000000758800000, 0x0000000758800000|100%| O|  |TAMS 0x0000000758600000| PB 0x0000000758600000| Untracked 
| 196|0x0000000758800000, 0x0000000758a00000, 0x0000000758a00000|100%| O|  |TAMS 0x0000000758800000| PB 0x0000000758800000| Untracked 
| 197|0x0000000758a00000, 0x0000000758c00000, 0x0000000758c00000|100%| O|Cm|TAMS 0x0000000758a00000| PB 0x0000000758a00000| Complete 
| 198|0x0000000758c00000, 0x0000000758e00000, 0x0000000758e00000|100%| O|Cm|TAMS 0x0000000758c00000| PB 0x0000000758c00000| Complete 
| 199|0x0000000758e00000, 0x0000000759000000, 0x0000000759000000|100%| O|  |TAMS 0x0000000758e00000| PB 0x0000000758e00000| Untracked 
| 200|0x0000000759000000, 0x0000000759200000, 0x0000000759200000|100%| O|  |TAMS 0x0000000759000000| PB 0x0000000759000000| Untracked 
| 201|0x0000000759200000, 0x0000000759400000, 0x0000000759400000|100%| O|  |TAMS 0x0000000759200000| PB 0x0000000759200000| Untracked 
| 202|0x0000000759400000, 0x0000000759600000, 0x0000000759600000|100%| O|  |TAMS 0x0000000759400000| PB 0x0000000759400000| Untracked 
| 203|0x0000000759600000, 0x0000000759800000, 0x0000000759800000|100%| O|  |TAMS 0x0000000759600000| PB 0x0000000759600000| Untracked 
| 204|0x0000000759800000, 0x0000000759800000, 0x0000000759a00000|  0%| F|  |TAMS 0x0000000759800000| PB 0x0000000759800000| Untracked 
| 205|0x0000000759a00000, 0x0000000759c00000, 0x0000000759c00000|100%| O|  |TAMS 0x0000000759a00000| PB 0x0000000759a00000| Untracked 
| 206|0x0000000759c00000, 0x0000000759e00000, 0x0000000759e00000|100%| O|  |TAMS 0x0000000759c00000| PB 0x0000000759c00000| Untracked 
| 207|0x0000000759e00000, 0x000000075a000000, 0x000000075a000000|100%| O|  |TAMS 0x0000000759e00000| PB 0x0000000759e00000| Untracked 
| 208|0x000000075a000000, 0x000000075a200000, 0x000000075a200000|100%| O|  |TAMS 0x000000075a000000| PB 0x000000075a000000| Untracked 
| 209|0x000000075a200000, 0x000000075a400000, 0x000000075a400000|100%| O|  |TAMS 0x000000075a200000| PB 0x000000075a200000| Untracked 
| 210|0x000000075a400000, 0x000000075a400000, 0x000000075a600000|  0%| F|  |TAMS 0x000000075a400000| PB 0x000000075a400000| Untracked 
| 211|0x000000075a600000, 0x000000075a800000, 0x000000075a800000|100%| O|  |TAMS 0x000000075a600000| PB 0x000000075a600000| Untracked 
| 212|0x000000075a800000, 0x000000075aa00000, 0x000000075aa00000|100%| O|  |TAMS 0x000000075a800000| PB 0x000000075a800000| Untracked 
| 213|0x000000075aa00000, 0x000000075aa00000, 0x000000075ac00000|  0%| F|  |TAMS 0x000000075aa00000| PB 0x000000075aa00000| Untracked 
| 214|0x000000075ac00000, 0x000000075ae00000, 0x000000075ae00000|100%| O|  |TAMS 0x000000075ac00000| PB 0x000000075ac00000| Untracked 
| 215|0x000000075ae00000, 0x000000075ae00000, 0x000000075b000000|  0%| F|  |TAMS 0x000000075ae00000| PB 0x000000075ae00000| Untracked 
| 216|0x000000075b000000, 0x000000075b200000, 0x000000075b200000|100%| O|  |TAMS 0x000000075b000000| PB 0x000000075b000000| Untracked 
| 217|0x000000075b200000, 0x000000075b400000, 0x000000075b400000|100%| O|  |TAMS 0x000000075b200000| PB 0x000000075b200000| Untracked 
| 218|0x000000075b400000, 0x000000075b600000, 0x000000075b600000|100%| O|  |TAMS 0x000000075b400000| PB 0x000000075b400000| Untracked 
| 219|0x000000075b600000, 0x000000075b800000, 0x000000075b800000|100%| O|Cm|TAMS 0x000000075b600000| PB 0x000000075b600000| Complete 
| 220|0x000000075b800000, 0x000000075b800000, 0x000000075ba00000|  0%| F|  |TAMS 0x000000075b800000| PB 0x000000075b800000| Untracked 
| 221|0x000000075ba00000, 0x000000075ba00000, 0x000000075bc00000|  0%| F|  |TAMS 0x000000075ba00000| PB 0x000000075ba00000| Untracked 
| 222|0x000000075bc00000, 0x000000075be00000, 0x000000075be00000|100%| O|Cm|TAMS 0x000000075bc00000| PB 0x000000075bc00000| Complete 
| 223|0x000000075be00000, 0x000000075c000000, 0x000000075c000000|100%| O|Cm|TAMS 0x000000075be00000| PB 0x000000075be00000| Complete 
| 224|0x000000075c000000, 0x000000075c200000, 0x000000075c200000|100%| O|Cm|TAMS 0x000000075c000000| PB 0x000000075c000000| Complete 
| 225|0x000000075c200000, 0x000000075c400000, 0x000000075c400000|100%| O|Cm|TAMS 0x000000075c200000| PB 0x000000075c200000| Complete 
| 226|0x000000075c400000, 0x000000075c600000, 0x000000075c600000|100%| O|Cm|TAMS 0x000000075c400000| PB 0x000000075c400000| Complete 
| 227|0x000000075c600000, 0x000000075c800000, 0x000000075c800000|100%| O|Cm|TAMS 0x000000075c600000| PB 0x000000075c600000| Complete 
| 228|0x000000075c800000, 0x000000075ca00000, 0x000000075ca00000|100%| O|Cm|TAMS 0x000000075c800000| PB 0x000000075c800000| Complete 
| 229|0x000000075ca00000, 0x000000075cc00000, 0x000000075cc00000|100%| O|Cm|TAMS 0x000000075ca00000| PB 0x000000075ca00000| Complete 
| 230|0x000000075cc00000, 0x000000075ce00000, 0x000000075ce00000|100%| O|Cm|TAMS 0x000000075cc00000| PB 0x000000075cc00000| Complete 
| 231|0x000000075ce00000, 0x000000075d000000, 0x000000075d000000|100%| O|Cm|TAMS 0x000000075ce00000| PB 0x000000075ce00000| Complete 
| 232|0x000000075d000000, 0x000000075d200000, 0x000000075d200000|100%| O|Cm|TAMS 0x000000075d000000| PB 0x000000075d000000| Complete 
| 233|0x000000075d200000, 0x000000075d400000, 0x000000075d400000|100%| O|Cm|TAMS 0x000000075d200000| PB 0x000000075d200000| Complete 
| 234|0x000000075d400000, 0x000000075d600000, 0x000000075d600000|100%| O|  |TAMS 0x000000075d400000| PB 0x000000075d400000| Untracked 
| 235|0x000000075d600000, 0x000000075d800000, 0x000000075d800000|100%| O|Cm|TAMS 0x000000075d600000| PB 0x000000075d600000| Complete 
| 236|0x000000075d800000, 0x000000075da00000, 0x000000075da00000|100%| O|  |TAMS 0x000000075d800000| PB 0x000000075d800000| Untracked 
| 237|0x000000075da00000, 0x000000075dc00000, 0x000000075dc00000|100%| O|  |TAMS 0x000000075da00000| PB 0x000000075da00000| Untracked 
| 238|0x000000075dc00000, 0x000000075de00000, 0x000000075de00000|100%| O|  |TAMS 0x000000075dc00000| PB 0x000000075dc00000| Untracked 
| 239|0x000000075de00000, 0x000000075de00000, 0x000000075e000000|  0%| F|  |TAMS 0x000000075de00000| PB 0x000000075de00000| Untracked 
| 240|0x000000075e000000, 0x000000075e000000, 0x000000075e200000|  0%| F|  |TAMS 0x000000075e000000| PB 0x000000075e000000| Untracked 
| 241|0x000000075e200000, 0x000000075e200000, 0x000000075e400000|  0%| F|  |TAMS 0x000000075e200000| PB 0x000000075e200000| Untracked 
| 242|0x000000075e400000, 0x000000075e400000, 0x000000075e600000|  0%| F|  |TAMS 0x000000075e400000| PB 0x000000075e400000| Untracked 
| 243|0x000000075e600000, 0x000000075e600000, 0x000000075e800000|  0%| F|  |TAMS 0x000000075e600000| PB 0x000000075e600000| Untracked 
| 244|0x000000075e800000, 0x000000075e800000, 0x000000075ea00000|  0%| F|  |TAMS 0x000000075e800000| PB 0x000000075e800000| Untracked 
| 245|0x000000075ea00000, 0x000000075ea00000, 0x000000075ec00000|  0%| F|  |TAMS 0x000000075ea00000| PB 0x000000075ea00000| Untracked 
| 246|0x000000075ec00000, 0x000000075ec00000, 0x000000075ee00000|  0%| F|  |TAMS 0x000000075ec00000| PB 0x000000075ec00000| Untracked 
| 247|0x000000075ee00000, 0x000000075ee00000, 0x000000075f000000|  0%| F|  |TAMS 0x000000075ee00000| PB 0x000000075ee00000| Untracked 
| 248|0x000000075f000000, 0x000000075f000000, 0x000000075f200000|  0%| F|  |TAMS 0x000000075f000000| PB 0x000000075f000000| Untracked 
| 249|0x000000075f200000, 0x000000075f200000, 0x000000075f400000|  0%| F|  |TAMS 0x000000075f200000| PB 0x000000075f200000| Untracked 
| 250|0x000000075f400000, 0x000000075f400000, 0x000000075f600000|  0%| F|  |TAMS 0x000000075f400000| PB 0x000000075f400000| Untracked 
| 251|0x000000075f600000, 0x000000075f600000, 0x000000075f800000|  0%| F|  |TAMS 0x000000075f600000| PB 0x000000075f600000| Untracked 
| 252|0x000000075f800000, 0x000000075f800000, 0x000000075fa00000|  0%| F|  |TAMS 0x000000075f800000| PB 0x000000075f800000| Untracked 
| 253|0x000000075fa00000, 0x000000075fc00000, 0x000000075fc00000|100%| O|  |TAMS 0x000000075fa00000| PB 0x000000075fa00000| Untracked 
| 254|0x000000075fc00000, 0x000000075fe00000, 0x000000075fe00000|100%| O|  |TAMS 0x000000075fc00000| PB 0x000000075fc00000| Untracked 
| 255|0x000000075fe00000, 0x0000000760000000, 0x0000000760000000|100%| O|  |TAMS 0x000000075fe00000| PB 0x000000075fe00000| Untracked 
| 256|0x0000000760000000, 0x0000000760200000, 0x0000000760200000|100%| O|  |TAMS 0x0000000760000000| PB 0x0000000760000000| Untracked 
| 257|0x0000000760200000, 0x0000000760400000, 0x0000000760400000|100%| O|  |TAMS 0x0000000760200000| PB 0x0000000760200000| Untracked 
| 258|0x0000000760400000, 0x0000000760600000, 0x0000000760600000|100%| O|  |TAMS 0x0000000760400000| PB 0x0000000760400000| Untracked 
| 259|0x0000000760600000, 0x0000000760800000, 0x0000000760800000|100%| O|  |TAMS 0x0000000760600000| PB 0x0000000760600000| Untracked 
| 260|0x0000000760800000, 0x0000000760a00000, 0x0000000760a00000|100%| O|  |TAMS 0x0000000760800000| PB 0x0000000760800000| Untracked 
| 261|0x0000000760a00000, 0x0000000760c00000, 0x0000000760c00000|100%| O|  |TAMS 0x0000000760a00000| PB 0x0000000760a00000| Untracked 
| 262|0x0000000760c00000, 0x0000000760e00000, 0x0000000760e00000|100%| O|  |TAMS 0x0000000760c00000| PB 0x0000000760c00000| Untracked 
| 263|0x0000000760e00000, 0x0000000761000000, 0x0000000761000000|100%| O|  |TAMS 0x0000000760e00000| PB 0x0000000760e00000| Untracked 
| 264|0x0000000761000000, 0x0000000761200000, 0x0000000761200000|100%| O|  |TAMS 0x0000000761000000| PB 0x0000000761000000| Untracked 
| 265|0x0000000761200000, 0x0000000761400000, 0x0000000761400000|100%| O|  |TAMS 0x0000000761200000| PB 0x0000000761200000| Untracked 
| 266|0x0000000761400000, 0x0000000761600000, 0x0000000761600000|100%| O|  |TAMS 0x0000000761400000| PB 0x0000000761400000| Untracked 
| 267|0x0000000761600000, 0x0000000761800000, 0x0000000761800000|100%| O|  |TAMS 0x0000000761600000| PB 0x0000000761600000| Untracked 
| 268|0x0000000761800000, 0x0000000761a00000, 0x0000000761a00000|100%| O|  |TAMS 0x0000000761800000| PB 0x0000000761800000| Untracked 
| 269|0x0000000761a00000, 0x0000000761c00000, 0x0000000761c00000|100%| O|  |TAMS 0x0000000761a00000| PB 0x0000000761a00000| Untracked 
| 270|0x0000000761c00000, 0x0000000761e00000, 0x0000000761e00000|100%| O|  |TAMS 0x0000000761c00000| PB 0x0000000761c00000| Untracked 
| 271|0x0000000761e00000, 0x0000000762000000, 0x0000000762000000|100%| O|  |TAMS 0x0000000761e00000| PB 0x0000000761e00000| Untracked 
| 272|0x0000000762000000, 0x0000000762200000, 0x0000000762200000|100%| O|  |TAMS 0x0000000762000000| PB 0x0000000762000000| Untracked 
| 273|0x0000000762200000, 0x0000000762400000, 0x0000000762400000|100%| O|  |TAMS 0x0000000762200000| PB 0x0000000762200000| Untracked 
| 274|0x0000000762400000, 0x0000000762600000, 0x0000000762600000|100%| O|  |TAMS 0x0000000762400000| PB 0x0000000762400000| Untracked 
| 275|0x0000000762600000, 0x0000000762800000, 0x0000000762800000|100%| O|  |TAMS 0x0000000762600000| PB 0x0000000762600000| Untracked 
| 276|0x0000000762800000, 0x0000000762a00000, 0x0000000762a00000|100%| O|  |TAMS 0x0000000762800000| PB 0x0000000762800000| Untracked 
| 277|0x0000000762a00000, 0x0000000762c00000, 0x0000000762c00000|100%| O|  |TAMS 0x0000000762a00000| PB 0x0000000762a00000| Untracked 
| 278|0x0000000762c00000, 0x0000000762e00000, 0x0000000762e00000|100%| O|  |TAMS 0x0000000762c00000| PB 0x0000000762c00000| Untracked 
| 279|0x0000000762e00000, 0x0000000762e00000, 0x0000000763000000|  0%| F|  |TAMS 0x0000000762e00000| PB 0x0000000762e00000| Untracked 
| 280|0x0000000763000000, 0x0000000763000000, 0x0000000763200000|  0%| F|  |TAMS 0x0000000763000000| PB 0x0000000763000000| Untracked 
| 281|0x0000000763200000, 0x0000000763200000, 0x0000000763400000|  0%| F|  |TAMS 0x0000000763200000| PB 0x0000000763200000| Untracked 
| 282|0x0000000763400000, 0x0000000763400000, 0x0000000763600000|  0%| F|  |TAMS 0x0000000763400000| PB 0x0000000763400000| Untracked 
| 283|0x0000000763600000, 0x0000000763600000, 0x0000000763800000|  0%| F|  |TAMS 0x0000000763600000| PB 0x0000000763600000| Untracked 
| 284|0x0000000763800000, 0x0000000763800000, 0x0000000763a00000|  0%| F|  |TAMS 0x0000000763800000| PB 0x0000000763800000| Untracked 
| 285|0x0000000763a00000, 0x0000000763a00000, 0x0000000763c00000|  0%| F|  |TAMS 0x0000000763a00000| PB 0x0000000763a00000| Untracked 
| 286|0x0000000763c00000, 0x0000000763c00000, 0x0000000763e00000|  0%| F|  |TAMS 0x0000000763c00000| PB 0x0000000763c00000| Untracked 
| 287|0x0000000763e00000, 0x0000000763e00000, 0x0000000764000000|  0%| F|  |TAMS 0x0000000763e00000| PB 0x0000000763e00000| Untracked 
| 288|0x0000000764000000, 0x0000000764000000, 0x0000000764200000|  0%| F|  |TAMS 0x0000000764000000| PB 0x0000000764000000| Untracked 
| 289|0x0000000764200000, 0x0000000764200000, 0x0000000764400000|  0%| F|  |TAMS 0x0000000764200000| PB 0x0000000764200000| Untracked 
| 290|0x0000000764400000, 0x0000000764400000, 0x0000000764600000|  0%| F|  |TAMS 0x0000000764400000| PB 0x0000000764400000| Untracked 
| 291|0x0000000764600000, 0x0000000764600000, 0x0000000764800000|  0%| F|  |TAMS 0x0000000764600000| PB 0x0000000764600000| Untracked 
| 292|0x0000000764800000, 0x0000000764800000, 0x0000000764a00000|  0%| F|  |TAMS 0x0000000764800000| PB 0x0000000764800000| Untracked 
| 293|0x0000000764a00000, 0x0000000764a00000, 0x0000000764c00000|  0%| F|  |TAMS 0x0000000764a00000| PB 0x0000000764a00000| Untracked 
| 294|0x0000000764c00000, 0x0000000764c00000, 0x0000000764e00000|  0%| F|  |TAMS 0x0000000764c00000| PB 0x0000000764c00000| Untracked 
| 295|0x0000000764e00000, 0x0000000764e00000, 0x0000000765000000|  0%| F|  |TAMS 0x0000000764e00000| PB 0x0000000764e00000| Untracked 
| 296|0x0000000765000000, 0x0000000765000000, 0x0000000765200000|  0%| F|  |TAMS 0x0000000765000000| PB 0x0000000765000000| Untracked 
| 297|0x0000000765200000, 0x0000000765200000, 0x0000000765400000|  0%| F|  |TAMS 0x0000000765200000| PB 0x0000000765200000| Untracked 
| 298|0x0000000765400000, 0x0000000765400000, 0x0000000765600000|  0%| F|  |TAMS 0x0000000765400000| PB 0x0000000765400000| Untracked 
| 299|0x0000000765600000, 0x0000000765600000, 0x0000000765800000|  0%| F|  |TAMS 0x0000000765600000| PB 0x0000000765600000| Untracked 
| 300|0x0000000765800000, 0x0000000765800000, 0x0000000765a00000|  0%| F|  |TAMS 0x0000000765800000| PB 0x0000000765800000| Untracked 
| 301|0x0000000765a00000, 0x0000000765a00000, 0x0000000765c00000|  0%| F|  |TAMS 0x0000000765a00000| PB 0x0000000765a00000| Untracked 
| 302|0x0000000765c00000, 0x0000000765c00000, 0x0000000765e00000|  0%| F|  |TAMS 0x0000000765c00000| PB 0x0000000765c00000| Untracked 
| 303|0x0000000765e00000, 0x0000000765e00000, 0x0000000766000000|  0%| F|  |TAMS 0x0000000765e00000| PB 0x0000000765e00000| Untracked 
| 304|0x0000000766000000, 0x0000000766000000, 0x0000000766200000|  0%| F|  |TAMS 0x0000000766000000| PB 0x0000000766000000| Untracked 
| 305|0x0000000766200000, 0x0000000766200000, 0x0000000766400000|  0%| F|  |TAMS 0x0000000766200000| PB 0x0000000766200000| Untracked 
| 306|0x0000000766400000, 0x0000000766400000, 0x0000000766600000|  0%| F|  |TAMS 0x0000000766400000| PB 0x0000000766400000| Untracked 
| 307|0x0000000766600000, 0x0000000766600000, 0x0000000766800000|  0%| F|  |TAMS 0x0000000766600000| PB 0x0000000766600000| Untracked 
| 308|0x0000000766800000, 0x0000000766800000, 0x0000000766a00000|  0%| F|  |TAMS 0x0000000766800000| PB 0x0000000766800000| Untracked 
| 309|0x0000000766a00000, 0x0000000766a00000, 0x0000000766c00000|  0%| F|  |TAMS 0x0000000766a00000| PB 0x0000000766a00000| Untracked 
| 310|0x0000000766c00000, 0x0000000766c00000, 0x0000000766e00000|  0%| F|  |TAMS 0x0000000766c00000| PB 0x0000000766c00000| Untracked 
| 311|0x0000000766e00000, 0x0000000766e00000, 0x0000000767000000|  0%| F|  |TAMS 0x0000000766e00000| PB 0x0000000766e00000| Untracked 
| 312|0x0000000767000000, 0x0000000767000000, 0x0000000767200000|  0%| F|  |TAMS 0x0000000767000000| PB 0x0000000767000000| Untracked 
| 313|0x0000000767200000, 0x0000000767200000, 0x0000000767400000|  0%| F|  |TAMS 0x0000000767200000| PB 0x0000000767200000| Untracked 
| 314|0x0000000767400000, 0x0000000767400000, 0x0000000767600000|  0%| F|  |TAMS 0x0000000767400000| PB 0x0000000767400000| Untracked 
| 315|0x0000000767600000, 0x0000000767600000, 0x0000000767800000|  0%| F|  |TAMS 0x0000000767600000| PB 0x0000000767600000| Untracked 
| 316|0x0000000767800000, 0x0000000767800000, 0x0000000767a00000|  0%| F|  |TAMS 0x0000000767800000| PB 0x0000000767800000| Untracked 
| 317|0x0000000767a00000, 0x0000000767a00000, 0x0000000767c00000|  0%| F|  |TAMS 0x0000000767a00000| PB 0x0000000767a00000| Untracked 
| 318|0x0000000767c00000, 0x0000000767c00000, 0x0000000767e00000|  0%| F|  |TAMS 0x0000000767c00000| PB 0x0000000767c00000| Untracked 
| 319|0x0000000767e00000, 0x0000000767e00000, 0x0000000768000000|  0%| F|  |TAMS 0x0000000767e00000| PB 0x0000000767e00000| Untracked 
| 320|0x0000000768000000, 0x0000000768000000, 0x0000000768200000|  0%| F|  |TAMS 0x0000000768000000| PB 0x0000000768000000| Untracked 
| 321|0x0000000768200000, 0x0000000768200000, 0x0000000768400000|  0%| F|  |TAMS 0x0000000768200000| PB 0x0000000768200000| Untracked 
| 322|0x0000000768400000, 0x0000000768400000, 0x0000000768600000|  0%| F|  |TAMS 0x0000000768400000| PB 0x0000000768400000| Untracked 
| 323|0x0000000768600000, 0x0000000768600000, 0x0000000768800000|  0%| F|  |TAMS 0x0000000768600000| PB 0x0000000768600000| Untracked 
| 324|0x0000000768800000, 0x0000000768800000, 0x0000000768a00000|  0%| F|  |TAMS 0x0000000768800000| PB 0x0000000768800000| Untracked 
| 325|0x0000000768a00000, 0x0000000768a00000, 0x0000000768c00000|  0%| F|  |TAMS 0x0000000768a00000| PB 0x0000000768a00000| Untracked 
| 326|0x0000000768c00000, 0x0000000768c00000, 0x0000000768e00000|  0%| F|  |TAMS 0x0000000768c00000| PB 0x0000000768c00000| Untracked 
| 327|0x0000000768e00000, 0x0000000768e00000, 0x0000000769000000|  0%| F|  |TAMS 0x0000000768e00000| PB 0x0000000768e00000| Untracked 
| 328|0x0000000769000000, 0x0000000769000000, 0x0000000769200000|  0%| F|  |TAMS 0x0000000769000000| PB 0x0000000769000000| Untracked 
| 329|0x0000000769200000, 0x0000000769200000, 0x0000000769400000|  0%| F|  |TAMS 0x0000000769200000| PB 0x0000000769200000| Untracked 
| 330|0x0000000769400000, 0x0000000769400000, 0x0000000769600000|  0%| F|  |TAMS 0x0000000769400000| PB 0x0000000769400000| Untracked 
| 331|0x0000000769600000, 0x0000000769600000, 0x0000000769800000|  0%| F|  |TAMS 0x0000000769600000| PB 0x0000000769600000| Untracked 
| 332|0x0000000769800000, 0x0000000769800000, 0x0000000769a00000|  0%| F|  |TAMS 0x0000000769800000| PB 0x0000000769800000| Untracked 
| 333|0x0000000769a00000, 0x0000000769a00000, 0x0000000769c00000|  0%| F|  |TAMS 0x0000000769a00000| PB 0x0000000769a00000| Untracked 
| 334|0x0000000769c00000, 0x0000000769c00000, 0x0000000769e00000|  0%| F|  |TAMS 0x0000000769c00000| PB 0x0000000769c00000| Untracked 
| 335|0x0000000769e00000, 0x0000000769e00000, 0x000000076a000000|  0%| F|  |TAMS 0x0000000769e00000| PB 0x0000000769e00000| Untracked 
| 336|0x000000076a000000, 0x000000076a000000, 0x000000076a200000|  0%| F|  |TAMS 0x000000076a000000| PB 0x000000076a000000| Untracked 
| 337|0x000000076a200000, 0x000000076a200000, 0x000000076a400000|  0%| F|  |TAMS 0x000000076a200000| PB 0x000000076a200000| Untracked 
| 338|0x000000076a400000, 0x000000076a400000, 0x000000076a600000|  0%| F|  |TAMS 0x000000076a400000| PB 0x000000076a400000| Untracked 
| 339|0x000000076a600000, 0x000000076a600000, 0x000000076a800000|  0%| F|  |TAMS 0x000000076a600000| PB 0x000000076a600000| Untracked 
| 340|0x000000076a800000, 0x000000076a800000, 0x000000076aa00000|  0%| F|  |TAMS 0x000000076a800000| PB 0x000000076a800000| Untracked 
| 341|0x000000076aa00000, 0x000000076aa00000, 0x000000076ac00000|  0%| F|  |TAMS 0x000000076aa00000| PB 0x000000076aa00000| Untracked 
| 342|0x000000076ac00000, 0x000000076ac00000, 0x000000076ae00000|  0%| F|  |TAMS 0x000000076ac00000| PB 0x000000076ac00000| Untracked 
| 343|0x000000076ae00000, 0x000000076ae00000, 0x000000076b000000|  0%| F|  |TAMS 0x000000076ae00000| PB 0x000000076ae00000| Untracked 
| 344|0x000000076b000000, 0x000000076b000000, 0x000000076b200000|  0%| F|  |TAMS 0x000000076b000000| PB 0x000000076b000000| Untracked 
| 345|0x000000076b200000, 0x000000076b200000, 0x000000076b400000|  0%| F|  |TAMS 0x000000076b200000| PB 0x000000076b200000| Untracked 
| 346|0x000000076b400000, 0x000000076b400000, 0x000000076b600000|  0%| F|  |TAMS 0x000000076b400000| PB 0x000000076b400000| Untracked 
| 347|0x000000076b600000, 0x000000076b600000, 0x000000076b800000|  0%| F|  |TAMS 0x000000076b600000| PB 0x000000076b600000| Untracked 
| 348|0x000000076b800000, 0x000000076b800000, 0x000000076ba00000|  0%| F|  |TAMS 0x000000076b800000| PB 0x000000076b800000| Untracked 
| 349|0x000000076ba00000, 0x000000076ba00000, 0x000000076bc00000|  0%| F|  |TAMS 0x000000076ba00000| PB 0x000000076ba00000| Untracked 
| 350|0x000000076bc00000, 0x000000076bc00000, 0x000000076be00000|  0%| F|  |TAMS 0x000000076bc00000| PB 0x000000076bc00000| Untracked 
| 351|0x000000076be00000, 0x000000076be00000, 0x000000076c000000|  0%| F|  |TAMS 0x000000076be00000| PB 0x000000076be00000| Untracked 
| 352|0x000000076c000000, 0x000000076c000000, 0x000000076c200000|  0%| F|  |TAMS 0x000000076c000000| PB 0x000000076c000000| Untracked 
| 353|0x000000076c200000, 0x000000076c200000, 0x000000076c400000|  0%| F|  |TAMS 0x000000076c200000| PB 0x000000076c200000| Untracked 
| 354|0x000000076c400000, 0x000000076c400000, 0x000000076c600000|  0%| F|  |TAMS 0x000000076c400000| PB 0x000000076c400000| Untracked 
| 355|0x000000076c600000, 0x000000076c600000, 0x000000076c800000|  0%| F|  |TAMS 0x000000076c600000| PB 0x000000076c600000| Untracked 
| 356|0x000000076c800000, 0x000000076c800000, 0x000000076ca00000|  0%| F|  |TAMS 0x000000076c800000| PB 0x000000076c800000| Untracked 
| 357|0x000000076ca00000, 0x000000076ca00000, 0x000000076cc00000|  0%| F|  |TAMS 0x000000076ca00000| PB 0x000000076ca00000| Untracked 
| 358|0x000000076cc00000, 0x000000076cc00000, 0x000000076ce00000|  0%| F|  |TAMS 0x000000076cc00000| PB 0x000000076cc00000| Untracked 
| 359|0x000000076ce00000, 0x000000076ce00000, 0x000000076d000000|  0%| F|  |TAMS 0x000000076ce00000| PB 0x000000076ce00000| Untracked 
| 360|0x000000076d000000, 0x000000076d000000, 0x000000076d200000|  0%| F|  |TAMS 0x000000076d000000| PB 0x000000076d000000| Untracked 
| 361|0x000000076d200000, 0x000000076d200000, 0x000000076d400000|  0%| F|  |TAMS 0x000000076d200000| PB 0x000000076d200000| Untracked 
| 362|0x000000076d400000, 0x000000076d400000, 0x000000076d600000|  0%| F|  |TAMS 0x000000076d400000| PB 0x000000076d400000| Untracked 
| 363|0x000000076d600000, 0x000000076d600000, 0x000000076d800000|  0%| F|  |TAMS 0x000000076d600000| PB 0x000000076d600000| Untracked 
| 364|0x000000076d800000, 0x000000076d800000, 0x000000076da00000|  0%| F|  |TAMS 0x000000076d800000| PB 0x000000076d800000| Untracked 
| 365|0x000000076da00000, 0x000000076da00000, 0x000000076dc00000|  0%| F|  |TAMS 0x000000076da00000| PB 0x000000076da00000| Untracked 
| 366|0x000000076dc00000, 0x000000076dc00000, 0x000000076de00000|  0%| F|  |TAMS 0x000000076dc00000| PB 0x000000076dc00000| Untracked 
| 367|0x000000076de00000, 0x000000076de00000, 0x000000076e000000|  0%| F|  |TAMS 0x000000076de00000| PB 0x000000076de00000| Untracked 
| 368|0x000000076e000000, 0x000000076e000000, 0x000000076e200000|  0%| F|  |TAMS 0x000000076e000000| PB 0x000000076e000000| Untracked 
| 369|0x000000076e200000, 0x000000076e200000, 0x000000076e400000|  0%| F|  |TAMS 0x000000076e200000| PB 0x000000076e200000| Untracked 
| 370|0x000000076e400000, 0x000000076e400000, 0x000000076e600000|  0%| F|  |TAMS 0x000000076e400000| PB 0x000000076e400000| Untracked 
| 371|0x000000076e600000, 0x000000076e600000, 0x000000076e800000|  0%| F|  |TAMS 0x000000076e600000| PB 0x000000076e600000| Untracked 
| 372|0x000000076e800000, 0x000000076e800000, 0x000000076ea00000|  0%| F|  |TAMS 0x000000076e800000| PB 0x000000076e800000| Untracked 
| 373|0x000000076ea00000, 0x000000076ea00000, 0x000000076ec00000|  0%| F|  |TAMS 0x000000076ea00000| PB 0x000000076ea00000| Untracked 
| 374|0x000000076ec00000, 0x000000076ec00000, 0x000000076ee00000|  0%| F|  |TAMS 0x000000076ec00000| PB 0x000000076ec00000| Untracked 
| 375|0x000000076ee00000, 0x000000076ee00000, 0x000000076f000000|  0%| F|  |TAMS 0x000000076ee00000| PB 0x000000076ee00000| Untracked 
| 376|0x000000076f000000, 0x000000076f000000, 0x000000076f200000|  0%| F|  |TAMS 0x000000076f000000| PB 0x000000076f000000| Untracked 
| 377|0x000000076f200000, 0x000000076f200000, 0x000000076f400000|  0%| F|  |TAMS 0x000000076f200000| PB 0x000000076f200000| Untracked 
| 378|0x000000076f400000, 0x000000076f400000, 0x000000076f600000|  0%| F|  |TAMS 0x000000076f400000| PB 0x000000076f400000| Untracked 
| 379|0x000000076f600000, 0x000000076f600000, 0x000000076f800000|  0%| F|  |TAMS 0x000000076f600000| PB 0x000000076f600000| Untracked 
| 380|0x000000076f800000, 0x000000076f800000, 0x000000076fa00000|  0%| F|  |TAMS 0x000000076f800000| PB 0x000000076f800000| Untracked 
| 381|0x000000076fa00000, 0x000000076fa00000, 0x000000076fc00000|  0%| F|  |TAMS 0x000000076fa00000| PB 0x000000076fa00000| Untracked 
| 382|0x000000076fc00000, 0x000000076fc00000, 0x000000076fe00000|  0%| F|  |TAMS 0x000000076fc00000| PB 0x000000076fc00000| Untracked 
| 383|0x000000076fe00000, 0x000000076fe00000, 0x0000000770000000|  0%| F|  |TAMS 0x000000076fe00000| PB 0x000000076fe00000| Untracked 
| 384|0x0000000770000000, 0x0000000770000000, 0x0000000770200000|  0%| F|  |TAMS 0x0000000770000000| PB 0x0000000770000000| Untracked 
| 385|0x0000000770200000, 0x0000000770200000, 0x0000000770400000|  0%| F|  |TAMS 0x0000000770200000| PB 0x0000000770200000| Untracked 
| 386|0x0000000770400000, 0x0000000770400000, 0x0000000770600000|  0%| F|  |TAMS 0x0000000770400000| PB 0x0000000770400000| Untracked 
| 387|0x0000000770600000, 0x0000000770600000, 0x0000000770800000|  0%| F|  |TAMS 0x0000000770600000| PB 0x0000000770600000| Untracked 
| 388|0x0000000770800000, 0x0000000770800000, 0x0000000770a00000|  0%| F|  |TAMS 0x0000000770800000| PB 0x0000000770800000| Untracked 
| 389|0x0000000770a00000, 0x0000000770a00000, 0x0000000770c00000|  0%| F|  |TAMS 0x0000000770a00000| PB 0x0000000770a00000| Untracked 
| 390|0x0000000770c00000, 0x0000000770c00000, 0x0000000770e00000|  0%| F|  |TAMS 0x0000000770c00000| PB 0x0000000770c00000| Untracked 
| 391|0x0000000770e00000, 0x0000000770e00000, 0x0000000771000000|  0%| F|  |TAMS 0x0000000770e00000| PB 0x0000000770e00000| Untracked 
| 392|0x0000000771000000, 0x0000000771000000, 0x0000000771200000|  0%| F|  |TAMS 0x0000000771000000| PB 0x0000000771000000| Untracked 
| 393|0x0000000771200000, 0x0000000771200000, 0x0000000771400000|  0%| F|  |TAMS 0x0000000771200000| PB 0x0000000771200000| Untracked 
| 394|0x0000000771400000, 0x0000000771400000, 0x0000000771600000|  0%| F|  |TAMS 0x0000000771400000| PB 0x0000000771400000| Untracked 
| 395|0x0000000771600000, 0x0000000771600000, 0x0000000771800000|  0%| F|  |TAMS 0x0000000771600000| PB 0x0000000771600000| Untracked 
| 396|0x0000000771800000, 0x0000000771800000, 0x0000000771a00000|  0%| F|  |TAMS 0x0000000771800000| PB 0x0000000771800000| Untracked 
| 397|0x0000000771a00000, 0x0000000771a00000, 0x0000000771c00000|  0%| F|  |TAMS 0x0000000771a00000| PB 0x0000000771a00000| Untracked 
| 398|0x0000000771c00000, 0x0000000771c00000, 0x0000000771e00000|  0%| F|  |TAMS 0x0000000771c00000| PB 0x0000000771c00000| Untracked 
| 399|0x0000000771e00000, 0x0000000771e00000, 0x0000000772000000|  0%| F|  |TAMS 0x0000000771e00000| PB 0x0000000771e00000| Untracked 
| 400|0x0000000772000000, 0x0000000772000000, 0x0000000772200000|  0%| F|  |TAMS 0x0000000772000000| PB 0x0000000772000000| Untracked 
| 401|0x0000000772200000, 0x0000000772200000, 0x0000000772400000|  0%| F|  |TAMS 0x0000000772200000| PB 0x0000000772200000| Untracked 
| 402|0x0000000772400000, 0x0000000772400000, 0x0000000772600000|  0%| F|  |TAMS 0x0000000772400000| PB 0x0000000772400000| Untracked 
| 403|0x0000000772600000, 0x0000000772600000, 0x0000000772800000|  0%| F|  |TAMS 0x0000000772600000| PB 0x0000000772600000| Untracked 
| 404|0x0000000772800000, 0x0000000772800000, 0x0000000772a00000|  0%| F|  |TAMS 0x0000000772800000| PB 0x0000000772800000| Untracked 
| 405|0x0000000772a00000, 0x0000000772a00000, 0x0000000772c00000|  0%| F|  |TAMS 0x0000000772a00000| PB 0x0000000772a00000| Untracked 
| 406|0x0000000772c00000, 0x0000000772c00000, 0x0000000772e00000|  0%| F|  |TAMS 0x0000000772c00000| PB 0x0000000772c00000| Untracked 
| 407|0x0000000772e00000, 0x0000000772e00000, 0x0000000773000000|  0%| F|  |TAMS 0x0000000772e00000| PB 0x0000000772e00000| Untracked 
| 408|0x0000000773000000, 0x0000000773000000, 0x0000000773200000|  0%| F|  |TAMS 0x0000000773000000| PB 0x0000000773000000| Untracked 
| 409|0x0000000773200000, 0x0000000773200000, 0x0000000773400000|  0%| F|  |TAMS 0x0000000773200000| PB 0x0000000773200000| Untracked 
| 410|0x0000000773400000, 0x0000000773400000, 0x0000000773600000|  0%| F|  |TAMS 0x0000000773400000| PB 0x0000000773400000| Untracked 
| 411|0x0000000773600000, 0x0000000773600000, 0x0000000773800000|  0%| F|  |TAMS 0x0000000773600000| PB 0x0000000773600000| Untracked 
| 412|0x0000000773800000, 0x0000000773800000, 0x0000000773a00000|  0%| F|  |TAMS 0x0000000773800000| PB 0x0000000773800000| Untracked 
| 413|0x0000000773a00000, 0x0000000773a00000, 0x0000000773c00000|  0%| F|  |TAMS 0x0000000773a00000| PB 0x0000000773a00000| Untracked 
| 414|0x0000000773c00000, 0x0000000773c00000, 0x0000000773e00000|  0%| F|  |TAMS 0x0000000773c00000| PB 0x0000000773c00000| Untracked 
| 415|0x0000000773e00000, 0x0000000773e00000, 0x0000000774000000|  0%| F|  |TAMS 0x0000000773e00000| PB 0x0000000773e00000| Untracked 
| 416|0x0000000774000000, 0x0000000774000000, 0x0000000774200000|  0%| F|  |TAMS 0x0000000774000000| PB 0x0000000774000000| Untracked 
| 417|0x0000000774200000, 0x0000000774200000, 0x0000000774400000|  0%| F|  |TAMS 0x0000000774200000| PB 0x0000000774200000| Untracked 
| 418|0x0000000774400000, 0x0000000774600000, 0x0000000774600000|100%| S|CS|TAMS 0x0000000774400000| PB 0x0000000774400000| Complete 
| 419|0x0000000774600000, 0x0000000774600000, 0x0000000774800000|  0%| F|  |TAMS 0x0000000774600000| PB 0x0000000774600000| Untracked 
| 420|0x0000000774800000, 0x0000000774800000, 0x0000000774a00000|  0%| F|  |TAMS 0x0000000774800000| PB 0x0000000774800000| Untracked 
| 421|0x0000000774a00000, 0x0000000774a00000, 0x0000000774c00000|  0%| F|  |TAMS 0x0000000774a00000| PB 0x0000000774a00000| Untracked 
| 422|0x0000000774c00000, 0x0000000774c00000, 0x0000000774e00000|  0%| F|  |TAMS 0x0000000774c00000| PB 0x0000000774c00000| Untracked 
| 423|0x0000000774e00000, 0x0000000774e00000, 0x0000000775000000|  0%| F|  |TAMS 0x0000000774e00000| PB 0x0000000774e00000| Untracked 
| 424|0x0000000775000000, 0x0000000775000000, 0x0000000775200000|  0%| F|  |TAMS 0x0000000775000000| PB 0x0000000775000000| Untracked 
| 425|0x0000000775200000, 0x0000000775200000, 0x0000000775400000|  0%| F|  |TAMS 0x0000000775200000| PB 0x0000000775200000| Untracked 
| 426|0x0000000775400000, 0x0000000775400000, 0x0000000775600000|  0%| F|  |TAMS 0x0000000775400000| PB 0x0000000775400000| Untracked 
| 427|0x0000000775600000, 0x0000000775600000, 0x0000000775800000|  0%| F|  |TAMS 0x0000000775600000| PB 0x0000000775600000| Untracked 
| 428|0x0000000775800000, 0x0000000775800000, 0x0000000775a00000|  0%| F|  |TAMS 0x0000000775800000| PB 0x0000000775800000| Untracked 
| 429|0x0000000775a00000, 0x0000000775a00000, 0x0000000775c00000|  0%| F|  |TAMS 0x0000000775a00000| PB 0x0000000775a00000| Untracked 
| 430|0x0000000775c00000, 0x0000000775c00000, 0x0000000775e00000|  0%| F|  |TAMS 0x0000000775c00000| PB 0x0000000775c00000| Untracked 
| 431|0x0000000775e00000, 0x0000000775e00000, 0x0000000776000000|  0%| F|  |TAMS 0x0000000775e00000| PB 0x0000000775e00000| Untracked 
| 432|0x0000000776000000, 0x0000000776000000, 0x0000000776200000|  0%| F|  |TAMS 0x0000000776000000| PB 0x0000000776000000| Untracked 
| 433|0x0000000776200000, 0x0000000776200000, 0x0000000776400000|  0%| F|  |TAMS 0x0000000776200000| PB 0x0000000776200000| Untracked 
| 434|0x0000000776400000, 0x0000000776400000, 0x0000000776600000|  0%| F|  |TAMS 0x0000000776400000| PB 0x0000000776400000| Untracked 
| 435|0x0000000776600000, 0x0000000776600000, 0x0000000776800000|  0%| F|  |TAMS 0x0000000776600000| PB 0x0000000776600000| Untracked 
| 436|0x0000000776800000, 0x0000000776800000, 0x0000000776a00000|  0%| F|  |TAMS 0x0000000776800000| PB 0x0000000776800000| Untracked 
| 437|0x0000000776a00000, 0x0000000776a00000, 0x0000000776c00000|  0%| F|  |TAMS 0x0000000776a00000| PB 0x0000000776a00000| Untracked 
| 438|0x0000000776c00000, 0x0000000776c00000, 0x0000000776e00000|  0%| F|  |TAMS 0x0000000776c00000| PB 0x0000000776c00000| Untracked 
| 439|0x0000000776e00000, 0x0000000776e00000, 0x0000000777000000|  0%| F|  |TAMS 0x0000000776e00000| PB 0x0000000776e00000| Untracked 
| 440|0x0000000777000000, 0x0000000777000000, 0x0000000777200000|  0%| F|  |TAMS 0x0000000777000000| PB 0x0000000777000000| Untracked 
| 441|0x0000000777200000, 0x0000000777200000, 0x0000000777400000|  0%| F|  |TAMS 0x0000000777200000| PB 0x0000000777200000| Untracked 
| 442|0x0000000777400000, 0x0000000777400000, 0x0000000777600000|  0%| F|  |TAMS 0x0000000777400000| PB 0x0000000777400000| Untracked 
| 443|0x0000000777600000, 0x0000000777600000, 0x0000000777800000|  0%| F|  |TAMS 0x0000000777600000| PB 0x0000000777600000| Untracked 
| 444|0x0000000777800000, 0x0000000777800000, 0x0000000777a00000|  0%| F|  |TAMS 0x0000000777800000| PB 0x0000000777800000| Untracked 
| 445|0x0000000777a00000, 0x0000000777a00000, 0x0000000777c00000|  0%| F|  |TAMS 0x0000000777a00000| PB 0x0000000777a00000| Untracked 
| 446|0x0000000777c00000, 0x0000000777c00000, 0x0000000777e00000|  0%| F|  |TAMS 0x0000000777c00000| PB 0x0000000777c00000| Untracked 
| 447|0x0000000777e00000, 0x0000000777e00000, 0x0000000778000000|  0%| F|  |TAMS 0x0000000777e00000| PB 0x0000000777e00000| Untracked 
| 448|0x0000000778000000, 0x0000000778000000, 0x0000000778200000|  0%| F|  |TAMS 0x0000000778000000| PB 0x0000000778000000| Untracked 
| 449|0x0000000778200000, 0x0000000778200000, 0x0000000778400000|  0%| F|  |TAMS 0x0000000778200000| PB 0x0000000778200000| Untracked 
| 450|0x0000000778400000, 0x0000000778400000, 0x0000000778600000|  0%| F|  |TAMS 0x0000000778400000| PB 0x0000000778400000| Untracked 
| 451|0x0000000778600000, 0x0000000778600000, 0x0000000778800000|  0%| F|  |TAMS 0x0000000778600000| PB 0x0000000778600000| Untracked 
| 452|0x0000000778800000, 0x0000000778800000, 0x0000000778a00000|  0%| F|  |TAMS 0x0000000778800000| PB 0x0000000778800000| Untracked 
| 453|0x0000000778a00000, 0x0000000778a00000, 0x0000000778c00000|  0%| F|  |TAMS 0x0000000778a00000| PB 0x0000000778a00000| Untracked 
| 454|0x0000000778c00000, 0x0000000778c00000, 0x0000000778e00000|  0%| F|  |TAMS 0x0000000778c00000| PB 0x0000000778c00000| Untracked 
| 455|0x0000000778e00000, 0x0000000778e00000, 0x0000000779000000|  0%| F|  |TAMS 0x0000000778e00000| PB 0x0000000778e00000| Untracked 
| 456|0x0000000779000000, 0x0000000779000000, 0x0000000779200000|  0%| F|  |TAMS 0x0000000779000000| PB 0x0000000779000000| Untracked 
| 457|0x0000000779200000, 0x0000000779200000, 0x0000000779400000|  0%| F|  |TAMS 0x0000000779200000| PB 0x0000000779200000| Untracked 
| 458|0x0000000779400000, 0x0000000779400000, 0x0000000779600000|  0%| F|  |TAMS 0x0000000779400000| PB 0x0000000779400000| Untracked 
| 459|0x0000000779600000, 0x0000000779600000, 0x0000000779800000|  0%| F|  |TAMS 0x0000000779600000| PB 0x0000000779600000| Untracked 
| 460|0x0000000779800000, 0x0000000779800000, 0x0000000779a00000|  0%| F|  |TAMS 0x0000000779800000| PB 0x0000000779800000| Untracked 
| 461|0x0000000779a00000, 0x0000000779a00000, 0x0000000779c00000|  0%| F|  |TAMS 0x0000000779a00000| PB 0x0000000779a00000| Untracked 
| 462|0x0000000779c00000, 0x0000000779c00000, 0x0000000779e00000|  0%| F|  |TAMS 0x0000000779c00000| PB 0x0000000779c00000| Untracked 
| 463|0x0000000779e00000, 0x0000000779e00000, 0x000000077a000000|  0%| F|  |TAMS 0x0000000779e00000| PB 0x0000000779e00000| Untracked 
| 464|0x000000077a000000, 0x000000077a000000, 0x000000077a200000|  0%| F|  |TAMS 0x000000077a000000| PB 0x000000077a000000| Untracked 
| 465|0x000000077a200000, 0x000000077a200000, 0x000000077a400000|  0%| F|  |TAMS 0x000000077a200000| PB 0x000000077a200000| Untracked 
| 466|0x000000077a400000, 0x000000077a400000, 0x000000077a600000|  0%| F|  |TAMS 0x000000077a400000| PB 0x000000077a400000| Untracked 
| 467|0x000000077a600000, 0x000000077a600000, 0x000000077a800000|  0%| F|  |TAMS 0x000000077a600000| PB 0x000000077a600000| Untracked 
| 468|0x000000077a800000, 0x000000077a800000, 0x000000077aa00000|  0%| F|  |TAMS 0x000000077a800000| PB 0x000000077a800000| Untracked 
| 469|0x000000077aa00000, 0x000000077aa00000, 0x000000077ac00000|  0%| F|  |TAMS 0x000000077aa00000| PB 0x000000077aa00000| Untracked 
| 470|0x000000077ac00000, 0x000000077ac00000, 0x000000077ae00000|  0%| F|  |TAMS 0x000000077ac00000| PB 0x000000077ac00000| Untracked 
| 471|0x000000077ae00000, 0x000000077ae00000, 0x000000077b000000|  0%| F|  |TAMS 0x000000077ae00000| PB 0x000000077ae00000| Untracked 
| 472|0x000000077b000000, 0x000000077b000000, 0x000000077b200000|  0%| F|  |TAMS 0x000000077b000000| PB 0x000000077b000000| Untracked 
| 473|0x000000077b200000, 0x000000077b200000, 0x000000077b400000|  0%| F|  |TAMS 0x000000077b200000| PB 0x000000077b200000| Untracked 
| 474|0x000000077b400000, 0x000000077b400000, 0x000000077b600000|  0%| F|  |TAMS 0x000000077b400000| PB 0x000000077b400000| Untracked 
| 475|0x000000077b600000, 0x000000077b600000, 0x000000077b800000|  0%| F|  |TAMS 0x000000077b600000| PB 0x000000077b600000| Untracked 
| 476|0x000000077b800000, 0x000000077b800000, 0x000000077ba00000|  0%| F|  |TAMS 0x000000077b800000| PB 0x000000077b800000| Untracked 
| 477|0x000000077ba00000, 0x000000077ba00000, 0x000000077bc00000|  0%| F|  |TAMS 0x000000077ba00000| PB 0x000000077ba00000| Untracked 
| 478|0x000000077bc00000, 0x000000077bc00000, 0x000000077be00000|  0%| F|  |TAMS 0x000000077bc00000| PB 0x000000077bc00000| Untracked 
| 479|0x000000077be00000, 0x000000077be00000, 0x000000077c000000|  0%| F|  |TAMS 0x000000077be00000| PB 0x000000077be00000| Untracked 
| 480|0x000000077c000000, 0x000000077c000000, 0x000000077c200000|  0%| F|  |TAMS 0x000000077c000000| PB 0x000000077c000000| Untracked 
| 481|0x000000077c200000, 0x000000077c200000, 0x000000077c400000|  0%| F|  |TAMS 0x000000077c200000| PB 0x000000077c200000| Untracked 
| 482|0x000000077c400000, 0x000000077c400000, 0x000000077c600000|  0%| F|  |TAMS 0x000000077c400000| PB 0x000000077c400000| Untracked 
| 483|0x000000077c600000, 0x000000077c600000, 0x000000077c800000|  0%| F|  |TAMS 0x000000077c600000| PB 0x000000077c600000| Untracked 
| 484|0x000000077c800000, 0x000000077c800000, 0x000000077ca00000|  0%| F|  |TAMS 0x000000077c800000| PB 0x000000077c800000| Untracked 
| 485|0x000000077ca00000, 0x000000077ca00000, 0x000000077cc00000|  0%| F|  |TAMS 0x000000077ca00000| PB 0x000000077ca00000| Untracked 
| 486|0x000000077cc00000, 0x000000077cc00000, 0x000000077ce00000|  0%| F|  |TAMS 0x000000077cc00000| PB 0x000000077cc00000| Untracked 
| 487|0x000000077ce00000, 0x000000077ce00000, 0x000000077d000000|  0%| F|  |TAMS 0x000000077ce00000| PB 0x000000077ce00000| Untracked 
| 488|0x000000077d000000, 0x000000077d000000, 0x000000077d200000|  0%| F|  |TAMS 0x000000077d000000| PB 0x000000077d000000| Untracked 
| 489|0x000000077d200000, 0x000000077d200000, 0x000000077d400000|  0%| F|  |TAMS 0x000000077d200000| PB 0x000000077d200000| Untracked 
| 490|0x000000077d400000, 0x000000077d400000, 0x000000077d600000|  0%| F|  |TAMS 0x000000077d400000| PB 0x000000077d400000| Untracked 
| 491|0x000000077d600000, 0x000000077d600000, 0x000000077d800000|  0%| F|  |TAMS 0x000000077d600000| PB 0x000000077d600000| Untracked 
| 492|0x000000077d800000, 0x000000077d800000, 0x000000077da00000|  0%| F|  |TAMS 0x000000077d800000| PB 0x000000077d800000| Untracked 
| 493|0x000000077da00000, 0x000000077da00000, 0x000000077dc00000|  0%| F|  |TAMS 0x000000077da00000| PB 0x000000077da00000| Untracked 
| 494|0x000000077dc00000, 0x000000077dc00000, 0x000000077de00000|  0%| F|  |TAMS 0x000000077dc00000| PB 0x000000077dc00000| Untracked 
| 495|0x000000077de00000, 0x000000077de00000, 0x000000077e000000|  0%| F|  |TAMS 0x000000077de00000| PB 0x000000077de00000| Untracked 
| 496|0x000000077e000000, 0x000000077e000000, 0x000000077e200000|  0%| F|  |TAMS 0x000000077e000000| PB 0x000000077e000000| Untracked 
| 497|0x000000077e200000, 0x000000077e200000, 0x000000077e400000|  0%| F|  |TAMS 0x000000077e200000| PB 0x000000077e200000| Untracked 
| 498|0x000000077e400000, 0x000000077e400000, 0x000000077e600000|  0%| F|  |TAMS 0x000000077e400000| PB 0x000000077e400000| Untracked 
| 499|0x000000077e600000, 0x000000077e600000, 0x000000077e800000|  0%| F|  |TAMS 0x000000077e600000| PB 0x000000077e600000| Untracked 
| 500|0x000000077e800000, 0x000000077e800000, 0x000000077ea00000|  0%| F|  |TAMS 0x000000077e800000| PB 0x000000077e800000| Untracked 
| 501|0x000000077ea00000, 0x000000077ea00000, 0x000000077ec00000|  0%| F|  |TAMS 0x000000077ea00000| PB 0x000000077ea00000| Untracked 
| 502|0x000000077ec00000, 0x000000077ec00000, 0x000000077ee00000|  0%| F|  |TAMS 0x000000077ec00000| PB 0x000000077ec00000| Untracked 
| 503|0x000000077ee00000, 0x000000077ee00000, 0x000000077f000000|  0%| F|  |TAMS 0x000000077ee00000| PB 0x000000077ee00000| Untracked 
| 504|0x000000077f000000, 0x000000077f000000, 0x000000077f200000|  0%| F|  |TAMS 0x000000077f000000| PB 0x000000077f000000| Untracked 
| 505|0x000000077f200000, 0x000000077f200000, 0x000000077f400000|  0%| F|  |TAMS 0x000000077f200000| PB 0x000000077f200000| Untracked 
| 506|0x000000077f400000, 0x000000077f400000, 0x000000077f600000|  0%| F|  |TAMS 0x000000077f400000| PB 0x000000077f400000| Untracked 
| 507|0x000000077f600000, 0x000000077f600000, 0x000000077f800000|  0%| F|  |TAMS 0x000000077f600000| PB 0x000000077f600000| Untracked 
| 508|0x000000077f800000, 0x000000077f800000, 0x000000077fa00000|  0%| F|  |TAMS 0x000000077f800000| PB 0x000000077f800000| Untracked 
| 509|0x000000077fa00000, 0x000000077fa00000, 0x000000077fc00000|  0%| F|  |TAMS 0x000000077fa00000| PB 0x000000077fa00000| Untracked 
| 510|0x000000077fc00000, 0x000000077fc00000, 0x000000077fe00000|  0%| F|  |TAMS 0x000000077fc00000| PB 0x000000077fc00000| Untracked 
| 511|0x000000077fe00000, 0x000000077fe00000, 0x0000000780000000|  0%| F|  |TAMS 0x000000077fe00000| PB 0x000000077fe00000| Untracked 
| 512|0x0000000780000000, 0x0000000780000000, 0x0000000780200000|  0%| F|  |TAMS 0x0000000780000000| PB 0x0000000780000000| Untracked 
| 513|0x0000000780200000, 0x0000000780200000, 0x0000000780400000|  0%| F|  |TAMS 0x0000000780200000| PB 0x0000000780200000| Untracked 
| 514|0x0000000780400000, 0x0000000780400000, 0x0000000780600000|  0%| F|  |TAMS 0x0000000780400000| PB 0x0000000780400000| Untracked 
| 515|0x0000000780600000, 0x0000000780600000, 0x0000000780800000|  0%| F|  |TAMS 0x0000000780600000| PB 0x0000000780600000| Untracked 
| 516|0x0000000780800000, 0x0000000780800000, 0x0000000780a00000|  0%| F|  |TAMS 0x0000000780800000| PB 0x0000000780800000| Untracked 
| 517|0x0000000780a00000, 0x0000000780a00000, 0x0000000780c00000|  0%| F|  |TAMS 0x0000000780a00000| PB 0x0000000780a00000| Untracked 
| 518|0x0000000780c00000, 0x0000000780c00000, 0x0000000780e00000|  0%| F|  |TAMS 0x0000000780c00000| PB 0x0000000780c00000| Untracked 
| 519|0x0000000780e00000, 0x0000000780e00000, 0x0000000781000000|  0%| F|  |TAMS 0x0000000780e00000| PB 0x0000000780e00000| Untracked 
| 520|0x0000000781000000, 0x0000000781000000, 0x0000000781200000|  0%| F|  |TAMS 0x0000000781000000| PB 0x0000000781000000| Untracked 
| 521|0x0000000781200000, 0x0000000781200000, 0x0000000781400000|  0%| F|  |TAMS 0x0000000781200000| PB 0x0000000781200000| Untracked 
| 522|0x0000000781400000, 0x0000000781400000, 0x0000000781600000|  0%| F|  |TAMS 0x0000000781400000| PB 0x0000000781400000| Untracked 
| 523|0x0000000781600000, 0x0000000781600000, 0x0000000781800000|  0%| F|  |TAMS 0x0000000781600000| PB 0x0000000781600000| Untracked 
| 524|0x0000000781800000, 0x0000000781800000, 0x0000000781a00000|  0%| F|  |TAMS 0x0000000781800000| PB 0x0000000781800000| Untracked 
| 525|0x0000000781a00000, 0x0000000781a00000, 0x0000000781c00000|  0%| F|  |TAMS 0x0000000781a00000| PB 0x0000000781a00000| Untracked 
| 526|0x0000000781c00000, 0x0000000781c00000, 0x0000000781e00000|  0%| F|  |TAMS 0x0000000781c00000| PB 0x0000000781c00000| Untracked 
| 527|0x0000000781e00000, 0x0000000781e00000, 0x0000000782000000|  0%| F|  |TAMS 0x0000000781e00000| PB 0x0000000781e00000| Untracked 
| 528|0x0000000782000000, 0x0000000782000000, 0x0000000782200000|  0%| F|  |TAMS 0x0000000782000000| PB 0x0000000782000000| Untracked 
| 529|0x0000000782200000, 0x0000000782200000, 0x0000000782400000|  0%| F|  |TAMS 0x0000000782200000| PB 0x0000000782200000| Untracked 
| 530|0x0000000782400000, 0x0000000782400000, 0x0000000782600000|  0%| F|  |TAMS 0x0000000782400000| PB 0x0000000782400000| Untracked 
| 531|0x0000000782600000, 0x0000000782600000, 0x0000000782800000|  0%| F|  |TAMS 0x0000000782600000| PB 0x0000000782600000| Untracked 
| 532|0x0000000782800000, 0x0000000782800000, 0x0000000782a00000|  0%| F|  |TAMS 0x0000000782800000| PB 0x0000000782800000| Untracked 
| 533|0x0000000782a00000, 0x0000000782a00000, 0x0000000782c00000|  0%| F|  |TAMS 0x0000000782a00000| PB 0x0000000782a00000| Untracked 
| 534|0x0000000782c00000, 0x0000000782c00000, 0x0000000782e00000|  0%| F|  |TAMS 0x0000000782c00000| PB 0x0000000782c00000| Untracked 
| 535|0x0000000782e00000, 0x0000000782e00000, 0x0000000783000000|  0%| F|  |TAMS 0x0000000782e00000| PB 0x0000000782e00000| Untracked 
| 536|0x0000000783000000, 0x0000000783000000, 0x0000000783200000|  0%| F|  |TAMS 0x0000000783000000| PB 0x0000000783000000| Untracked 
| 537|0x0000000783200000, 0x0000000783200000, 0x0000000783400000|  0%| F|  |TAMS 0x0000000783200000| PB 0x0000000783200000| Untracked 
| 538|0x0000000783400000, 0x0000000783400000, 0x0000000783600000|  0%| F|  |TAMS 0x0000000783400000| PB 0x0000000783400000| Untracked 
| 539|0x0000000783600000, 0x0000000783600000, 0x0000000783800000|  0%| F|  |TAMS 0x0000000783600000| PB 0x0000000783600000| Untracked 
| 540|0x0000000783800000, 0x0000000783800000, 0x0000000783a00000|  0%| F|  |TAMS 0x0000000783800000| PB 0x0000000783800000| Untracked 
| 541|0x0000000783a00000, 0x0000000783a00000, 0x0000000783c00000|  0%| F|  |TAMS 0x0000000783a00000| PB 0x0000000783a00000| Untracked 
| 542|0x0000000783c00000, 0x0000000783c00000, 0x0000000783e00000|  0%| F|  |TAMS 0x0000000783c00000| PB 0x0000000783c00000| Untracked 
| 543|0x0000000783e00000, 0x0000000783e00000, 0x0000000784000000|  0%| F|  |TAMS 0x0000000783e00000| PB 0x0000000783e00000| Untracked 
| 544|0x0000000784000000, 0x0000000784000000, 0x0000000784200000|  0%| F|  |TAMS 0x0000000784000000| PB 0x0000000784000000| Untracked 
| 545|0x0000000784200000, 0x0000000784200000, 0x0000000784400000|  0%| F|  |TAMS 0x0000000784200000| PB 0x0000000784200000| Untracked 
| 546|0x0000000784400000, 0x0000000784400000, 0x0000000784600000|  0%| F|  |TAMS 0x0000000784400000| PB 0x0000000784400000| Untracked 
| 547|0x0000000784600000, 0x0000000784600000, 0x0000000784800000|  0%| F|  |TAMS 0x0000000784600000| PB 0x0000000784600000| Untracked 
| 548|0x0000000784800000, 0x0000000784800000, 0x0000000784a00000|  0%| F|  |TAMS 0x0000000784800000| PB 0x0000000784800000| Untracked 
| 549|0x0000000784a00000, 0x0000000784a00000, 0x0000000784c00000|  0%| F|  |TAMS 0x0000000784a00000| PB 0x0000000784a00000| Untracked 
| 550|0x0000000784c00000, 0x0000000784c00000, 0x0000000784e00000|  0%| F|  |TAMS 0x0000000784c00000| PB 0x0000000784c00000| Untracked 
|1509|0x00000007fca00000, 0x00000007fcc00000, 0x00000007fcc00000|100%| O|  |TAMS 0x00000007fca00000| PB 0x00000007fca00000| Untracked 
|1526|0x00000007fec00000, 0x00000007fee00000, 0x00000007fee00000|100%| O|  |TAMS 0x00000007fec00000| PB 0x00000007fec00000| Untracked 
|1532|0x00000007ff800000, 0x00000007ffa00000, 0x00000007ffa00000|100%| O|  |TAMS 0x00000007ff800000| PB 0x00000007ff800000| Untracked 
|1533|0x00000007ffa00000, 0x00000007ffc00000, 0x00000007ffc00000|100%| O|  |TAMS 0x00000007ffa00000| PB 0x00000007ffa00000| Untracked 
|1534|0x00000007ffc00000, 0x00000007ffe00000, 0x00000007ffe00000|100%| O|  |TAMS 0x00000007ffc00000| PB 0x00000007ffc00000| Untracked 
|1535|0x00000007ffe00000, 0x0000000800000000, 0x0000000800000000|100%| O|  |TAMS 0x00000007ffe00000| PB 0x00000007ffe00000| Untracked 

Card table byte_map: [0x00000194b5770000,0x00000194b5d70000] _byte_map_base: 0x00000194b1d70000

Marking Bits: (CMBitMap*) 0x000001949daa5520
 Bits: [0x00000194b5d70000, 0x00000194b8d70000)

Polling page: 0x000001949b760000

Metaspace:

Usage:
  Non-class:     67.31 MB used.
      Class:     11.21 MB used.
       Both:     78.52 MB used.

Virtual space:
  Non-class space:      128.00 MB reserved,      68.38 MB ( 53%) committed,  2 nodes.
      Class space:        1.00 GB reserved,      12.25 MB (  1%) committed,  1 nodes.
             Both:        1.12 GB reserved,      80.62 MB (  7%) committed. 

Chunk freelists:
   Non-Class:  11.51 MB
       Class:  3.71 MB
        Both:  15.23 MB

MaxMetaspaceSize: unlimited
CompressedClassSpaceSize: 1.00 GB
Initial GC threshold: 21.00 MB
Current GC threshold: 134.38 MB
CDS: on
 - commit_granule_bytes: 65536.
 - commit_granule_words: 8192.
 - virtual_space_node_default_size: 8388608.
 - enlarge_chunks_in_place: 1.
 - use_allocation_guard: 0.


Internal statistics:

num_allocs_failed_limit: 9.
num_arena_births: 3826.
num_arena_deaths: 0.
num_vsnodes_births: 3.
num_vsnodes_deaths: 0.
num_space_committed: 1290.
num_space_uncommitted: 0.
num_chunks_returned_to_freelist: 9.
num_chunks_taken_from_freelist: 7421.
num_chunk_merges: 9.
num_chunk_splits: 4729.
num_chunks_enlarged: 2864.
num_inconsistent_stats: 0.

CodeHeap 'non-profiled nmethods': size=120064Kb used=7237Kb max_used=7237Kb free=112826Kb
 bounds [0x00000194adc30000, 0x00000194ae350000, 0x00000194b5170000]
CodeHeap 'profiled nmethods': size=120000Kb used=19132Kb max_used=19429Kb free=100867Kb
 bounds [0x00000194a6170000, 0x00000194a7470000, 0x00000194ad6a0000]
CodeHeap 'non-nmethods': size=5696Kb used=2682Kb max_used=2747Kb free=3013Kb
 bounds [0x00000194ad6a0000, 0x00000194ad970000, 0x00000194adc30000]
CodeCache: size=245760Kb, used=29051Kb, max_used=29413Kb, free=216706Kb
 total_blobs=11344, nmethods=10397, adapters=852, full_count=0
Compilation: enabled, stopped_count=0, restarted_count=0

Compilation events (20 events):
Event: 77.491 Thread 0x00000194baee9820 12410       4       java.util.Arrays$ArrayList::indexOf (62 bytes)
Event: 77.495 Thread 0x00000194baee9820 nmethod 12410 0x00000194adcc1990 code [0x00000194adcc1b40, 0x00000194adcc1e70]
Event: 77.495 Thread 0x00000194baee9820 12411       4       java.util.AbstractList::lastIndexOf (69 bytes)
Event: 77.500 Thread 0x00000194baee9820 nmethod 12411 0x00000194ae0cad10 code [0x00000194ae0caec0, 0x00000194ae0cb278]
Event: 77.500 Thread 0x00000194baee9820 12406       4       net.minecraftforge.srgutils.InternalUtils::compareLines (251 bytes)
Event: 77.579 Thread 0x00000194baee9820 nmethod 12406 0x00000194ae346510 code [0x00000194ae3468a0, 0x00000194ae349558]
Event: 77.579 Thread 0x00000194baee9820 12407       4       net.minecraftforge.srgutils.InternalUtils::compareCls (163 bytes)
Event: 77.582 Thread 0x00000194baee9820 nmethod 12407 0x00000194adf1e590 code [0x00000194adf1e740, 0x00000194adf1eb68]
Event: 77.582 Thread 0x00000194baee9820 12408       4       java.util.AbstractList$ListItr::hasPrevious (13 bytes)
Event: 77.582 Thread 0x00000194baee9820 nmethod 12408 0x00000194ade94c90 code [0x00000194ade94e20, 0x00000194ade94ed0]
Event: 77.582 Thread 0x00000194baee9820 12409   !   4       java.util.AbstractList$ListItr::previous (46 bytes)
Event: 77.583 Thread 0x00000194baee9820 nmethod 12409 0x00000194ae10c710 code [0x00000194ae10c8a0, 0x00000194ae10ca30]
Event: 77.583 Thread 0x00000194baee9820 12412       4       java.util.AbstractList::listIterator (15 bytes)
Event: 77.584 Thread 0x00000194baee9820 nmethod 12412 0x00000194ae0a0590 code [0x00000194ae0a0740, 0x00000194ae0a0908]
Event: 77.607 Thread 0x00000194baee9820 12413       4       java.util.TimSort::gallopLeft (335 bytes)
Event: 77.611 Thread 0x00000194baee9820 nmethod 12413 0x00000194adf1da90 code [0x00000194adf1dc40, 0x00000194adf1e1a8]
Event: 77.677 Thread 0x00000194baee9820 12414       4       java.util.TimSort::mergeAt (358 bytes)
Event: 77.680 Thread 0x00000194baee9820 nmethod 12414 0x00000194ae0cef10 code [0x00000194ae0cf100, 0x00000194ae0cf510]
Event: 77.714 Thread 0x00000194baee9820 12415       4       java.util.TimSort::mergeCollapse (134 bytes)
Event: 77.717 Thread 0x00000194baee9820 nmethod 12415 0x00000194ae0ce810 code [0x00000194ae0ce9c0, 0x00000194ae0cecd0]

GC Heap History (20 events):
Event: 36.113 GC heap after
{Heap after GC invocations=39 (full 0):
 garbage-first heap   total 710656K, used 338944K [0x0000000740000000, 0x0000000800000000)
  region size 2048K, 7 young (14336K), 7 survivors (14336K)
 Metaspace       used 73265K, committed 75392K, reserved 1114112K
  class space    used 10462K, committed 11456K, reserved 1048576K
}
Event: 38.282 GC heap before
{Heap before GC invocations=40 (full 0):
 garbage-first heap   total 710656K, used 547840K [0x0000000740000000, 0x0000000800000000)
  region size 2048K, 105 young (215040K), 7 survivors (14336K)
 Metaspace       used 73270K, committed 75392K, reserved 1114112K
  class space    used 10462K, committed 11456K, reserved 1048576K
}
Event: 38.308 GC heap after
{Heap after GC invocations=41 (full 0):
 garbage-first heap   total 710656K, used 342016K [0x0000000740000000, 0x0000000800000000)
  region size 2048K, 14 young (28672K), 14 survivors (28672K)
 Metaspace       used 73270K, committed 75392K, reserved 1114112K
  class space    used 10462K, committed 11456K, reserved 1048576K
}
Event: 38.855 GC heap before
{Heap before GC invocations=41 (full 0):
 garbage-first heap   total 710656K, used 561152K [0x0000000740000000, 0x0000000800000000)
  region size 2048K, 121 young (247808K), 14 survivors (28672K)
 Metaspace       used 73271K, committed 75392K, reserved 1114112K
  class space    used 10462K, committed 11456K, reserved 1048576K
}
Event: 39.007 GC heap after
{Heap after GC invocations=42 (full 0):
 garbage-first heap   total 710656K, used 351232K [0x0000000740000000, 0x0000000800000000)
  region size 2048K, 16 young (32768K), 16 survivors (32768K)
 Metaspace       used 73271K, committed 75392K, reserved 1114112K
  class space    used 10462K, committed 11456K, reserved 1048576K
}
Event: 39.759 GC heap before
{Heap before GC invocations=42 (full 0):
 garbage-first heap   total 710656K, used 547840K [0x0000000740000000, 0x0000000800000000)
  region size 2048K, 112 young (229376K), 16 survivors (32768K)
 Metaspace       used 73277K, committed 75392K, reserved 1114112K
  class space    used 10462K, committed 11456K, reserved 1048576K
}
Event: 39.868 GC heap after
{Heap after GC invocations=43 (full 0):
 garbage-first heap   total 1198080K, used 392192K [0x0000000740000000, 0x0000000800000000)
  region size 2048K, 14 young (28672K), 14 survivors (28672K)
 Metaspace       used 73277K, committed 75392K, reserved 1114112K
  class space    used 10462K, committed 11456K, reserved 1048576K
}
Event: 64.181 GC heap before
{Heap before GC invocations=43 (full 0):
 garbage-first heap   total 1198080K, used 809984K [0x0000000740000000, 0x0000000800000000)
  region size 2048K, 154 young (315392K), 14 survivors (28672K)
 Metaspace       used 75559K, committed 77760K, reserved 1179648K
  class space    used 10766K, committed 11840K, reserved 1048576K
}
Event: 64.281 GC heap after
{Heap after GC invocations=44 (full 0):
 garbage-first heap   total 1198080K, used 418816K [0x0000000740000000, 0x0000000800000000)
  region size 2048K, 12 young (24576K), 12 survivors (24576K)
 Metaspace       used 75559K, committed 77760K, reserved 1179648K
  class space    used 10766K, committed 11840K, reserved 1048576K
}
Event: 74.095 GC heap before
{Heap before GC invocations=44 (full 0):
 garbage-first heap   total 1198080K, used 750592K [0x0000000740000000, 0x0000000800000000)
  region size 2048K, 175 young (358400K), 12 survivors (24576K)
 Metaspace       used 80391K, committed 82560K, reserved 1179648K
  class space    used 11481K, committed 12544K, reserved 1048576K
}
Event: 74.342 GC heap after
{Heap after GC invocations=45 (full 0):
 garbage-first heap   total 1198080K, used 509952K [0x0000000740000000, 0x0000000800000000)
  region size 2048K, 22 young (45056K), 22 survivors (45056K)
 Metaspace       used 80391K, committed 82560K, reserved 1179648K
  class space    used 11481K, committed 12544K, reserved 1048576K
}
Event: 74.479 GC heap before
{Heap before GC invocations=45 (full 0):
 garbage-first heap   total 1198080K, used 600064K [0x0000000740000000, 0x0000000800000000)
  region size 2048K, 66 young (135168K), 22 survivors (45056K)
 Metaspace       used 80391K, committed 82560K, reserved 1179648K
  class space    used 11481K, committed 12544K, reserved 1048576K
}
Event: 74.657 GC heap after
{Heap after GC invocations=46 (full 0):
 garbage-first heap   total 1198080K, used 563200K [0x0000000740000000, 0x0000000800000000)
  region size 2048K, 9 young (18432K), 9 survivors (18432K)
 Metaspace       used 80391K, committed 82560K, reserved 1179648K
  class space    used 11481K, committed 12544K, reserved 1048576K
}
Event: 75.000 GC heap before
{Heap before GC invocations=46 (full 0):
 garbage-first heap   total 1198080K, used 724992K [0x0000000740000000, 0x0000000800000000)
  region size 2048K, 88 young (180224K), 9 survivors (18432K)
 Metaspace       used 80396K, committed 82560K, reserved 1179648K
  class space    used 11481K, committed 12544K, reserved 1048576K
}
Event: 75.098 GC heap after
{Heap after GC invocations=47 (full 0):
 garbage-first heap   total 1198080K, used 607232K [0x0000000740000000, 0x0000000800000000)
  region size 2048K, 11 young (22528K), 11 survivors (22528K)
 Metaspace       used 80396K, committed 82560K, reserved 1179648K
  class space    used 11481K, committed 12544K, reserved 1048576K
}
Event: 76.058 GC heap before
{Heap before GC invocations=47 (full 0):
 garbage-first heap   total 1198080K, used 752640K [0x0000000740000000, 0x0000000800000000)
  region size 2048K, 83 young (169984K), 11 survivors (22528K)
 Metaspace       used 80396K, committed 82560K, reserved 1179648K
  class space    used 11481K, committed 12544K, reserved 1048576K
}
Event: 76.130 GC heap after
{Heap after GC invocations=48 (full 0):
 garbage-first heap   total 1198080K, used 638976K [0x0000000740000000, 0x0000000800000000)
  region size 2048K, 15 young (30720K), 15 survivors (30720K)
 Metaspace       used 80396K, committed 82560K, reserved 1179648K
  class space    used 11481K, committed 12544K, reserved 1048576K
}
Event: 77.360 GC heap before
{Heap before GC invocations=49 (full 0):
 garbage-first heap   total 1140736K, used 612352K [0x0000000740000000, 0x0000000800000000)
  region size 2048K, 145 young (296960K), 15 survivors (30720K)
 Metaspace       used 80403K, committed 82560K, reserved 1179648K
  class space    used 11481K, committed 12544K, reserved 1048576K
}
Event: 77.489 GC heap after
{Heap after GC invocations=50 (full 0):
 garbage-first heap   total 1140736K, used 404480K [0x0000000740000000, 0x0000000800000000)
  region size 2048K, 19 young (38912K), 19 survivors (38912K)
 Metaspace       used 80403K, committed 82560K, reserved 1179648K
  class space    used 11481K, committed 12544K, reserved 1048576K
}
Event: 77.729 GC heap before
{Heap before GC invocations=50 (full 0):
 garbage-first heap   total 1140736K, used 674816K [0x0000000740000000, 0x0000000800000000)
  region size 2048K, 151 young (309248K), 19 survivors (38912K)
 Metaspace       used 80403K, committed 82560K, reserved 1179648K
  class space    used 11481K, committed 12544K, reserved 1048576K
}

Dll operation events (15 events):
Event: 0.011 Loaded shared library C:\Program Files\Eclipse Adoptium\jdk-21.0.9.10-hotspot\bin\java.dll
Event: 0.101 Loaded shared library C:\Program Files\Eclipse Adoptium\jdk-21.0.9.10-hotspot\bin\jsvml.dll
Event: 0.572 Loaded shared library C:\Program Files\Eclipse Adoptium\jdk-21.0.9.10-hotspot\bin\zip.dll
Event: 0.581 Loaded shared library C:\Program Files\Eclipse Adoptium\jdk-21.0.9.10-hotspot\bin\instrument.dll
Event: 0.753 Loaded shared library C:\Program Files\Eclipse Adoptium\jdk-21.0.9.10-hotspot\bin\net.dll
Event: 0.756 Loaded shared library C:\Program Files\Eclipse Adoptium\jdk-21.0.9.10-hotspot\bin\nio.dll
Event: 0.765 Loaded shared library C:\Program Files\Eclipse Adoptium\jdk-21.0.9.10-hotspot\bin\zip.dll
Event: 1.678 Loaded shared library C:\Program Files\Eclipse Adoptium\jdk-21.0.9.10-hotspot\bin\jimage.dll
Event: 1.890 Loaded shared library C:\Program Files\Eclipse Adoptium\jdk-21.0.9.10-hotspot\bin\verify.dll
Event: 2.186 Loaded shared library C:\Users\Seusyn\.gradle\native\c067742578af261105cb4f569cf0c3c89f3d7b1fecec35dd04571415982c5e48\windows-amd64\native-platform.dll
Event: 2.227 Loaded shared library C:\Users\Seusyn\.gradle\native\100fb08df4bc3b14c8652ba06237920a3bd2aa13389f12d3474272988ae205f9\windows-amd64\native-platform-file-events.dll
Event: 4.687 Loaded shared library C:\Program Files\Eclipse Adoptium\jdk-21.0.9.10-hotspot\bin\management.dll
Event: 4.694 Loaded shared library C:\Program Files\Eclipse Adoptium\jdk-21.0.9.10-hotspot\bin\management_ext.dll
Event: 5.082 Loaded shared library C:\Program Files\Eclipse Adoptium\jdk-21.0.9.10-hotspot\bin\extnet.dll
Event: 5.313 Loaded shared library C:\Program Files\Eclipse Adoptium\jdk-21.0.9.10-hotspot\bin\sunmscapi.dll

Deoptimization events (20 events):
Event: 76.921 Thread 0x00000194839b62a0 Uncommon trap: trap_request=0xffffff45 fr.pc=0x00000194ae119024 relative=0x0000000000000ae4
Event: 76.921 Thread 0x00000194839b62a0 Uncommon trap: reason=unstable_if action=reinterpret pc=0x00000194ae119024 method=net.minecraftforge.srgutils.InternalUtils.writeMeta(Lnet/minecraftforge/srgutils/IMappingFile$Format;Ljava/util/List;Lnet/minecraftforge/srgutils/InternalUtils$Element;Ljava
Event: 76.921 Thread 0x00000194839b62a0 DEOPT PACKING pc=0x00000194ae119024 sp=0x0000006544cfb1e0
Event: 76.921 Thread 0x00000194839b62a0 DEOPT UNPACKING pc=0x00000194ad6f439c sp=0x0000006544cfb1c8 mode 2
Event: 76.921 Thread 0x00000194839b62a0 Uncommon trap: trap_request=0xffffff45 fr.pc=0x00000194ae18a654 relative=0x0000000000000814
Event: 76.921 Thread 0x00000194839b62a0 Uncommon trap: reason=unstable_if action=reinterpret pc=0x00000194ae18a654 method=net.minecraftforge.srgutils.MappingFile$Cls$Method$Parameter.write(Lnet/minecraftforge/srgutils/IMappingFile$Format;Z)Ljava/lang/String; @ 41 c2
Event: 76.921 Thread 0x00000194839b62a0 DEOPT PACKING pc=0x00000194ae18a654 sp=0x0000006544cfb160
Event: 76.921 Thread 0x00000194839b62a0 DEOPT UNPACKING pc=0x00000194ad6f439c sp=0x0000006544cfb140 mode 2
Event: 76.921 Thread 0x00000194839b62a0 Uncommon trap: trap_request=0xffffff45 fr.pc=0x00000194ae18d1a4 relative=0x00000000000017e4
Event: 76.921 Thread 0x00000194839b62a0 Uncommon trap: reason=unstable_if action=reinterpret pc=0x00000194ae18d1a4 method=net.minecraftforge.srgutils.MappingFile$Cls$Field.write(Lnet/minecraftforge/srgutils/IMappingFile$Format;Z)Ljava/lang/String; @ 4 c2
Event: 76.921 Thread 0x00000194839b62a0 DEOPT PACKING pc=0x00000194ae18d1a4 sp=0x0000006544cfb260
Event: 76.921 Thread 0x00000194839b62a0 DEOPT UNPACKING pc=0x00000194ad6f439c sp=0x0000006544cfb218 mode 2
Event: 77.291 Thread 0x00000194839b62a0 Uncommon trap: trap_request=0xffffffad fr.pc=0x00000194ae19493c relative=0x0000000000001f1c
Event: 77.291 Thread 0x00000194839b62a0 Uncommon trap: reason=uninitialized action=reinterpret pc=0x00000194ae19493c method=net.minecraftforge.srgutils.MappingFile.write(Ljava/nio/file/Path;Lnet/minecraftforge/srgutils/IMappingFile$Format;Z)V @ 124 c2
Event: 77.291 Thread 0x00000194839b62a0 DEOPT PACKING pc=0x00000194ae19493c sp=0x0000006544cfb580
Event: 77.291 Thread 0x00000194839b62a0 DEOPT UNPACKING pc=0x00000194ad6f439c sp=0x0000006544cfb550 mode 2
Event: 77.291 Thread 0x00000194839b62a0 Uncommon trap: trap_request=0xffffff76 fr.pc=0x00000194ae1ec3a8 relative=0x0000000000000208
Event: 77.291 Thread 0x00000194839b62a0 Uncommon trap: reason=predicate action=maybe_recompile pc=0x00000194ae1ec3a8 method=java.util.LinkedHashMap.keysToArray([Ljava/lang/Object;Z)[Ljava/lang/Object; @ 53 c2
Event: 77.291 Thread 0x00000194839b62a0 DEOPT PACKING pc=0x00000194ae1ec3a8 sp=0x0000006544cfa330
Event: 77.291 Thread 0x00000194839b62a0 DEOPT UNPACKING pc=0x00000194ad6f439c sp=0x0000006544cfa2e0 mode 2

Classes loaded (20 events):
Event: 69.431 Loading class java/lang/NegativeArraySizeException
Event: 69.431 Loading class java/lang/NegativeArraySizeException done
Event: 69.527 Loading class java/security/PermissionsEnumerator
Event: 69.527 Loading class java/security/PermissionsEnumerator done
Event: 69.618 Loading class java/io/PrintWriterBeanInfo
Event: 69.618 Loading class java/io/PrintWriterBeanInfo done
Event: 69.619 Loading class java/io/PrintWriterBeanInfo
Event: 69.619 Loading class java/io/PrintWriterBeanInfo done
Event: 69.619 Loading class java/io/WriterBeanInfo
Event: 69.619 Loading class java/io/WriterBeanInfo done
Event: 69.623 Loading class java/io/WriterBeanInfo
Event: 69.623 Loading class java/io/WriterBeanInfo done
Event: 69.623 Loading class java/io/WriterCustomizer
Event: 69.623 Loading class java/io/WriterCustomizer done
Event: 69.623 Loading class java/io/WriterCustomizer
Event: 69.623 Loading class java/io/WriterCustomizer done
Event: 69.623 Loading class java/io/PrintWriterCustomizer
Event: 69.623 Loading class java/io/PrintWriterCustomizer done
Event: 69.624 Loading class java/io/PrintWriterCustomizer
Event: 69.624 Loading class java/io/PrintWriterCustomizer done

Classes unloaded (0 events):
No events

Classes redefined (0 events):
No events

Internal exceptions (20 events):
Event: 68.576 Thread 0x00000194839b62a0 Exception <a 'java/lang/ClassNotFoundException'{0x000000077db33430}: groovy/lang/GroovyShellBeanInfo> (0x000000077db33430) 
thrown [s\src\hotspot\share\classfile\systemDictionary.cpp, line 312]
Event: 68.576 Thread 0x00000194839b62a0 Exception <a 'java/lang/ClassNotFoundException'{0x000000077db3b688}: groovy/lang/GroovyShellCustomizer> (0x000000077db3b688) 
thrown [s\src\hotspot\share\classfile\systemDictionary.cpp, line 312]
Event: 69.179 Thread 0x00000194839b62a0 Exception <a 'java/lang/ClassNotFoundException'{0x000000077c715dd8}: org/apache/groovy/parser/antlr4/util/StringUtils$4BeanInfo> (0x000000077c715dd8) 
thrown [s\src\hotspot\share\classfile\systemDictionary.cpp, line 312]
Event: 69.180 Thread 0x00000194839b62a0 Exception <a 'java/lang/ClassNotFoundException'{0x000000077c721c80}: org/apache/groovy/parser/antlr4/util/StringUtils$4Customizer> (0x000000077c721c80) 
thrown [s\src\hotspot\share\classfile\systemDictionary.cpp, line 312]
Event: 69.185 Thread 0x00000194839b62a0 Exception <a 'java/lang/ClassNotFoundException'{0x000000077c74fec8}: org/apache/groovy/parser/antlr4/util/StringUtils$2BeanInfo> (0x000000077c74fec8) 
thrown [s\src\hotspot\share\classfile\systemDictionary.cpp, line 312]
Event: 69.185 Thread 0x00000194839b62a0 Exception <a 'java/lang/ClassNotFoundException'{0x000000077c75bd70}: org/apache/groovy/parser/antlr4/util/StringUtils$2Customizer> (0x000000077c75bd70) 
thrown [s\src\hotspot\share\classfile\systemDictionary.cpp, line 312]
Event: 69.189 Thread 0x00000194839b62a0 Exception <a 'java/lang/ClassNotFoundException'{0x000000077c789fb8}: org/apache/groovy/parser/antlr4/util/StringUtils$1BeanInfo> (0x000000077c789fb8) 
thrown [s\src\hotspot\share\classfile\systemDictionary.cpp, line 312]
Event: 69.189 Thread 0x00000194839b62a0 Exception <a 'java/lang/ClassNotFoundException'{0x000000077c795e60}: org/apache/groovy/parser/antlr4/util/StringUtils$1Customizer> (0x000000077c795e60) 
thrown [s\src\hotspot\share\classfile\systemDictionary.cpp, line 312]
Event: 69.191 Thread 0x00000194839b62a0 Exception <a 'java/lang/ClassNotFoundException'{0x000000077c7c40a8}: org/apache/groovy/parser/antlr4/util/StringUtils$3BeanInfo> (0x000000077c7c40a8) 
thrown [s\src\hotspot\share\classfile\systemDictionary.cpp, line 312]
Event: 69.192 Thread 0x00000194839b62a0 Exception <a 'java/lang/ClassNotFoundException'{0x000000077c7cff50}: org/apache/groovy/parser/antlr4/util/StringUtils$3Customizer> (0x000000077c7cff50) 
thrown [s\src\hotspot\share\classfile\systemDictionary.cpp, line 312]
Event: 69.219 Thread 0x00000194839b62a0 Exception <a 'java/lang/NoSuchMethodError'{0x000000077c467868}: 'void java.lang.invoke.DirectMethodHandle$Holder.invokeSpecialIFC(java.lang.Object, java.lang.Object, java.lang.Object)'> (0x000000077c467868) 
thrown [s\src\hotspot\share\interpreter\linkResolver.cpp, line 773]
Event: 69.240 Thread 0x00000194839b62a0 Exception <a 'java/lang/NoSuchMethodError'{0x000000077c4d9c80}: 'int java.lang.invoke.DirectMethodHandle$Holder.invokeSpecial(java.lang.Object, java.lang.Object, java.lang.Object, java.lang.Object, java.lang.Object)'> (0x000000077c4d9c80) 
thrown [s\src\hotspot\share\interpreter\linkResolver.cpp, line 773]
Event: 69.613 Thread 0x00000194839b62a0 Exception <a 'java/lang/ClassNotFoundException'{0x000000077bc22190}: SimpleTemplateScript1BeanInfo> (0x000000077bc22190) 
thrown [s\src\hotspot\share\classfile\systemDictionary.cpp, line 312]
Event: 69.613 Thread 0x00000194839b62a0 Exception <a 'java/lang/ClassNotFoundException'{0x000000077bc2cff0}: SimpleTemplateScript1Customizer> (0x000000077bc2cff0) 
thrown [s\src\hotspot\share\classfile\systemDictionary.cpp, line 312]
Event: 69.619 Thread 0x00000194839b62a0 Exception <a 'java/lang/ClassNotFoundException'{0x000000077bc55da8}: java/io/PrintWriterBeanInfo> (0x000000077bc55da8) 
thrown [s\src\hotspot\share\classfile\systemDictionary.cpp, line 312]
Event: 69.623 Thread 0x00000194839b62a0 Exception <a 'java/lang/ClassNotFoundException'{0x000000077bc5aed0}: java/io/WriterBeanInfo> (0x000000077bc5aed0) 
thrown [s\src\hotspot\share\classfile\systemDictionary.cpp, line 312]
Event: 69.623 Thread 0x00000194839b62a0 Exception <a 'java/lang/ClassNotFoundException'{0x000000077bc602c8}: java/io/WriterCustomizer> (0x000000077bc602c8) 
thrown [s\src\hotspot\share\classfile\systemDictionary.cpp, line 312]
Event: 69.624 Thread 0x00000194839b62a0 Exception <a 'java/lang/ClassNotFoundException'{0x000000077bc6e498}: java/io/PrintWriterCustomizer> (0x000000077bc6e498) 
thrown [s\src\hotspot\share\classfile\systemDictionary.cpp, line 312]
Event: 69.717 Thread 0x00000194839b62a0 Exception <a 'java/lang/ClassNotFoundException'{0x000000077bd4b880}: SimpleTemplateScript2BeanInfo> (0x000000077bd4b880) 
thrown [s\src\hotspot\share\classfile\systemDictionary.cpp, line 312]
Event: 69.718 Thread 0x00000194839b62a0 Exception <a 'java/lang/ClassNotFoundException'{0x000000077bd566e0}: SimpleTemplateScript2Customizer> (0x000000077bd566e0) 
thrown [s\src\hotspot\share\classfile\systemDictionary.cpp, line 312]

ZGC Phase Switch (0 events):
No events

VM Operations (20 events):
Event: 71.252 Executing VM operation: Cleanup done
Event: 72.260 Executing VM operation: Cleanup
Event: 72.260 Executing VM operation: Cleanup done
Event: 73.268 Executing VM operation: Cleanup
Event: 73.268 Executing VM operation: Cleanup done
Event: 74.095 Executing VM operation: G1CollectForAllocation (G1 Evacuation Pause)
Event: 74.342 Executing VM operation: G1CollectForAllocation (G1 Evacuation Pause) done
Event: 74.479 Executing VM operation: G1CollectForAllocation (G1 Evacuation Pause)
Event: 74.657 Executing VM operation: G1CollectForAllocation (G1 Evacuation Pause) done
Event: 75.000 Executing VM operation: G1CollectForAllocation (G1 Evacuation Pause)
Event: 75.098 Executing VM operation: G1CollectForAllocation (G1 Evacuation Pause) done
Event: 76.058 Executing VM operation: G1TryInitiateConcMark (G1 Humongous Allocation)
Event: 76.130 Executing VM operation: G1TryInitiateConcMark (G1 Humongous Allocation) done
Event: 76.559 Executing VM operation: G1PauseRemark
Event: 76.632 Executing VM operation: G1PauseRemark done
Event: 76.807 Executing VM operation: G1PauseCleanup
Event: 76.816 Executing VM operation: G1PauseCleanup done
Event: 77.360 Executing VM operation: G1CollectForAllocation (G1 Evacuation Pause)
Event: 77.489 Executing VM operation: G1CollectForAllocation (G1 Evacuation Pause) done
Event: 77.729 Executing VM operation: G1CollectForAllocation (G1 Evacuation Pause)

Memory protections (0 events):
No events

Nmethod flushes (20 events):
Event: 76.630 Thread 0x00000194baec5bc0 flushing  nmethod 0x00000194a69bef90
Event: 76.630 Thread 0x00000194baec5bc0 flushing  nmethod 0x00000194a69e5f90
Event: 76.630 Thread 0x00000194baec5bc0 flushing  nmethod 0x00000194a6a53710
Event: 76.630 Thread 0x00000194baec5bc0 flushing osr nmethod 0x00000194a6aae910
Event: 76.630 Thread 0x00000194baec5bc0 flushing  nmethod 0x00000194a6af4310
Event: 76.630 Thread 0x00000194baec5bc0 flushing  nmethod 0x00000194a6b30890
Event: 76.630 Thread 0x00000194baec5bc0 flushing  nmethod 0x00000194a6b3da90
Event: 76.630 Thread 0x00000194baec5bc0 flushing  nmethod 0x00000194a6bddc10
Event: 76.630 Thread 0x00000194baec5bc0 flushing  nmethod 0x00000194a6c89e10
Event: 76.630 Thread 0x00000194baec5bc0 flushing  nmethod 0x00000194a6c8a210
Event: 76.630 Thread 0x00000194baec5bc0 flushing  nmethod 0x00000194a6d05310
Event: 76.630 Thread 0x00000194baec5bc0 flushing  nmethod 0x00000194a6ddd190
Event: 76.630 Thread 0x00000194baec5bc0 flushing osr nmethod 0x00000194a6ed7610
Event: 76.630 Thread 0x00000194baec5bc0 flushing osr nmethod 0x00000194a6fea410
Event: 76.631 Thread 0x00000194baec5bc0 flushing  nmethod 0x00000194a7042b10
Event: 76.631 Thread 0x00000194baec5bc0 flushing  nmethod 0x00000194a70d1990
Event: 76.631 Thread 0x00000194baec5bc0 flushing  nmethod 0x00000194a7131d90
Event: 76.631 Thread 0x00000194baec5bc0 flushing  nmethod 0x00000194a7132210
Event: 76.631 Thread 0x00000194baec5bc0 flushing  nmethod 0x00000194a7139e10
Event: 76.631 Thread 0x00000194baec5bc0 flushing  nmethod 0x00000194a713a910

Events (20 events):
Event: 29.129 Thread 0x00000194839b62a0 Thread added: 0x00000194839b41d0
Event: 34.013 Thread 0x00000194840df220 Thread exited: 0x00000194840df220
Event: 44.878 Thread 0x00000194839b62a0 Thread added: 0x00000194839af310
Event: 48.059 Thread 0x00000194839b62a0 Thread added: 0x00000194839b2100
Event: 48.343 Thread 0x00000194839b62a0 Thread added: 0x00000194839b13e0
Event: 48.417 Thread 0x00000194839b1a70 Thread added: 0x00000194839b5580
Event: 48.418 Thread 0x00000194839b1a70 Thread added: 0x00000194839af9a0
Event: 48.418 Thread 0x00000194839b5580 Thread exited: 0x00000194839b5580
Event: 49.227 Thread 0x00000194839b13e0 Thread added: 0x00000194839b5580
Event: 49.228 Thread 0x00000194839b13e0 Thread added: 0x00000194839b5c10
Event: 49.229 Thread 0x00000194839b62a0 Thread added: 0x00000194839b6930
Event: 49.263 Thread 0x00000194839b62a0 Thread added: 0x00000194839b0030
Event: 49.264 Thread 0x00000194839b62a0 Thread added: 0x000001948292d3b0
Event: 64.778 Thread 0x00000194839b62a0 Thread added: 0x000001948292b2e0
Event: 65.207 Thread 0x00000194839b5580 Thread exited: 0x00000194839b5580
Event: 65.207 Thread 0x00000194839b5c10 Thread exited: 0x00000194839b5c10
Event: 65.207 Thread 0x00000194839b0030 Thread exited: 0x00000194839b0030
Event: 65.207 Thread 0x000001948292d3b0 Thread exited: 0x000001948292d3b0
Event: 65.208 Thread 0x00000194839b6930 Thread exited: 0x00000194839b6930
Event: 65.210 Thread 0x00000194839b13e0 Thread exited: 0x00000194839b13e0


Dynamic libraries:
0x00007ff61fad0000 - 0x00007ff61fade000 	C:\Program Files\Eclipse Adoptium\jdk-21.0.9.10-hotspot\bin\java.exe
0x00007ffb861d0000 - 0x00007ffb863c8000 	C:\Windows\SYSTEM32\ntdll.dll
0x00007ffb84f30000 - 0x00007ffb84ff2000 	C:\Windows\System32\KERNEL32.DLL
0x00007ffb83860000 - 0x00007ffb83b56000 	C:\Windows\System32\KERNELBASE.dll
0x00007ffb83e60000 - 0x00007ffb83f60000 	C:\Windows\System32\ucrtbase.dll
0x00007ffb63800000 - 0x00007ffb63818000 	C:\Program Files\Eclipse Adoptium\jdk-21.0.9.10-hotspot\bin\jli.dll
0x00007ffb85e90000 - 0x00007ffb86031000 	C:\Windows\System32\USER32.dll
0x00007ffb5b410000 - 0x00007ffb5b42e000 	C:\Program Files\Eclipse Adoptium\jdk-21.0.9.10-hotspot\bin\VCRUNTIME140.dll
0x00007ffb84090000 - 0x00007ffb840b2000 	C:\Windows\System32\win32u.dll
0x00007ffb86160000 - 0x00007ffb8618b000 	C:\Windows\System32\GDI32.dll
0x00007ffb83cc0000 - 0x00007ffb83dd9000 	C:\Windows\System32\gdi32full.dll
0x00007ffb840c0000 - 0x00007ffb8415d000 	C:\Windows\System32\msvcp_win.dll
0x00007ffb5db30000 - 0x00007ffb5ddcb000 	C:\Windows\WinSxS\amd64_microsoft.windows.common-controls_6595b64144ccf1df_6.0.19041.6456_none_60b8a6cb71f64256\COMCTL32.dll
0x00007ffb846b0000 - 0x00007ffb8474e000 	C:\Windows\System32\msvcrt.dll
0x00007ffb84490000 - 0x00007ffb844bf000 	C:\Windows\System32\IMM32.DLL
0x00007ffb80260000 - 0x00007ffb8026c000 	C:\Program Files\Eclipse Adoptium\jdk-21.0.9.10-hotspot\bin\vcruntime140_1.dll
0x00007ffb55a30000 - 0x00007ffb55abd000 	C:\Program Files\Eclipse Adoptium\jdk-21.0.9.10-hotspot\bin\msvcp140.dll
0x00007ffb49e10000 - 0x00007ffb4abb0000 	C:\Program Files\Eclipse Adoptium\jdk-21.0.9.10-hotspot\bin\server\jvm.dll
0x00007ffb845e0000 - 0x00007ffb84691000 	C:\Windows\System32\ADVAPI32.dll
0x00007ffb86040000 - 0x00007ffb860df000 	C:\Windows\System32\sechost.dll
0x00007ffb84c60000 - 0x00007ffb84d80000 	C:\Windows\System32\RPCRT4.dll
0x00007ffb83de0000 - 0x00007ffb83e07000 	C:\Windows\System32\bcrypt.dll
0x00007ffb84750000 - 0x00007ffb847bb000 	C:\Windows\System32\WS2_32.dll
0x00007ffb836c0000 - 0x00007ffb8370b000 	C:\Windows\SYSTEM32\POWRPROF.dll
0x00007ffb74780000 - 0x00007ffb747a7000 	C:\Windows\SYSTEM32\WINMM.dll
0x00007ffb7ed50000 - 0x00007ffb7ed5a000 	C:\Windows\SYSTEM32\VERSION.dll
0x00007ffb836a0000 - 0x00007ffb836b2000 	C:\Windows\SYSTEM32\UMPDC.dll
0x00007ffb816f0000 - 0x00007ffb81702000 	C:\Windows\SYSTEM32\kernel.appcore.dll
0x00007ffb7f060000 - 0x00007ffb7f06a000 	C:\Program Files\Eclipse Adoptium\jdk-21.0.9.10-hotspot\bin\jimage.dll
0x00007ffb669a0000 - 0x00007ffb66ba1000 	C:\Windows\SYSTEM32\DBGHELP.DLL
0x00007ffb67460000 - 0x00007ffb67494000 	C:\Windows\SYSTEM32\dbgcore.DLL
0x00007ffb84160000 - 0x00007ffb841e2000 	C:\Windows\System32\bcryptPrimitives.dll
0x00007ffb68cb0000 - 0x00007ffb68cbf000 	C:\Program Files\Eclipse Adoptium\jdk-21.0.9.10-hotspot\bin\instrument.dll
0x00007ffb59d50000 - 0x00007ffb59d70000 	C:\Program Files\Eclipse Adoptium\jdk-21.0.9.10-hotspot\bin\java.dll
0x00007ffb85000000 - 0x00007ffb85770000 	C:\Windows\System32\SHELL32.dll
0x00007ffb818f0000 - 0x00007ffb82095000 	C:\Windows\SYSTEM32\windows.storage.dll
0x00007ffb848f0000 - 0x00007ffb84c44000 	C:\Windows\System32\combase.dll
0x00007ffb831b0000 - 0x00007ffb831db000 	C:\Windows\SYSTEM32\Wldp.dll
0x00007ffb84340000 - 0x00007ffb8440d000 	C:\Windows\System32\OLEAUT32.dll
0x00007ffb85770000 - 0x00007ffb8581d000 	C:\Windows\System32\SHCORE.dll
0x00007ffb842e0000 - 0x00007ffb8433b000 	C:\Windows\System32\shlwapi.dll
0x00007ffb83790000 - 0x00007ffb837b4000 	C:\Windows\SYSTEM32\profapi.dll
0x00007ffb50cd0000 - 0x00007ffb50da7000 	C:\Program Files\Eclipse Adoptium\jdk-21.0.9.10-hotspot\bin\jsvml.dll
0x00007ffb5ab20000 - 0x00007ffb5ab38000 	C:\Program Files\Eclipse Adoptium\jdk-21.0.9.10-hotspot\bin\zip.dll
0x00007ffb68b50000 - 0x00007ffb68b60000 	C:\Program Files\Eclipse Adoptium\jdk-21.0.9.10-hotspot\bin\net.dll
0x00007ffb76740000 - 0x00007ffb7684a000 	C:\Windows\SYSTEM32\WINHTTP.dll
0x00007ffb82f10000 - 0x00007ffb82f7a000 	C:\Windows\system32\mswsock.dll
0x00007ffb5a7d0000 - 0x00007ffb5a7e6000 	C:\Program Files\Eclipse Adoptium\jdk-21.0.9.10-hotspot\bin\nio.dll
0x00007ffb68bd0000 - 0x00007ffb68be0000 	C:\Program Files\Eclipse Adoptium\jdk-21.0.9.10-hotspot\bin\verify.dll
0x00007ffb68b60000 - 0x00007ffb68b87000 	C:\Users\Seusyn\.gradle\native\c067742578af261105cb4f569cf0c3c89f3d7b1fecec35dd04571415982c5e48\windows-amd64\native-platform.dll
0x00007ffb4e7b0000 - 0x00007ffb4e8f4000 	C:\Users\Seusyn\.gradle\native\100fb08df4bc3b14c8652ba06237920a3bd2aa13389f12d3474272988ae205f9\windows-amd64\native-platform-file-events.dll
0x00007ffb68c00000 - 0x00007ffb68c0a000 	C:\Program Files\Eclipse Adoptium\jdk-21.0.9.10-hotspot\bin\management.dll
0x00007ffb68bf0000 - 0x00007ffb68bfc000 	C:\Program Files\Eclipse Adoptium\jdk-21.0.9.10-hotspot\bin\management_ext.dll
0x00007ffb846a0000 - 0x00007ffb846a8000 	C:\Windows\System32\PSAPI.DLL
0x00007ffb83100000 - 0x00007ffb83118000 	C:\Windows\SYSTEM32\CRYPTSP.dll
0x00007ffb82830000 - 0x00007ffb82868000 	C:\Windows\system32\rsaenh.dll
0x00007ffb83710000 - 0x00007ffb8373e000 	C:\Windows\SYSTEM32\USERENV.dll
0x00007ffb83120000 - 0x00007ffb8312c000 	C:\Windows\SYSTEM32\CRYPTBASE.dll
0x00007ffb82bf0000 - 0x00007ffb82c2b000 	C:\Windows\SYSTEM32\IPHLPAPI.DLL
0x00007ffb85960000 - 0x00007ffb85968000 	C:\Windows\System32\NSI.dll
0x00007ffb68be0000 - 0x00007ffb68be9000 	C:\Program Files\Eclipse Adoptium\jdk-21.0.9.10-hotspot\bin\extnet.dll
0x00007ffb68bc0000 - 0x00007ffb68bce000 	C:\Program Files\Eclipse Adoptium\jdk-21.0.9.10-hotspot\bin\sunmscapi.dll
0x00007ffb83b60000 - 0x00007ffb83cbd000 	C:\Windows\System32\CRYPT32.dll
0x00007ffb83220000 - 0x00007ffb83247000 	C:\Windows\SYSTEM32\ncrypt.dll
0x00007ffb831e0000 - 0x00007ffb8321b000 	C:\Windows\SYSTEM32\NTASN1.dll
0x00007ffb2b610000 - 0x00007ffb2b617000 	C:\Windows\system32\wshunix.dll
0x00007ffb82c30000 - 0x00007ffb82cfa000 	C:\Windows\SYSTEM32\DNSAPI.dll
0x00007ffb762d0000 - 0x00007ffb762da000 	C:\Windows\System32\rasadhlp.dll
0x00007ffb765f0000 - 0x00007ffb76670000 	C:\Windows\System32\fwpuclnt.dll
0x00007ffb80e50000 - 0x00007ffb80ee4000 	C:\Windows\system32\apphelp.dll

JVMTI agents:
C:\Users\Seusyn\.gradle\wrapper\dists\gradle-8.8-bin\dl7vupf4psengwqhwktix4v1\gradle-8.8\lib\agents\gradle-instrumentation-agent-8.8.jar path:C:\Program Files\Eclipse Adoptium\jdk-21.0.9.10-hotspot\bin\instrument.dll, loaded, initialized, instrumentlib options:none

dbghelp: loaded successfully - version: 4.0.5 - missing functions: none
symbol engine: initialized successfully - sym options: 0x614 - pdb path: .;C:\Program Files\Eclipse Adoptium\jdk-21.0.9.10-hotspot\bin;C:\Windows\SYSTEM32;C:\Windows\WinSxS\amd64_microsoft.windows.common-controls_6595b64144ccf1df_6.0.19041.6456_none_60b8a6cb71f64256;C:\Program Files\Eclipse Adoptium\jdk-21.0.9.10-hotspot\bin\server;C:\Users\Seusyn\.gradle\native\c067742578af261105cb4f569cf0c3c89f3d7b1fecec35dd04571415982c5e48\windows-amd64;C:\Users\Seusyn\.gradle\native\100fb08df4bc3b14c8652ba06237920a3bd2aa13389f12d3474272988ae205f9\windows-amd64

VM Arguments:
jvm_args: --add-opens=java.base/java.util=ALL-UNNAMED --add-opens=java.base/java.lang=ALL-UNNAMED --add-opens=java.base/java.lang.invoke=ALL-UNNAMED --add-opens=java.prefs/java.util.prefs=ALL-UNNAMED --add-opens=java.base/java.nio.charset=ALL-UNNAMED --add-opens=java.base/java.net=ALL-UNNAMED --add-opens=java.base/java.util.concurrent.atomic=ALL-UNNAMED -Xmx3G -Dfile.encoding=UTF-8 -Duser.country=FR -Duser.language=fr -Duser.variant -javaagent:C:\Users\Seusyn\.gradle\wrapper\dists\gradle-8.8-bin\dl7vupf4psengwqhwktix4v1\gradle-8.8\lib\agents\gradle-instrumentation-agent-8.8.jar 
java_command: org.gradle.launcher.daemon.bootstrap.GradleDaemon 8.8
java_class_path (initial): C:\Users\Seusyn\.gradle\wrapper\dists\gradle-8.8-bin\dl7vupf4psengwqhwktix4v1\gradle-8.8\lib\gradle-launcher-8.8.jar
Launcher Type: SUN_STANDARD

[Global flags]
     intx CICompilerCount                          = 2                                         {product} {ergonomic}
     uint ConcGCThreads                            = 1                                         {product} {ergonomic}
     uint G1ConcRefinementThreads                  = 2                                         {product} {ergonomic}
   size_t G1HeapRegionSize                         = 2097152                                   {product} {ergonomic}
    uintx GCDrainStackTargetSize                   = 64                                        {product} {ergonomic}
   size_t InitialHeapSize                          = 266338304                                 {product} {ergonomic}
   size_t MarkStackSize                            = 4194304                                   {product} {ergonomic}
   size_t MaxHeapSize                              = 3221225472                                {product} {command line}
   size_t MaxNewSize                               = 1931476992                                {product} {ergonomic}
   size_t MinHeapDeltaBytes                        = 2097152                                   {product} {ergonomic}
   size_t MinHeapSize                              = 8388608                                   {product} {ergonomic}
    uintx NonNMethodCodeHeapSize                   = 5826188                                {pd product} {ergonomic}
    uintx NonProfiledCodeHeapSize                  = 122916026                              {pd product} {ergonomic}
    uintx ProfiledCodeHeapSize                     = 122916026                              {pd product} {ergonomic}
    uintx ReservedCodeCacheSize                    = 251658240                              {pd product} {ergonomic}
     bool SegmentedCodeCache                       = true                                      {product} {ergonomic}
   size_t SoftMaxHeapSize                          = 3221225472                             {manageable} {ergonomic}
     bool UseCompressedOops                        = true                           {product lp64_product} {ergonomic}
     bool UseG1GC                                  = true                                      {product} {ergonomic}
     bool UseLargePagesIndividualAllocation        = false                                  {pd product} {ergonomic}

Logging:
Log output configuration:
 #0: stdout all=warning uptime,level,tags foldmultilines=false
 #1: stderr all=off uptime,level,tags foldmultilines=false

Release file:
IMPLEMENTOR="Eclipse Adoptium" 
IMPLEMENTOR_VERSION="Temurin-21.0.9+10" 
JAVA_RUNTIME_VERSION="21.0.9+10-LTS" 
JAVA_VERSION="21.0.9" 
JAVA_VERSION_DATE="2025-10-21" 
LIBC="default" 
MODULES="java.base java.compiler java.datatransfer java.xml java.prefs java.desktop java.instrument java.logging java.management java.security.sasl java.naming java.rmi java.management.rmi java.net.http java.scripting java.security.jgss java.transaction.xa java.sql java.sql.rowset java.xml.crypto java.se java.smartcardio jdk.accessibility jdk.internal.jvmstat jdk.attach jdk.charsets jdk.internal.opt jdk.zipfs jdk.compiler jdk.crypto.ec jdk.crypto.cryptoki jdk.crypto.mscapi jdk.dynalink jdk.internal.ed jdk.editpad jdk.hotspot.agent jdk.httpserver jdk.incubator.vector jdk.internal.le jdk.internal.vm.ci jdk.internal.vm.compiler jdk.internal.vm.compiler.management jdk.jartool jdk.javadoc jdk.jcmd jdk.management jdk.management.agent jdk.jconsole jdk.jdeps jdk.jdwp.agent jdk.jdi jdk.jfr jdk.jlink jdk.jpackage jdk.jshell jdk.jsobject jdk.jstatd jdk.localedata jdk.management.jfr jdk.naming.dns jdk.naming.rmi jdk.net jdk.nio.mapmode jdk.random jdk.sctp jdk.security.auth jdk.security.jgss jdk.unsupported jdk.unsupported.desktop jdk.xml.dom" 
OS_ARCH="x86_64" 
OS_NAME="Windows" 
SOURCE=".:git:759062135b07" 
BUILD_SOURCE="git:839fa0b45d809157cffd3dc8515aad262a4a1776"
BUILD_SOURCE_REPO="https://github.com/adoptium/temurin-build.git"
SOURCE_REPO="https://github.com/adoptium/jdk21u.git"
FULL_VERSION="21.0.9+10-LTS"
SEMANTIC_VERSION="21.0.9+10"
BUILD_INFO="OS: Windows Server 2022 Version: 10.0"
JVM_VARIANT="Hotspot"
JVM_VERSION="21.0.9+10-LTS"
IMAGE_TYPE="JDK"

Environment Variables:
JAVA_HOME=C:\Program Files\Eclipse Adoptium\jdk-21.0.9.10-hotspot\
PATH=C:\Program Files\Eclipse Adoptium\jdk-21.0.9.10-hotspot\bin;C:\Program Files (x86)\Common Files\Oracle\Java\java8path;C:\Program Files (x86)\Common Files\Oracle\Java\javapath;C:\WINDOWS\system32;C:\WINDOWS;C:\WINDOWS\System32\Wbem;C:\WINDOWS\System32\WindowsPowerShell\v1.0\;C:\Program Files (x86)\NVIDIA Corporation\PhysX\Common;C:\Program Files\dotnet\;C:\Program Files\Git\cmd;C:\Ruby34-x64\bin;C:\Users\Seusyn\AppData\Local\Microsoft\WindowsApps;C:\Users\Seusyn\AppData\Local\Programs\Microsoft VS Code\bin;C:\Users\Seusyn\AppData\Local\GitHubDesktop\bin
USERNAME=Seusyn
OS=Windows_NT
PROCESSOR_IDENTIFIER=Intel64 Family 6 Model 158 Stepping 11, GenuineIntel
TMP=C:\Users\Seusyn\AppData\Local\Temp
TEMP=C:\Users\Seusyn\AppData\Local\Temp




Periodic native trim disabled

---------------  S Y S T E M  ---------------

OS:
 Windows 10 , 64 bit Build 19041 (10.0.19041.5915)
OS uptime: 3 days 17:52 hours

CPU: total 2 (initial active 2) (2 cores per cpu, 1 threads per core) family 6 model 158 stepping 11 microcode 0xb4, cx8, cmov, fxsr, mmx, 3dnowpref, sse, sse2, sse3, ssse3, sse4.1, sse4.2, popcnt, lzcnt, tsc, tscinvbit, aes, erms, clmul, clflush, clflushopt, rdtscp
Processor Information for the first 2 processors :
  Max Mhz: 3096, Current Mhz: 3096, Mhz Limit: 3096

Memory: 4k page, system-wide physical 16251M (570M free)
TotalPageFile size 31188M (AvailPageFile size 570M)
current process WorkingSet (physical memory assigned to process): 994M, peak: 1074M
current process commit charge ("private bytes"): 1424M, peak: 2086M

vm_info: OpenJDK 64-Bit Server VM (21.0.9+10-LTS) for windows-amd64 JRE (21.0.9+10-LTS), built on 2025-10-21T00:00:00Z by "admin" with unknown MS VC++:1942

END.
